{
  "method": "per-word matched aggregation, mid word-freq deciles 4-7",
  "sizes": [
    "160m",
    "410m",
    "1b",
    "1.4b",
    "2.8b",
    "6.9b",
    "12b"
  ],
  "n_N": 7,
  "alpha_init": 0.5613516896120151,
  "alpha_cont": 0.9757196495619525,
  "E_init": 2.459765372177999,
  "E_cont": 0.7921146277111476,
  "A_init": 121905.54549352231,
  "A_cont": 126420340.77535574,
  "diff": -0.41436795994993736,
  "CI95": [
    -0.6416020025031289,
    -0.218322903629537
  ],
  "P_nonneg": 0.0,
  "held_out": {
    "train_sizes": [
      "160m",
      "410m",
      "1b",
      "1.4b"
    ],
    "test_sizes": [
      "2.8b",
      "6.9b",
      "12b"
    ],
    "M_perclass_train": {
      "alpha_init": 0.9734918648310389,
      "alpha_cont": 1.3945431789737173,
      "diff": -0.4210513141426784
    },
    "M_shared_train": {
      "alpha": 1.0559198998748436
    },
    "M_perclass_test_RMSE": 0.2988179394298972,
    "M_shared_test_RMSE": 0.32040154768893025,
    "improvement": 0.02158360825903305
  },
  "wikitext": {
    "sizes": [
      "70m",
      "160m",
      "410m",
      "1b",
      "1.4b"
    ],
    "alpha_init": 1.0358698372966209,
    "alpha_cont": 1.4881101376720902,
    "diff": -0.45224030037546936
  }
}