{
  "1b": {
    "n_D": 14,
    "alpha_D_init": 0.5702628285356697,
    "alpha_D_cont": 0.7729912390488111,
    "E_init": 3.4856873830942416,
    "E_cont": 1.0489617943857428,
    "diff": -0.2027284105131414,
    "CI95": [
      -0.2762453066332916,
      -0.12252816020025037
    ],
    "CI_bonf": [
      -0.2929676157697122,
      -0.1091336045056314
    ]
  },
  "1.4b": {
    "n_D": 14,
    "alpha_D_init": 0.536846057571965,
    "alpha_D_cont": 0.7819023779724656,
    "E_init": 3.1840630300240687,
    "E_cont": 0.9616902602362306,
    "diff": -0.24505632040050063,
    "CI95": [
      -0.3007509386733417,
      -0.18707822277847336
    ],
    "CI_bonf": [
      -0.3141176470588236,
      -0.1748671777221524
    ]
  },
  "6.9b": {
    "n_D": 13,
    "alpha_D_init": 0.568035043804756,
    "alpha_D_cont": 0.9333917396745933,
    "E_init": 2.6777651814447956,
    "E_cont": 0.8543799322317518,
    "diff": -0.3653566958698373,
    "CI95": [
      -0.472346057571965,
      -0.2606508135168961
    ],
    "CI_bonf": [
      -0.4990237797246559,
      -0.23614518147684604
    ]
  },
  "12b": {
    "n_D": 14,
    "alpha_D_init": 0.5078848560700876,
    "alpha_D_cont": 0.9556695869837297,
    "E_init": 2.357593383620104,
    "E_cont": 0.8239198813575028,
    "diff": -0.4477847309136421,
    "CI95": [
      -0.5703128911138924,
      -0.33193992490613267
    ],
    "CI_bonf": [
      -0.5981741239048812,
      -0.30407869211514366
    ]
  }
}