{
  "fit_perclass": {
    "init": {
      "alpha_N": 0.7106329113924051,
      "alpha_D": 0.5850632911392406,
      "E": 2.776302396993258,
      "A": 1492092.7441052261,
      "B": 1103303.6420486304,
      "sse": 0.8929993026299531
    },
    "cont": {
      "alpha_N": 0.679240506329114,
      "alpha_D": 0.8362025316455697,
      "E": 0.8214706634089952,
      "A": 271122.44534131116,
      "B": 147746910.5280616,
      "sse": 0.262787674233973
    }
  },
  "fit_shared": {
    "alpha_N": 0.679240506329114,
    "alpha_D": 0.6478481012658228,
    "sse": 1.3948277542787162,
    "params_per_class": {
      "init": [
        2.8719476381241638,
        784780.7914659791,
        4202558.1255549695
      ],
      "cont": [
        0.6840017723734859,
        294917.30646224855,
        2601586.2582796966
      ]
    }
  },
  "train_cells": [
    [
      "410m",
      143000
    ],
    [
      "1b",
      1000
    ],
    [
      "1b",
      2000
    ],
    [
      "1b",
      4000
    ],
    [
      "1b",
      7000
    ],
    [
      "1b",
      10000
    ],
    [
      "1b",
      15000
    ],
    [
      "1b",
      22000
    ],
    [
      "1b",
      25000
    ],
    [
      "1b",
      30000
    ],
    [
      "1b",
      42000
    ],
    [
      "1b",
      50000
    ],
    [
      "1b",
      70000
    ],
    [
      "1b",
      100000
    ],
    [
      "1b",
      130000
    ],
    [
      "1b",
      143000
    ],
    [
      "1.4b",
      1000
    ],
    [
      "1.4b",
      2000
    ],
    [
      "1.4b",
      4000
    ],
    [
      "1.4b",
      7000
    ],
    [
      "1.4b",
      10000
    ],
    [
      "1.4b",
      15000
    ],
    [
      "1.4b",
      22000
    ],
    [
      "1.4b",
      25000
    ],
    [
      "1.4b",
      30000
    ],
    [
      "1.4b",
      42000
    ],
    [
      "1.4b",
      50000
    ],
    [
      "1.4b",
      70000
    ],
    [
      "1.4b",
      100000
    ],
    [
      "1.4b",
      130000
    ],
    [
      "1.4b",
      143000
    ],
    [
      "6.9b",
      1000
    ],
    [
      "6.9b",
      2000
    ],
    [
      "6.9b",
      4000
    ],
    [
      "6.9b",
      7000
    ],
    [
      "6.9b",
      10000
    ],
    [
      "6.9b",
      15000
    ],
    [
      "6.9b",
      25000
    ],
    [
      "6.9b",
      30000
    ],
    [
      "6.9b",
      42000
    ],
    [
      "6.9b",
      50000
    ],
    [
      "6.9b",
      70000
    ],
    [
      "6.9b",
      100000
    ],
    [
      "6.9b",
      143000
    ]
  ],
  "holdout_N": [
    "2.8b"
  ],
  "holdout_steps": [
    -1
  ]
}