{
  "1b": {
    "alpha_init": 0.5546683354192741,
    "E_init": 3.7153898292624707,
    "alpha_cont": 0.7262077596996246,
    "E_cont": 1.1234623608057244,
    "diff": -0.17153942428035052,
    "CI95": [
      -0.25173967459324154,
      -0.10242240300375499
    ],
    "CI_bonf_m3_98.3%": [
      -0.2628785982478098,
      -0.08911138923654571
    ],
    "P_diff_nonneg": 0.0,
    "n_D": 15
  },
  "1.4b": {
    "alpha_init": 0.5190237797246559,
    "E_init": 3.397850854172214,
    "alpha_cont": 0.7262077596996246,
    "E_cont": 1.0116145525577716,
    "diff": -0.20718397997496873,
    "CI95": [
      -0.2628785982478098,
      -0.15594493116395503
    ],
    "CI_bonf_m3_98.3%": [
      -0.27624530663329167,
      -0.14480600750938666
    ],
    "P_diff_nonneg": 0.0,
    "n_D": 15
  },
  "6.9b": {
    "alpha_init": 0.5323904881101377,
    "E_init": 2.82915726188859,
    "alpha_cont": 0.8398247809762203,
    "E_cont": 0.862048577062648,
    "diff": -0.3074342928660826,
    "CI95": [
      -0.4055125156445557,
      -0.21386733416770964
    ],
    "CI_bonf_m3_98.3%": [
      -0.4330998423028786,
      -0.19827284105131415
    ],
    "P_diff_nonneg": 0.0,
    "n_D": 15
  }
}