{
  "70m": {
    "alpha_init": 0.02,
    "E_init": 29.53871905933302,
    "alpha_cont": 0.02,
    "E_cont": 22.124995335411718,
    "diff_median": 0.0,
    "ci_lo": -1.3856821026282855,
    "ci_hi": 1.3856821026282855,
    "note": "ANOMALOUS"
  },
  "410m": {
    "alpha_init": 0.35639549436796,
    "E_init": 3.8977505815495093,
    "alpha_cont": 0.4054067584480601,
    "E_cont": 1.1199183489111406,
    "diff_median": -0.05346683354192744,
    "ci_lo": -0.3876345431789737,
    "ci_hi": 0.2918954943679597,
    "note": "clean"
  },
  "1b": {
    "alpha_init": 0.16926157697121402,
    "E_init": 2.4138690069179036,
    "alpha_cont": 0.1269336670838548,
    "E_cont": 0.04670079336496895,
    "diff_median": 0.04232790988735921,
    "ci_lo": -0.09133917396745932,
    "ci_hi": 0.16262828535669588,
    "note": "clean"
  },
  "1.4b": {
    "alpha_init": 0.22941176470588234,
    "E_init": 2.5695606677490104,
    "alpha_cont": 0.25614518147684606,
    "E_cont": 0.5670678413053313,
    "diff_median": -0.0245056320400501,
    "ci_lo": -0.16045619524405513,
    "ci_hi": 0.10470588235294118,
    "note": "clean"
  },
  "6.9b": {
    "alpha_init": 0.22272841051314143,
    "E_init": 1.5658888709289578,
    "alpha_cont": 0.3318898623279099,
    "E_cont": 0.4692189820880669,
    "diff_median": -0.1091614518147685,
    "ci_lo": -0.21832290362953696,
    "ci_hi": -0.008911138923654527,
    "note": "clean"
  }
}