{
  "steps": [
    1000,
    2000,
    4000,
    7000,
    10000,
    15000,
    22000,
    25000,
    30000,
    42000,
    50000,
    70000,
    100000,
    130000,
    143000
  ],
  "delta_aN": [
    0.0,
    0.0,
    0.0,
    0.0,
    0.0,
    0.0,
    0.0,
    0.0,
    0.0,
    0.0,
    0.0,
    -0.21015037593984975,
    -0.2785714285714286,
    -0.28345864661654135,
    -0.41541353383458646
  ],
  "Ds": [
    2097152000,
    4194304000,
    8388608000,
    14680064000,
    20971520000,
    31457280000,
    46137344000,
    52428800000,
    62914560000,
    88080384000,
    104857600000,
    146800640000,
    209715200000,
    272629760000,
    299892736000
  ]
}