{
  "model": "EleutherAI/pythia-12b",
  "n_pred_tokens": 1233738,
  "overall_mean_loss": 1.6457469463348389,
  "by_position": {
    "word_initial": {
      "n": 580174,
      "mean_loss": 2.4287259578704834
    },
    "word_continuation": {
      "n": 273221,
      "mean_loss": 0.9476549029350281
    },
    "other": {
      "n": 380343,
      "mean_loss": 0.9528694152832031
    }
  },
  "by_depth": {
    "0_initial": {
      "n": 580174,
      "mean_loss": 2.4287259578704834
    },
    "1": {
      "n": 111688,
      "mean_loss": 1.38394296169281
    },
    "2": {
      "n": 65341,
      "mean_loss": 0.849425196647644
    },
    "3plus": {
      "n": 96192,
      "mean_loss": 0.5078084468841553
    }
  },
  "by_seqband_position": {
    "early_lt128": {
      "word_initial": {
        "n": 72585,
        "mean_loss": 2.8661415576934814
      },
      "word_continuation": {
        "n": 34258,
        "mean_loss": 1.3889291286468506
      }
    },
    "mid": {
      "word_initial": {
        "n": 362211,
        "mean_loss": 2.373166084289551
      },
      "word_continuation": {
        "n": 171078,
        "mean_loss": 0.8883025050163269
      }
    },
    "late": {
      "word_initial": {
        "n": 145378,
        "mean_loss": 2.3487584590911865
      },
      "word_continuation": {
        "n": 67885,
        "mean_loss": 0.8745418787002563
      }
    }
  },
  "by_freqdecile_position": {
    "0": {
      "freq_range": [
        1.0,
        14.0
      ],
      "word_initial": {
        "n": 55046,
        "mean_loss": 4.191193580627441
      },
      "word_continuation": {
        "n": 29401,
        "mean_loss": 2.1110544204711914
      }
    },
    "1": {
      "freq_range": [
        14.0,
        35.0
      ],
      "word_initial": {
        "n": 55500,
        "mean_loss": 3.4242353439331055
      },
      "word_continuation": {
        "n": 29716,
        "mean_loss": 1.3643043041229248
      }
    },
    "2": {
      "freq_range": [
        35.0,
        69.0
      ],
      "word_initial": {
        "n": 55345,
        "mean_loss": 3.18969988822937
      },
      "word_continuation": {
        "n": 28638,
        "mean_loss": 1.0345042943954468
      }
    },
    "3": {
      "freq_range": [
        69.0,
        129.0
      ],
      "word_initial": {
        "n": 55452,
        "mean_loss": 2.8927505016326904
      },
      "word_continuation": {
        "n": 32230,
        "mean_loss": 0.807826817035675
      }
    },
    "4": {
      "freq_range": [
        129.0,
        235.0
      ],
      "word_initial": {
        "n": 50479,
        "mean_loss": 2.7348110675811768
      },
      "word_continuation": {
        "n": 34160,
        "mean_loss": 0.6860055923461914
      }
    },
    "5": {
      "freq_range": [
        235.0,
        465.0
      ],
      "word_initial": {
        "n": 56546,
        "mean_loss": 2.4149231910705566
      },
      "word_continuation": {
        "n": 29155,
        "mean_loss": 0.5813509821891785
      }
    },
    "6": {
      "freq_range": [
        465.0,
        982.0
      ],
      "word_initial": {
        "n": 52215,
        "mean_loss": 2.107415199279785
      },
      "word_continuation": {
        "n": 32724,
        "mean_loss": 0.8457033038139343
      }
    },
    "7": {
      "freq_range": [
        982.0,
        2871.0
      ],
      "word_initial": {
        "n": 51711,
        "mean_loss": 1.8951785564422607
      },
      "word_continuation": {
        "n": 33872,
        "mean_loss": 0.8079378008842468
      }
    },
    "8": {
      "freq_range": [
        2871.0,
        12358.0
      ],
      "word_initial": {
        "n": 53459,
        "mean_loss": 1.325373649597168
      },
      "word_continuation": {
        "n": 23325,
        "mean_loss": 0.22394652664661407
      }
    },
    "9": {
      "freq_range": [
        12358.0,
        32401.0
      ],
      "word_initial": {
        "n": 94421,
        "mean_loss": 1.0367302894592285
      },
      "word_continuation": {
        "n": 0,
        "mean_loss": null
      }
    }
  },
  "by_wordfreqdecile_position": {
    "0": {
      "wordfreq_range": [
        1.0,
        1.0
      ],
      "word_initial": {
        "n": 0,
        "mean_loss": null
      },
      "word_continuation": {
        "n": 0,
        "mean_loss": null
      }
    },
    "1": {
      "wordfreq_range": [
        1.0,
        2.0
      ],
      "word_initial": {
        "n": 44485,
        "mean_loss": 3.514875888824463
      },
      "word_continuation": {
        "n": 116216,
        "mean_loss": 1.1561322212219238
      }
    },
    "2": {
      "wordfreq_range": [
        2.0,
        5.0
      ],
      "word_initial": {
        "n": 44810,
        "mean_loss": 3.433392286300659
      },
      "word_continuation": {
        "n": 50251,
        "mean_loss": 0.8705363869667053
      }
    },
    "3": {
      "wordfreq_range": [
        5.0,
        12.0
      ],
      "word_initial": {
        "n": 48494,
        "mean_loss": 3.2570321559906006
      },
      "word_continuation": {
        "n": 30269,
        "mean_loss": 0.6827192902565002
      }
    },
    "4": {
      "wordfreq_range": [
        12.0,
        32.0
      ],
      "word_initial": {
        "n": 64423,
        "mean_loss": 3.0133845806121826
      },
      "word_continuation": {
        "n": 26797,
        "mean_loss": 0.7027958035469055
      }
    },
    "5": {
      "wordfreq_range": [
        32.0,
        86.0
      ],
      "word_initial": {
        "n": 66555,
        "mean_loss": 2.827854633331299
      },
      "word_continuation": {
        "n": 19470,
        "mean_loss": 0.7211323380470276
      }
    },
    "6": {
      "wordfreq_range": [
        86.0,
        270.0
      ],
      "word_initial": {
        "n": 72729,
        "mean_loss": 2.5968878269195557
      },
      "word_continuation": {
        "n": 12697,
        "mean_loss": 0.982570230960846
      }
    },
    "7": {
      "wordfreq_range": [
        270.0,
        1543.0
      ],
      "word_initial": {
        "n": 74750,
        "mean_loss": 2.110654354095459
      },
      "word_continuation": {
        "n": 9698,
        "mean_loss": 0.8746768832206726
      }
    },
    "8": {
      "wordfreq_range": [
        1543.0,
        12226.0
      ],
      "word_initial": {
        "n": 69897,
        "mean_loss": 1.6443228721618652
      },
      "word_continuation": {
        "n": 7724,
        "mean_loss": 0.7906776070594788
      }
    },
    "9": {
      "wordfreq_range": [
        12226.0,
        32419.0
      ],
      "word_initial": {
        "n": 94031,
        "mean_loss": 1.0317299365997314
      },
      "word_continuation": {
        "n": 99,
        "mean_loss": 2.1093857288360596
      }
    }
  }
}