{
  "model": "gpt2-medium",
  "n_pred_tokens": 1255221,
  "overall_mean_loss": 2.9605536460876465,
  "by_position": {
    "word_initial": {
      "n": 591423,
      "mean_loss": 3.875072479248047
    },
    "word_continuation": {
      "n": 260882,
      "mean_loss": 2.4774742126464844
    },
    "other": {
      "n": 402916,
      "mean_loss": 1.9309569597244263
    }
  },
  "by_depth": {
    "0_initial": {
      "n": 591423,
      "mean_loss": 3.875072479248047
    },
    "1": {
      "n": 107387,
      "mean_loss": 3.0206563472747803
    },
    "2": {
      "n": 68142,
      "mean_loss": 2.486539840698242
    },
    "3plus": {
      "n": 85353,
      "mean_loss": 1.786831259727478
    }
  },
  "by_seqband_position": {
    "early_lt128": {
      "word_initial": {
        "n": 73561,
        "mean_loss": 4.459522724151611
      },
      "word_continuation": {
        "n": 32489,
        "mean_loss": 3.3428871631622314
      }
    },
    "mid": {
      "word_initial": {
        "n": 370486,
        "mean_loss": 3.8179688453674316
      },
      "word_continuation": {
        "n": 164056,
        "mean_loss": 2.40224027633667
      }
    },
    "late": {
      "word_initial": {
        "n": 147376,
        "mean_loss": 3.7269034385681152
      },
      "word_continuation": {
        "n": 64337,
        "mean_loss": 2.232299327850342
      }
    }
  },
  "by_freqdecile_position": {
    "0": {
      "freq_range": [
        1.0,
        13.0
      ],
      "word_initial": {
        "n": 57269,
        "mean_loss": 6.391595840454102
      },
      "word_continuation": {
        "n": 27079,
        "mean_loss": 4.111170768737793
      }
    },
    "1": {
      "freq_range": [
        13.0,
        33.0
      ],
      "word_initial": {
        "n": 56647,
        "mean_loss": 5.458342552185059
      },
      "word_continuation": {
        "n": 27842,
        "mean_loss": 3.103630542755127
      }
    },
    "2": {
      "freq_range": [
        33.0,
        67.0
      ],
      "word_initial": {
        "n": 57039,
        "mean_loss": 5.037789344787598
      },
      "word_continuation": {
        "n": 27345,
        "mean_loss": 2.7456395626068115
      }
    },
    "3": {
      "freq_range": [
        67.0,
        129.0
      ],
      "word_initial": {
        "n": 56828,
        "mean_loss": 4.68606424331665
      },
      "word_continuation": {
        "n": 30117,
        "mean_loss": 2.4322328567504883
      }
    },
    "4": {
      "freq_range": [
        129.0,
        242.0
      ],
      "word_initial": {
        "n": 51430,
        "mean_loss": 4.369128704071045
      },
      "word_continuation": {
        "n": 33949,
        "mean_loss": 2.2227942943573
      }
    },
    "5": {
      "freq_range": [
        242.0,
        485.0
      ],
      "word_initial": {
        "n": 57684,
        "mean_loss": 3.92110538482666
      },
      "word_continuation": {
        "n": 27774,
        "mean_loss": 2.293452739715576
      }
    },
    "6": {
      "freq_range": [
        485.0,
        1012.0
      ],
      "word_initial": {
        "n": 49167,
        "mean_loss": 3.6878223419189453
      },
      "word_continuation": {
        "n": 35680,
        "mean_loss": 2.211859703063965
      }
    },
    "7": {
      "freq_range": [
        1012.0,
        2999.0
      ],
      "word_initial": {
        "n": 54736,
        "mean_loss": 2.95139217376709
      },
      "word_continuation": {
        "n": 28660,
        "mean_loss": 2.3496954441070557
      }
    },
    "8": {
      "freq_range": [
        2999.0,
        12360.0
      ],
      "word_initial": {
        "n": 56168,
        "mean_loss": 2.1973044872283936
      },
      "word_continuation": {
        "n": 22436,
        "mean_loss": 0.6613597869873047
      }
    },
    "9": {
      "freq_range": [
        12360.0,
        32405.0
      ],
      "word_initial": {
        "n": 94455,
        "mean_loss": 1.5429965257644653
      },
      "word_continuation": {
        "n": 0,
        "mean_loss": null
      }
    }
  },
  "by_wordfreqdecile_position": {
    "0": {
      "wordfreq_range": [
        1.0,
        1.0
      ],
      "word_initial": {
        "n": 0,
        "mean_loss": null
      },
      "word_continuation": {
        "n": 0,
        "mean_loss": null
      }
    },
    "1": {
      "wordfreq_range": [
        1.0,
        2.0
      ],
      "word_initial": {
        "n": 43660,
        "mean_loss": 5.976232051849365
      },
      "word_continuation": {
        "n": 104444,
        "mean_loss": 2.9273438453674316
      }
    },
    "2": {
      "wordfreq_range": [
        2.0,
        5.0
      ],
      "word_initial": {
        "n": 45307,
        "mean_loss": 5.6264519691467285
      },
      "word_continuation": {
        "n": 47365,
        "mean_loss": 2.3478078842163086
      }
    },
    "3": {
      "wordfreq_range": [
        5.0,
        15.0
      ],
      "word_initial": {
        "n": 62848,
        "mean_loss": 5.23576021194458
      },
      "word_continuation": {
        "n": 35337,
        "mean_loss": 1.924703598022461
      }
    },
    "4": {
      "wordfreq_range": [
        15.0,
        38.0
      ],
      "word_initial": {
        "n": 63792,
        "mean_loss": 4.8841633796691895
      },
      "word_continuation": {
        "n": 22792,
        "mean_loss": 1.9697932004928589
      }
    },
    "5": {
      "wordfreq_range": [
        38.0,
        101.0
      ],
      "word_initial": {
        "n": 66405,
        "mean_loss": 4.493448734283447
      },
      "word_continuation": {
        "n": 18974,
        "mean_loss": 2.130350112915039
      }
    },
    "6": {
      "wordfreq_range": [
        101.0,
        326.0
      ],
      "word_initial": {
        "n": 74228,
        "mean_loss": 4.079091548919678
      },
      "word_continuation": {
        "n": 11356,
        "mean_loss": 3.132762908935547
      }
    },
    "7": {
      "wordfreq_range": [
        326.0,
        1921.0
      ],
      "word_initial": {
        "n": 74032,
        "mean_loss": 3.20343279838562
      },
      "word_continuation": {
        "n": 9852,
        "mean_loss": 3.20661997795105
      }
    },
    "8": {
      "wordfreq_range": [
        1921.0,
        12232.0
      ],
      "word_initial": {
        "n": 67098,
        "mean_loss": 2.2736189365386963
      },
      "word_continuation": {
        "n": 10663,
        "mean_loss": 0.7699917554855347
      }
    },
    "9": {
      "wordfreq_range": [
        12232.0,
        32424.0
      ],
      "word_initial": {
        "n": 94053,
        "mean_loss": 1.5359143018722534
      },
      "word_continuation": {
        "n": 99,
        "mean_loss": 6.800772190093994
      }
    }
  }
}