{
  "model": "EleutherAI/pythia-12b",
  "n_pred_tokens": 1233738,
  "overall_mean_loss": 2.374008893966675,
  "by_position": {
    "word_initial": {
      "n": 580174,
      "mean_loss": 3.406179428100586
    },
    "word_continuation": {
      "n": 273221,
      "mean_loss": 1.6747366189956665
    },
    "other": {
      "n": 380343,
      "mean_loss": 1.3018648624420166
    }
  },
  "by_depth": {
    "0_initial": {
      "n": 580174,
      "mean_loss": 3.406179428100586
    },
    "1": {
      "n": 111688,
      "mean_loss": 2.1646511554718018
    },
    "2": {
      "n": 65341,
      "mean_loss": 1.6137051582336426
    },
    "3plus": {
      "n": 96192,
      "mean_loss": 1.1473575830459595
    }
  },
  "by_seqband_position": {
    "early_lt128": {
      "word_initial": {
        "n": 72585,
        "mean_loss": 3.8038907051086426
      },
      "word_continuation": {
        "n": 34258,
        "mean_loss": 2.2283830642700195
      }
    },
    "mid": {
      "word_initial": {
        "n": 362211,
        "mean_loss": 3.3576018810272217
      },
      "word_continuation": {
        "n": 171078,
        "mean_loss": 1.606144905090332
      }
    },
    "late": {
      "word_initial": {
        "n": 145378,
        "mean_loss": 3.3286385536193848
      },
      "word_continuation": {
        "n": 67885,
        "mean_loss": 1.5682003498077393
      }
    }
  },
  "by_freqdecile_position": {
    "0": {
      "freq_range": [
        1.0,
        14.0
      ],
      "word_initial": {
        "n": 55046,
        "mean_loss": 5.949190139770508
      },
      "word_continuation": {
        "n": 29401,
        "mean_loss": 3.406306266784668
      }
    },
    "1": {
      "freq_range": [
        14.0,
        35.0
      ],
      "word_initial": {
        "n": 55500,
        "mean_loss": 4.968077659606934
      },
      "word_continuation": {
        "n": 29716,
        "mean_loss": 2.3699615001678467
      }
    },
    "2": {
      "freq_range": [
        35.0,
        69.0
      ],
      "word_initial": {
        "n": 55345,
        "mean_loss": 4.607011318206787
      },
      "word_continuation": {
        "n": 28638,
        "mean_loss": 1.970160961151123
      }
    },
    "3": {
      "freq_range": [
        69.0,
        129.0
      ],
      "word_initial": {
        "n": 55452,
        "mean_loss": 4.134090423583984
      },
      "word_continuation": {
        "n": 32230,
        "mean_loss": 1.5806832313537598
      }
    },
    "4": {
      "freq_range": [
        129.0,
        235.0
      ],
      "word_initial": {
        "n": 50479,
        "mean_loss": 3.893709897994995
      },
      "word_continuation": {
        "n": 34160,
        "mean_loss": 1.3783730268478394
      }
    },
    "5": {
      "freq_range": [
        235.0,
        465.0
      ],
      "word_initial": {
        "n": 56546,
        "mean_loss": 3.422020435333252
      },
      "word_continuation": {
        "n": 29155,
        "mean_loss": 1.1598478555679321
      }
    },
    "6": {
      "freq_range": [
        465.0,
        982.0
      ],
      "word_initial": {
        "n": 52215,
        "mean_loss": 2.9624667167663574
      },
      "word_continuation": {
        "n": 32724,
        "mean_loss": 1.4800368547439575
      }
    },
    "7": {
      "freq_range": [
        982.0,
        2871.0
      ],
      "word_initial": {
        "n": 51711,
        "mean_loss": 2.4134089946746826
      },
      "word_continuation": {
        "n": 33872,
        "mean_loss": 1.2232420444488525
      }
    },
    "8": {
      "freq_range": [
        2871.0,
        12358.0
      ],
      "word_initial": {
        "n": 53459,
        "mean_loss": 1.7606010437011719
      },
      "word_continuation": {
        "n": 23325,
        "mean_loss": 0.3800567388534546
      }
    },
    "9": {
      "freq_range": [
        12358.0,
        32401.0
      ],
      "word_initial": {
        "n": 94421,
        "mean_loss": 1.3248465061187744
      },
      "word_continuation": {
        "n": 0,
        "mean_loss": null
      }
    }
  },
  "by_wordfreqdecile_position": {
    "0": {
      "wordfreq_range": [
        1.0,
        1.0
      ],
      "word_initial": {
        "n": 0,
        "mean_loss": null
      },
      "word_continuation": {
        "n": 0,
        "mean_loss": null
      }
    },
    "1": {
      "wordfreq_range": [
        1.0,
        2.0
      ],
      "word_initial": {
        "n": 44485,
        "mean_loss": 5.166327476501465
      },
      "word_continuation": {
        "n": 116216,
        "mean_loss": 2.1452176570892334
      }
    },
    "2": {
      "wordfreq_range": [
        2.0,
        5.0
      ],
      "word_initial": {
        "n": 44810,
        "mean_loss": 5.081118106842041
      },
      "word_continuation": {
        "n": 50251,
        "mean_loss": 1.6587655544281006
      }
    },
    "3": {
      "wordfreq_range": [
        5.0,
        12.0
      ],
      "word_initial": {
        "n": 48494,
        "mean_loss": 4.797104358673096
      },
      "word_continuation": {
        "n": 30269,
        "mean_loss": 1.2430363893508911
      }
    },
    "4": {
      "wordfreq_range": [
        12.0,
        32.0
      ],
      "word_initial": {
        "n": 64423,
        "mean_loss": 4.378066539764404
      },
      "word_continuation": {
        "n": 26797,
        "mean_loss": 1.1352314949035645
      }
    },
    "5": {
      "wordfreq_range": [
        32.0,
        86.0
      ],
      "word_initial": {
        "n": 66555,
        "mean_loss": 3.988511323928833
      },
      "word_continuation": {
        "n": 19470,
        "mean_loss": 1.1253879070281982
      }
    },
    "6": {
      "wordfreq_range": [
        86.0,
        270.0
      ],
      "word_initial": {
        "n": 72729,
        "mean_loss": 3.5789570808410645
      },
      "word_continuation": {
        "n": 12697,
        "mean_loss": 1.3501567840576172
      }
    },
    "7": {
      "wordfreq_range": [
        270.0,
        1543.0
      ],
      "word_initial": {
        "n": 74750,
        "mean_loss": 2.774702310562134
      },
      "word_continuation": {
        "n": 9698,
        "mean_loss": 1.0888164043426514
      }
    },
    "8": {
      "wordfreq_range": [
        1543.0,
        12226.0
      ],
      "word_initial": {
        "n": 69897,
        "mean_loss": 2.1005303859710693
      },
      "word_continuation": {
        "n": 7724,
        "mean_loss": 0.8980056047439575
      }
    },
    "9": {
      "wordfreq_range": [
        12226.0,
        32419.0
      ],
      "word_initial": {
        "n": 94031,
        "mean_loss": 1.3188148736953735
      },
      "word_continuation": {
        "n": 99,
        "mean_loss": 3.17122745513916
      }
    }
  },
  "by_position_multitokenonly": {
    "word_initial": {
      "n": 159601,
      "mean_loss": 4.1179118156433105
    },
    "word_continuation": {
      "n": 273221,
      "mean_loss": 1.6747366189956665
    }
  },
  "by_wordlen_position": {
    "len2_init": {
      "n": 96521,
      "mean_loss": 3.9465725421905518
    },
    "len2_cont": {
      "n": 53079,
      "mean_loss": 1.8893080949783325
    },
    "len3_init": {
      "n": 33069,
      "mean_loss": 4.899206161499023
    },
    "len3_cont": {
      "n": 61634,
      "mean_loss": 1.7337607145309448
    },
    "len4plus_init": {
      "n": 30011,
      "mean_loss": 3.8080625534057617
    },
    "len4plus_cont": {
      "n": 158508,
      "mean_loss": 1.5799332857131958
    }
  },
  "by_wordfreqdecile_position_multitokenonly": {
    "0": {
      "wordfreq_range": [
        1.0,
        1.0
      ],
      "word_initial": {
        "n": 0,
        "mean_loss": null
      },
      "word_continuation": {
        "n": 0,
        "mean_loss": null
      }
    },
    "1": {
      "wordfreq_range": [
        1.0,
        1.0
      ],
      "word_initial": {
        "n": 0,
        "mean_loss": null
      },
      "word_continuation": {
        "n": 0,