{
  "model": "EleutherAI/pythia-1b-deduped",
  "n_pred_tokens": 1233738,
  "overall_mean_loss": 2.1057369709014893,
  "by_position": {
    "word_initial": {
      "n": 580174,
      "mean_loss": 3.0752580165863037
    },
    "word_continuation": {
      "n": 273221,
      "mean_loss": 1.3738603591918945
    },
    "other": {
      "n": 380343,
      "mean_loss": 1.1525787115097046
    }
  },
  "by_depth": {
    "0_initial": {
      "n": 580174,
      "mean_loss": 3.0752580165863037
    },
    "1": {
      "n": 111688,
      "mean_loss": 1.8449455499649048
    },
    "2": {
      "n": 65341,
      "mean_loss": 1.3031539916992188
    },
    "3plus": {
      "n": 96192,
      "mean_loss": 0.874915361404419
    }
  },
  "by_seqband_position": {
    "early_lt128": {
      "word_initial": {
        "n": 72585,
        "mean_loss": 3.4803149700164795
      },
      "word_continuation": {
        "n": 34258,
        "mean_loss": 1.8808190822601318
      }
    },
    "mid": {
      "word_initial": {
        "n": 362211,
        "mean_loss": 3.0269269943237305
      },
      "word_continuation": {
        "n": 171078,
        "mean_loss": 1.3083345890045166
      }
    },
    "late": {
      "word_initial": {
        "n": 145378,
        "mean_loss": 2.9934370517730713
      },
      "word_continuation": {
        "n": 67885,
        "mean_loss": 1.2831573486328125
      }
    }
  },
  "by_freqdecile_position": {
    "0": {
      "freq_range": [
        1.0,
        14.0
      ],
      "word_initial": {
        "n": 55046,
        "mean_loss": 5.371812343597412
      },
      "word_continuation": {
        "n": 29401,
        "mean_loss": 2.8904762268066406
      }
    },
    "1": {
      "freq_range": [
        14.0,
        35.0
      ],
      "word_initial": {
        "n": 55500,
        "mean_loss": 4.4675612449646
      },
      "word_continuation": {
        "n": 29716,
        "mean_loss": 1.9849649667739868
      }
    },
    "2": {
      "freq_range": [
        35.0,
        69.0
      ],
      "word_initial": {
        "n": 55345,
        "mean_loss": 4.142141819000244
      },
      "word_continuation": {
        "n": 28638,
        "mean_loss": 1.5992554426193237
      }
    },
    "3": {
      "freq_range": [
        69.0,
        129.0
      ],
      "word_initial": {
        "n": 55452,
        "mean_loss": 3.7412612438201904
      },
      "word_continuation": {
        "n": 32230,
        "mean_loss": 1.2676206827163696
      }
    },
    "4": {
      "freq_range": [
        129.0,
        235.0
      ],
      "word_initial": {
        "n": 50479,
        "mean_loss": 3.517817974090576
      },
      "word_continuation": {
        "n": 34160,
        "mean_loss": 1.0565768480300903
      }
    },
    "5": {
      "freq_range": [
        235.0,
        465.0
      ],
      "word_initial": {
        "n": 56546,
        "mean_loss": 3.078677177429199
      },
      "word_continuation": {
        "n": 29155,
        "mean_loss": 0.8695921897888184
      }
    },
    "6": {
      "freq_range": [
        465.0,
        982.0
      ],
      "word_initial": {
        "n": 52215,
        "mean_loss": 2.6544108390808105
      },
      "word_continuation": {
        "n": 32724,
        "mean_loss": 1.2327436208724976
      }
    },
    "7": {
      "freq_range": [
        982.0,
        2871.0
      ],
      "word_initial": {
        "n": 51711,
        "mean_loss": 2.2335124015808105
      },
      "word_continuation": {
        "n": 33872,
        "mean_loss": 1.0535802841186523
      }
    },
    "8": {
      "freq_range": [
        2871.0,
        12358.0
      ],
      "word_initial": {
        "n": 53459,
        "mean_loss": 1.5943374633789062
      },
      "word_continuation": {
        "n": 23325,
        "mean_loss": 0.3117559850215912
      }
    },
    "9": {
      "freq_range": [
        12358.0,
        32401.0
      ],
      "word_initial": {
        "n": 94421,
        "mean_loss": 1.1950671672821045
      },
      "word_continuation": {
        "n": 0,
        "mean_loss": null
      }
    }
  },
  "by_wordfreqdecile_position": {
    "0": {
      "wordfreq_range": [
        1.0,
        1.0
      ],
      "word_initial": {
        "n": 0,
        "mean_loss": null
      },
      "word_continuation": {
        "n": 0,
        "mean_loss": null
      }
    },
    "1": {
      "wordfreq_range": [
        1.0,
        2.0
      ],
      "word_initial": {
        "n": 44485,
        "mean_loss": 4.686204433441162
      },
      "word_continuation": {
        "n": 116216,
        "mean_loss": 1.7617536783218384
      }
    },
    "2": {
      "wordfreq_range": [
        2.0,
        5.0
      ],
      "word_initial": {
        "n": 44810,
        "mean_loss": 4.546848297119141
      },
      "word_continuation": {
        "n": 50251,
        "mean_loss": 1.3394347429275513
      }
    },
    "3": {
      "wordfreq_range": [
        5.0,
        12.0
      ],
      "word_initial": {
        "n": 48494,
        "mean_loss": 4.289145469665527
      },
      "word_continuation": {
        "n": 30269,
        "mean_loss": 0.9668850302696228
      }
    },
    "4": {
      "wordfreq_range": [
        12.0,
        32.0
      ],
      "word_initial": {
        "n": 64423,
        "mean_loss": 3.9228687286376953
      },
      "word_continuation": {
        "n": 26797,
        "mean_loss": 0.9286810755729675
      }
    },
    "5": {
      "wordfreq_range": [
        32.0,
        86.0
      ],
      "word_initial": {
        "n": 66555,
        "mean_loss": 3.6035211086273193
      },
      "word_continuation": {
        "n": 19470,
        "mean_loss": 0.9235032796859741
      }
    },
    "6": {
      "wordfreq_range": [
        86.0,
        270.0
      ],
      "word_initial": {
        "n": 72729,
        "mean_loss": 3.2394449710845947
      },
      "word_continuation": {
        "n": 12697,
        "mean_loss": 1.2005951404571533
      }
    },
    "7": {
      "wordfreq_range": [
        270.0,
        1543.0
      ],
      "word_initial": {
        "n": 74750,
        "mean_loss": 2.5442333221435547
      },
      "word_continuation": {
        "n": 9698,
        "mean_loss": 0.9573279023170471
      }
    },
    "8": {
      "wordfreq_range": [
        1543.0,
        12226.0
      ],
      "word_initial": {
        "n": 69897,
        "mean_loss": 1.9147236347198486
      },
      "word_continuation": {
        "n": 7724,
        "mean_loss": 0.8292972445487976
      }
    },
    "9": {
      "wordfreq_range": [
        12226.0,
        32419.0
      ],
      "word_initial": {
        "n": 94031,
        "mean_loss": 1.1890240907669067
      },
      "word_continuation": {
        "n": 99,
        "mean_loss": 2.5138494968414307
      }
    }
  },
  "by_position_multitokenonly": {
    "word_initial": {
      "n": 159601,
      "mean_loss": 3.65588641166687
    },
    "word_continuation": {
      "n": 273221,
      "mean_loss": 1.3738603591918945
    }
  },
  "by_wordlen_position": {
    "len2_init": {
      "n": 96521,
      "mean_loss": 3.4917540550231934
    },
    "len2_cont": {
      "n": 53079,
      "mean_loss": 1.6187207698822021
    },
    "len3_init": {
      "n": 33069,
      "mean_loss": 4.3707275390625
    },
    "len3_cont": {
      "n": 61634,
      "mean_loss": 1.4283546209335327
    },
    "len4plus_init": {
      "n": 30011,
      "mean_loss": 3.3960845470428467
    },
    "len4plus_cont": {
      "n": 158508,
      "mean_loss": 1.2706754207611084
    }
  },
  "by_wordfreqdecile_position_multitokenonly": {
    "0": {
      "wordfreq_range": [
        1.0,
        1.0
      ],
      "word_initial": {
        "n": 0,
        "mean_loss": null
      },
      "word_continuation": {
        "n": 0,
        "mean_loss": null
      }
    },
    "1": {
      "wordfreq_range": [
        1.0,
        1.0
      ],
      "word_initial": {
        "n": 0,
        "mean_loss": null
      },