{
  "model": "EleutherAI/pythia-1.4b-deduped",
  "n_pred_tokens": 1233738,
  "overall_mean_loss": 2.210947036743164,
  "by_position": {
    "word_initial": {
      "n": 580174,
      "mean_loss": 3.206056594848633
    },
    "word_continuation": {
      "n": 273221,
      "mean_loss": 1.4936238527297974
    },
    "other": {
      "n": 380343,
      "mean_loss": 1.2083029747009277
    }
  },
  "by_depth": {
    "0_initial": {
      "n": 580174,
      "mean_loss": 3.206056594848633
    },
    "1": {
      "n": 111688,
      "mean_loss": 1.9729979038238525
    },
    "2": {
      "n": 65341,
      "mean_loss": 1.4374421834945679
    },
    "3plus": {
      "n": 96192,
      "mean_loss": 0.9751881957054138
    }
  },
  "by_seqband_position": {
    "early_lt128": {
      "word_initial": {
        "n": 72585,
        "mean_loss": 3.6108226776123047
      },
      "word_continuation": {
        "n": 34258,
        "mean_loss": 2.028937816619873
      }
    },
    "mid": {
      "word_initial": {
        "n": 362211,
        "mean_loss": 3.158717632293701
      },
      "word_continuation": {
        "n": 171078,
        "mean_loss": 1.4277445077896118
      }
    },
    "late": {
      "word_initial": {
        "n": 145378,
        "mean_loss": 3.1219089031219482
      },
      "word_continuation": {
        "n": 67885,
        "mean_loss": 1.3895022869110107
      }
    }
  },
  "by_freqdecile_position": {
    "0": {
      "freq_range": [
        1.0,
        14.0
      ],
      "word_initial": {
        "n": 55046,
        "mean_loss": 5.601207256317139
      },
      "word_continuation": {
        "n": 29401,
        "mean_loss": 3.098780870437622
      }
    },
    "1": {
      "freq_range": [
        14.0,
        35.0
      ],
      "word_initial": {
        "n": 55500,
        "mean_loss": 4.681375980377197
      },
      "word_continuation": {
        "n": 29716,
        "mean_loss": 2.142770528793335
      }
    },
    "2": {
      "freq_range": [
        35.0,
        69.0
      ],
      "word_initial": {
        "n": 55345,
        "mean_loss": 4.325996398925781
      },
      "word_continuation": {
        "n": 28638,
        "mean_loss": 1.7605544328689575
      }
    },
    "3": {
      "freq_range": [
        69.0,
        129.0
      ],
      "word_initial": {
        "n": 55452,
        "mean_loss": 3.9018592834472656
      },
      "word_continuation": {
        "n": 32230,
        "mean_loss": 1.4007796049118042
      }
    },
    "4": {
      "freq_range": [
        129.0,
        235.0
      ],
      "word_initial": {
        "n": 50479,
        "mean_loss": 3.6903111934661865
      },
      "word_continuation": {
        "n": 34160,
        "mean_loss": 1.1661272048950195
      }
    },
    "5": {
      "freq_range": [
        235.0,
        465.0
      ],
      "word_initial": {
        "n": 56546,
        "mean_loss": 3.1812744140625
      },
      "word_continuation": {
        "n": 29155,
        "mean_loss": 1.018447756767273
      }
    },
    "6": {
      "freq_range": [
        465.0,
        982.0
      ],
      "word_initial": {
        "n": 52215,
        "mean_loss": 2.7814481258392334
      },
      "word_continuation": {
        "n": 32724,
        "mean_loss": 1.3156545162200928
      }
    },
    "7": {
      "freq_range": [
        982.0,
        2871.0
      ],
      "word_initial": {
        "n": 51711,
        "mean_loss": 2.3055434226989746
      },
      "word_continuation": {
        "n": 33872,
        "mean_loss": 1.1336597204208374
      }
    },
    "8": {
      "freq_range": [
        2871.0,
        12358.0
      ],
      "word_initial": {
        "n": 53459,
        "mean_loss": 1.645669937133789
      },
      "word_continuation": {
        "n": 23325,
        "mean_loss": 0.2898663580417633
      }
    },
    "9": {
      "freq_range": [
        12358.0,
        32401.0
      ],
      "word_initial": {
        "n": 94421,
        "mean_loss": 1.2448431253433228
      },
      "word_continuation": {
        "n": 0,
        "mean_loss": null
      }
    }
  },
  "by_wordfreqdecile_position": {
    "0": {
      "wordfreq_range": [
        1.0,
        1.0
      ],
      "word_initial": {
        "n": 0,
        "mean_loss": null
      },
      "word_continuation": {
        "n": 0,
        "mean_loss": null
      }
    },
    "1": {
      "wordfreq_range": [
        1.0,
        2.0
      ],
      "word_initial": {
        "n": 44485,
        "mean_loss": 4.877895832061768
      },
      "word_continuation": {
        "n": 116216,
        "mean_loss": 1.9058221578598022
      }
    },
    "2": {
      "wordfreq_range": [
        2.0,
        5.0
      ],
      "word_initial": {
        "n": 44810,
        "mean_loss": 4.759125232696533
      },
      "word_continuation": {
        "n": 50251,
        "mean_loss": 1.4857456684112549
      }
    },
    "3": {
      "wordfreq_range": [
        5.0,
        12.0
      ],
      "word_initial": {
        "n": 48494,
        "mean_loss": 4.485940933227539
      },
      "word_continuation": {
        "n": 30269,
        "mean_loss": 1.0759793519973755
      }
    },
    "4": {
      "wordfreq_range": [
        12.0,
        32.0
      ],
      "word_initial": {
        "n": 64423,
        "mean_loss": 4.111237525939941
      },
      "word_continuation": {
        "n": 26797,
        "mean_loss": 1.012772798538208
      }
    },
    "5": {
      "wordfreq_range": [
        32.0,
        86.0
      ],
      "word_initial": {
        "n": 66555,
        "mean_loss": 3.75070858001709
      },
      "word_continuation": {
        "n": 19470,
        "mean_loss": 1.0038501024246216
      }
    },
    "6": {
      "wordfreq_range": [
        86.0,
        270.0
      ],
      "word_initial": {
        "n": 72729,
        "mean_loss": 3.3818068504333496
      },
      "word_continuation": {
        "n": 12697,
        "mean_loss": 1.258284568786621
      }
    },
    "7": {
      "wordfreq_range": [
        270.0,
        1543.0
      ],
      "word_initial": {
        "n": 74750,
        "mean_loss": 2.636348247528076
      },
      "word_continuation": {
        "n": 9698,
        "mean_loss": 1.0177043676376343
      }
    },
    "8": {
      "wordfreq_range": [
        1543.0,
        12226.0
      ],
      "word_initial": {
        "n": 69897,
        "mean_loss": 1.978670358657837
      },
      "word_continuation": {
        "n": 7724,
        "mean_loss": 0.8529617190361023
      }
    },
    "9": {
      "wordfreq_range": [
        12226.0,
        32419.0
      ],
      "word_initial": {
        "n": 94031,
        "mean_loss": 1.2386081218719482
      },
      "word_continuation": {
        "n": 99,
        "mean_loss": 2.572598457336426
      }
    }
  },
  "by_position_multitokenonly": {
    "word_initial": {
      "n": 159601,
      "mean_loss": 3.831040859222412
    },
    "word_continuation": {
      "n": 273221,
      "mean_loss": 1.4936238527297974
    }
  },
  "by_wordlen_position": {
    "len2_init": {
      "n": 96521,
      "mean_loss": 3.6633870601654053
    },
    "len2_cont": {
      "n": 53079,
      "mean_loss": 1.731964349746704
    },
    "len3_init": {
      "n": 33069,
      "mean_loss": 4.580900192260742
    },
    "len3_cont": {
      "n": 61634,
      "mean_loss": 1.5586777925491333
    },
    "len4plus_init": {
      "n": 30011,
      "mean_loss": 3.5439796447753906
    },
    "len4plus_cont": {
      "n": 158508,
      "mean_loss": 1.3885160684585571
    }
  },
  "by_wordfreqdecile_position_multitokenonly": {
    "0": {
      "wordfreq_range": [
        1.0,
        1.0
      ],
      "word_initial": {
        "n": 0,
        "mean_loss": null
      },
      "word_continuation": {
        "n": 0,
        "mean_loss": null
      }
    },
    "1": {
      "wordfreq_range": [
        1.0,
        1.0
      ],
      "word_initial": {
        "n": 0,
        "mean_loss": null
      },
      "word_continuation": {
        "n": 0,