{
  "model": "EleutherAI/pythia-160m-deduped",
  "n_pred_tokens": 1233738,
  "overall_mean_loss": 3.1587910652160645,
  "by_position": {
    "word_initial": {
      "n": 580174,
      "mean_loss": 4.3921799659729
    },
    "word_continuation": {
      "n": 273221,
      "mean_loss": 2.470586061477661
    },
    "other": {
      "n": 380343,
      "mean_loss": 1.7717581987380981
    }
  },
  "by_depth": {
    "0_initial": {
      "n": 580174,
      "mean_loss": 4.3921799659729
    },
    "1": {
      "n": 111688,
      "mean_loss": 3.011317253112793
    },
    "2": {
      "n": 65341,
      "mean_loss": 2.4381797313690186
    },
    "3plus": {
      "n": 96192,
      "mean_loss": 1.864759087562561
    }
  },
  "by_seqband_position": {
    "early_lt128": {
      "word_initial": {
        "n": 72585,
        "mean_loss": 4.76452112197876
      },
      "word_continuation": {
        "n": 34258,
        "mean_loss": 3.1350104808807373
      }
    },
    "mid": {
      "word_initial": {
        "n": 362211,
        "mean_loss": 4.344391345977783
      },
      "word_continuation": {
        "n": 171078,
        "mean_loss": 2.3848135471343994
      }
    },
    "late": {
      "word_initial": {
        "n": 145378,
        "mean_loss": 4.325341701507568
      },
      "word_continuation": {
        "n": 67885,
        "mean_loss": 2.35144305229187
      }
    }
  },
  "by_freqdecile_position": {
    "0": {
      "freq_range": [
        1.0,
        14.0
      ],
      "word_initial": {
        "n": 55046,
        "mean_loss": 7.260118007659912
      },
      "word_continuation": {
        "n": 29401,
        "mean_loss": 4.457926273345947
      }
    },
    "1": {
      "freq_range": [
        14.0,
        35.0
      ],
      "word_initial": {
        "n": 55500,
        "mean_loss": 6.316874980926514
      },
      "word_continuation": {
        "n": 29716,
        "mean_loss": 3.4040048122406006
      }
    },
    "2": {
      "freq_range": [
        35.0,
        69.0
      ],
      "word_initial": {
        "n": 55345,
        "mean_loss": 5.913168430328369
      },
      "word_continuation": {
        "n": 28638,
        "mean_loss": 2.9459354877471924
      }
    },
    "3": {
      "freq_range": [
        69.0,
        129.0
      ],
      "word_initial": {
        "n": 55452,
        "mean_loss": 5.359951019287109
      },
      "word_continuation": {
        "n": 32230,
        "mean_loss": 2.504934787750244
      }
    },
    "4": {
      "freq_range": [
        129.0,
        235.0
      ],
      "word_initial": {
        "n": 50479,
        "mean_loss": 5.037285804748535
      },
      "word_continuation": {
        "n": 34160,
        "mean_loss": 2.1477608680725098
      }
    },
    "5": {
      "freq_range": [
        235.0,
        465.0
      ],
      "word_initial": {
        "n": 56546,
        "mean_loss": 4.421069622039795
      },
      "word_continuation": {
        "n": 29155,
        "mean_loss": 1.8784152269363403
      }
    },
    "6": {
      "freq_range": [
        465.0,
        982.0
      ],
      "word_initial": {
        "n": 52215,
        "mean_loss": 3.9510035514831543
      },
      "word_continuation": {
        "n": 32724,
        "mean_loss": 2.167846441268921
      }
    },
    "7": {
      "freq_range": [
        982.0,
        2871.0
      ],
      "word_initial": {
        "n": 51711,
        "mean_loss": 3.180619716644287
      },
      "word_continuation": {
        "n": 33872,
        "mean_loss": 1.8776865005493164
      }
    },
    "8": {
      "freq_range": [
        2871.0,
        12358.0
      ],
      "word_initial": {
        "n": 53459,
        "mean_loss": 2.3791210651397705
      },
      "word_continuation": {
        "n": 23325,
        "mean_loss": 0.6439905762672424
      }
    },
    "9": {
      "freq_range": [
        12358.0,
        32401.0
      ],
      "word_initial": {
        "n": 94421,
        "mean_loss": 1.814070224761963
      },
      "word_continuation": {
        "n": 0,
        "mean_loss": null
      }
    }
  },
  "by_wordfreqdecile_position": {
    "0": {
      "wordfreq_range": [
        1.0,
        1.0
      ],
      "word_initial": {
        "n": 0,
        "mean_loss": null
      },
      "word_continuation": {
        "n": 0,
        "mean_loss": null
      }
    },
    "1": {
      "wordfreq_range": [
        1.0,
        2.0
      ],
      "word_initial": {
        "n": 44485,
        "mean_loss": 6.368306636810303
      },
      "word_continuation": {
        "n": 116216,
        "mean_loss": 3.067342519760132
      }
    },
    "2": {
      "wordfreq_range": [
        2.0,
        5.0
      ],
      "word_initial": {
        "n": 44810,
        "mean_loss": 6.395966529846191
      },
      "word_continuation": {
        "n": 50251,
        "mean_loss": 2.499842405319214
      }
    },
    "3": {
      "wordfreq_range": [
        5.0,
        12.0
      ],
      "word_initial": {
        "n": 48494,
        "mean_loss": 6.098276138305664
      },
      "word_continuation": {
        "n": 30269,
        "mean_loss": 1.9868932962417603
      }
    },
    "4": {
      "wordfreq_range": [
        12.0,
        32.0
      ],
      "word_initial": {
        "n": 64423,
        "mean_loss": 5.654252052307129
      },
      "word_continuation": {
        "n": 26797,
        "mean_loss": 1.8156191110610962
      }
    },
    "5": {
      "wordfreq_range": [
        32.0,
        86.0
      ],
      "word_initial": {
        "n": 66555,
        "mean_loss": 5.193464756011963
      },
      "word_continuation": {
        "n": 19470,
        "mean_loss": 1.7669074535369873
      }
    },
    "6": {
      "wordfreq_range": [
        86.0,
        270.0
      ],
      "word_initial": {
        "n": 72729,
        "mean_loss": 4.6286211013793945
      },
      "word_continuation": {
        "n": 12697,
        "mean_loss": 1.9892808198928833
      }
    },
    "7": {
      "wordfreq_range": [
        270.0,
        1543.0
      ],
      "word_initial": {
        "n": 74750,
        "mean_loss": 3.675844430923462
      },
      "word_continuation": {
        "n": 9698,
        "mean_loss": 1.4508379697799683
      }
    },
    "8": {
      "wordfreq_range": [
        1543.0,
        12226.0
      ],
      "word_initial": {
        "n": 69897,
        "mean_loss": 2.7371413707733154
      },
      "word_continuation": {
        "n": 7724,
        "mean_loss": 1.2984378337860107
      }
    },
    "9": {
      "wordfreq_range": [
        12226.0,
        32419.0
      ],
      "word_initial": {
        "n": 94031,
        "mean_loss": 1.8075350522994995
      },
      "word_continuation": {
        "n": 99,
        "mean_loss": 3.7251811027526855
      }
    }
  },
  "by_position_multitokenonly": {
    "word_initial": {
      "n": 159601,
      "mean_loss": 5.360188961029053
    },
    "word_continuation": {
      "n": 273221,
      "mean_loss": 2.470586061477661
    }
  },
  "by_wordlen_position": {
    "len2_init": {
      "n": 96521,
      "mean_loss": 5.194851398468018
    },
    "len2_cont": {
      "n": 53079,
      "mean_loss": 2.606199026107788
    },
    "len3_init": {
      "n": 33069,
      "mean_loss": 6.266012191772461
    },
    "len3_cont": {
      "n": 61634,
      "mean_loss": 2.5281920433044434
    },
    "len4plus_init": {
      "n": 30011,
      "mean_loss": 4.893822193145752
    },
    "len4plus_cont": {
      "n": 158508,
      "mean_loss": 2.4027745723724365
    }
  },
  "by_wordfreqdecile_position_multitokenonly": {
    "0": {
      "wordfreq_range": [
        1.0,
        1.0
      ],
      "word_initial": {
        "n": 0,
        "mean_loss": null
      },
      "word_continuation": {
        "n": 0,
        "mean_loss": null
      }
    },
    "1": {
      "wordfreq_range": [
        1.0,
        1.0
      ],
      "word_initial": {
        "n": 0,
        "mean_loss": null
      },
      "word_continuation": {
        "n": 0,