{
  "model": "EleutherAI/pythia-6.9b",
  "n_pred_tokens": 1233738,
  "overall_mean_loss": 2.6469757556915283,
  "by_position": {
    "word_initial": {
      "n": 580174,
      "mean_loss": 3.758699893951416
    },
    "word_continuation": {
      "n": 273221,
      "mean_loss": 1.9896222352981567
    },
    "other": {
      "n": 380343,
      "mean_loss": 1.4233648777008057
    }
  },
  "by_depth": {
    "0_initial": {
      "n": 580174,
      "mean_loss": 3.758699893951416
    },
    "1": {
      "n": 111688,
      "mean_loss": 2.496011734008789
    },
    "2": {
      "n": 65341,
      "mean_loss": 1.9505356550216675
    },
    "3plus": {
      "n": 96192,
      "mean_loss": 1.428206205368042
    }
  },
  "by_seqband_position": {
    "early_lt128": {
      "word_initial": {
        "n": 72585,
        "mean_loss": 4.148938179016113
      },
      "word_continuation": {
        "n": 34258,
        "mean_loss": 2.596712350845337
      }
    },
    "mid": {
      "word_initial": {
        "n": 362211,
        "mean_loss": 3.715057373046875
      },
      "word_continuation": {
        "n": 171078,
        "mean_loss": 1.9153461456298828
      }
    },
    "late": {
      "word_initial": {
        "n": 145378,
        "mean_loss": 3.6725945472717285
      },
      "word_continuation": {
        "n": 67885,
        "mean_loss": 1.8704400062561035
      }
    }
  },
  "by_freqdecile_position": {
    "0": {
      "freq_range": [
        1.0,
        14.0
      ],
      "word_initial": {
        "n": 55046,
        "mean_loss": 6.539618492126465
      },
      "word_continuation": {
        "n": 29401,
        "mean_loss": 3.927661418914795
      }
    },
    "1": {
      "freq_range": [
        14.0,
        35.0
      ],
      "word_initial": {
        "n": 55500,
        "mean_loss": 5.539989948272705
      },
      "word_continuation": {
        "n": 29716,
        "mean_loss": 2.8336431980133057
      }
    },
    "2": {
      "freq_range": [
        35.0,
        69.0
      ],
      "word_initial": {
        "n": 55345,
        "mean_loss": 5.1294779777526855
      },
      "word_continuation": {
        "n": 28638,
        "mean_loss": 2.383589267730713
      }
    },
    "3": {
      "freq_range": [
        69.0,
        129.0
      ],
      "word_initial": {
        "n": 55452,
        "mean_loss": 4.629545211791992
      },
      "word_continuation": {
        "n": 32230,
        "mean_loss": 1.9672858715057373
      }
    },
    "4": {
      "freq_range": [
        129.0,
        235.0
      ],
      "word_initial": {
        "n": 50479,
        "mean_loss": 4.333138942718506
      },
      "word_continuation": {
        "n": 34160,
        "mean_loss": 1.7020336389541626
      }
    },
    "5": {
      "freq_range": [
        235.0,
        465.0
      ],
      "word_initial": {
        "n": 56546,
        "mean_loss": 3.72548508644104
      },
      "word_continuation": {
        "n": 29155,
        "mean_loss": 1.3775328397750854
      }
    },
    "6": {
      "freq_range": [
        465.0,
        982.0
      ],
      "word_initial": {
        "n": 52215,
        "mean_loss": 3.2620182037353516
      },
      "word_continuation": {
        "n": 32724,
        "mean_loss": 1.7040107250213623
      }
    },
    "7": {
      "freq_range": [
        982.0,
        2871.0
      ],
      "word_initial": {
        "n": 51711,
        "mean_loss": 2.648311138153076
      },
      "word_continuation": {
        "n": 33872,
        "mean_loss": 1.4387390613555908
      }
    },
    "8": {
      "freq_range": [
        2871.0,
        12358.0
      ],
      "word_initial": {
        "n": 53459,
        "mean_loss": 1.9045518636703491
      },
      "word_continuation": {
        "n": 23325,
        "mean_loss": 0.4055540859699249
      }
    },
    "9": {
      "freq_range": [
        12358.0,
        32401.0
      ],
      "word_initial": {
        "n": 94421,
        "mean_loss": 1.4208667278289795
      },
      "word_continuation": {
        "n": 0,
        "mean_loss": null
      }
    }
  },
  "by_wordfreqdecile_position": {
    "0": {
      "wordfreq_range": [
        1.0,
        1.0
      ],
      "word_initial": {
        "n": 0,
        "mean_loss": null
      },
      "word_continuation": {
        "n": 0,
        "mean_loss": null
      }
    },
    "1": {
      "wordfreq_range": [
        1.0,
        2.0
      ],
      "word_initial": {
        "n": 44485,
        "mean_loss": 5.698509693145752
      },
      "word_continuation": {
        "n": 116216,
        "mean_loss": 2.53584885597229
      }
    },
    "2": {
      "wordfreq_range": [
        2.0,
        5.0
      ],
      "word_initial": {
        "n": 44810,
        "mean_loss": 5.661582946777344
      },
      "word_continuation": {
        "n": 50251,
        "mean_loss": 2.009533643722534
      }
    },
    "3": {
      "wordfreq_range": [
        5.0,
        12.0
      ],
      "word_initial": {
        "n": 48494,
        "mean_loss": 5.351691246032715
      },
      "word_continuation": {
        "n": 30269,
        "mean_loss": 1.5429387092590332
      }
    },
    "4": {
      "wordfreq_range": [
        12.0,
        32.0
      ],
      "word_initial": {
        "n": 64423,
        "mean_loss": 4.901339054107666
      },
      "word_continuation": {
        "n": 26797,
        "mean_loss": 1.3967406749725342
      }
    },
    "5": {
      "wordfreq_range": [
        32.0,
        86.0
      ],
      "word_initial": {
        "n": 66555,
        "mean_loss": 4.463268280029297
      },
      "word_continuation": {
        "n": 19470,
        "mean_loss": 1.3327860832214355
      }
    },
    "6": {
      "wordfreq_range": [
        86.0,
        270.0
      ],
      "word_initial": {
        "n": 72729,
        "mean_loss": 3.9346323013305664
      },
      "word_continuation": {
        "n": 12697,
        "mean_loss": 1.509147047996521
      }
    },
    "7": {
      "wordfreq_range": [
        270.0,
        1543.0
      ],
      "word_initial": {
        "n": 74750,
        "mean_loss": 3.0262362957000732
      },
      "word_continuation": {
        "n": 9698,
        "mean_loss": 1.1346359252929688
      }
    },
    "8": {
      "wordfreq_range": [
        1543.0,
        12226.0
      ],
      "word_initial": {
        "n": 69897,
        "mean_loss": 2.2292609214782715
      },
      "word_continuation": {
        "n": 7724,
        "mean_loss": 0.9491345882415771
      }
    },
    "9": {
      "wordfreq_range": [
        12226.0,
        32419.0
      ],
      "word_initial": {
        "n": 94031,
        "mean_loss": 1.414189338684082
      },
      "word_continuation": {
        "n": 99,
        "mean_loss": 3.452266216278076
      }
    }
  },
  "by_position_multitokenonly": {
    "word_initial": {
      "n": 159601,
      "mean_loss": 4.636402606964111
    },
    "word_continuation": {
      "n": 273221,
      "mean_loss": 1.9896222352981567
    }
  },
  "by_wordlen_position": {
    "len2_init": {
      "n": 96521,
      "mean_loss": 4.469498634338379
    },
    "len2_cont": {
      "n": 53079,
      "mean_loss": 2.1452419757843018
    },
    "len3_init": {
      "n": 33069,
      "mean_loss": 5.481089115142822
    },
    "len3_cont": {
      "n": 61634,
      "mean_loss": 2.0490517616271973
    },
    "len4plus_init": {
      "n": 30011,
      "mean_loss": 4.242443084716797
    },
    "len4plus_cont": {
      "n": 158508,
      "mean_loss": 1.9144017696380615
    }
  },
  "by_wordfreqdecile_position_multitokenonly": {
    "0": {
      "wordfreq_range": [
        1.0,
        1.0
      ],
      "word_initial": {
        "n": 0,
        "mean_loss": null
      },
      "word_continuation": {
        "n": 0,
        "mean_loss": null
      }
    },
    "1": {
      "wordfreq_range": [
        1.0,
        1.0
      ],
      "word_initial": {
        "n": 0,
        "mean_loss": null
      },
      "word_continuation": {
        "n": 0,