{
  "model": "EleutherAI/pythia-1.4b-deduped",
  "n_pred_tokens": 1233738,
  "overall_mean_loss": 1.9906232357025146,
  "by_position": {
    "word_initial": {
      "n": 580174,
      "mean_loss": 2.918508529663086
    },
    "word_continuation": {
      "n": 273221,
      "mean_loss": 1.2578248977661133
    },
    "other": {
      "n": 380343,
      "mean_loss": 1.1016384363174438
    }
  },
  "by_depth": {
    "0_initial": {
      "n": 580174,
      "mean_loss": 2.918508529663086
    },
    "1": {
      "n": 111688,
      "mean_loss": 1.7188763618469238
    },
    "2": {
      "n": 65341,
      "mean_loss": 1.1777716875076294
    },
    "3plus": {
      "n": 96192,
      "mean_loss": 0.776878833770752
    }
  },
  "by_seqband_position": {
    "early_lt128": {
      "word_initial": {
        "n": 72585,
        "mean_loss": 3.3189127445220947
      },
      "word_continuation": {
        "n": 34258,
        "mean_loss": 1.7407863140106201
      }
    },
    "mid": {
      "word_initial": {
        "n": 362211,
        "mean_loss": 2.868832588195801
      },
      "word_continuation": {
        "n": 171078,
        "mean_loss": 1.1944886445999146
      }
    },
    "late": {
      "word_initial": {
        "n": 145378,
        "mean_loss": 2.8423609733581543
      },
      "word_continuation": {
        "n": 67885,
        "mean_loss": 1.173714280128479
      }
    }
  },
  "by_freqdecile_position": {
    "0": {
      "freq_range": [
        1.0,
        14.0
      ],
      "word_initial": {
        "n": 55046,
        "mean_loss": 5.094767093658447
      },
      "word_continuation": {
        "n": 29401,
        "mean_loss": 2.6820361614227295
      }
    },
    "1": {
      "freq_range": [
        14.0,
        35.0
      ],
      "word_initial": {
        "n": 55500,
        "mean_loss": 4.233569622039795
      },
      "word_continuation": {
        "n": 29716,
        "mean_loss": 1.8202180862426758
      }
    },
    "2": {
      "freq_range": [
        35.0,
        69.0
      ],
      "word_initial": {
        "n": 55345,
        "mean_loss": 3.918402671813965
      },
      "word_continuation": {
        "n": 28638,
        "mean_loss": 1.4464701414108276
      }
    },
    "3": {
      "freq_range": [
        69.0,
        129.0
      ],
      "word_initial": {
        "n": 55452,
        "mean_loss": 3.5404698848724365
      },
      "word_continuation": {
        "n": 32230,
        "mean_loss": 1.1418401002883911
      }
    },
    "4": {
      "freq_range": [
        129.0,
        235.0
      ],
      "word_initial": {
        "n": 50479,
        "mean_loss": 3.328683614730835
      },
      "word_continuation": {
        "n": 34160,
        "mean_loss": 0.9433497786521912
      }
    },
    "5": {
      "freq_range": [
        235.0,
        465.0
      ],
      "word_initial": {
        "n": 56546,
        "mean_loss": 2.89904522895813
      },
      "word_continuation": {
        "n": 29155,
        "mean_loss": 0.8023344278335571
      }
    },
    "6": {
      "freq_range": [
        465.0,
        982.0
      ],
      "word_initial": {
        "n": 52215,
        "mean_loss": 2.5377490520477295
      },
      "word_continuation": {
        "n": 32724,
        "mean_loss": 1.1231200695037842
      }
    },
    "7": {
      "freq_range": [
        982.0,
        2871.0
      ],
      "word_initial": {
        "n": 51711,
        "mean_loss": 2.1466004848480225
      },
      "word_continuation": {
        "n": 33872,
        "mean_loss": 0.9951746463775635
      }
    },
    "8": {
      "freq_range": [
        2871.0,
        12358.0
      ],
      "word_initial": {
        "n": 53459,
        "mean_loss": 1.522544264793396
      },
      "word_continuation": {
        "n": 23325,
        "mean_loss": 0.2750735580921173
      }
    },
    "9": {
      "freq_range": [
        12358.0,
        32401.0
      ],
      "word_initial": {
        "n": 94421,
        "mean_loss": 1.1414819955825806
      },
      "word_continuation": {
        "n": 0,
        "mean_loss": null
      }
    }
  },
  "by_wordfreqdecile_position": {
    "0": {
      "wordfreq_range": [
        1.0,
        1.0
      ],
      "word_initial": {
        "n": 0,
        "mean_loss": null
      },
      "word_continuation": {
        "n": 0,
        "mean_loss": null
      }
    },
    "1": {
      "wordfreq_range": [
        1.0,
        2.0
      ],
      "word_initial": {
        "n": 44485,
        "mean_loss": 4.426211833953857
      },
      "word_continuation": {
        "n": 116216,
        "mean_loss": 1.6001654863357544
      }
    },
    "2": {
      "wordfreq_range": [
        2.0,
        5.0
      ],
      "word_initial": {
        "n": 44810,
        "mean_loss": 4.306459903717041
      },
      "word_continuation": {
        "n": 50251,
        "mean_loss": 1.205188274383545
      }
    },
    "3": {
      "wordfreq_range": [
        5.0,
        12.0
      ],
      "word_initial": {
        "n": 48494,
        "mean_loss": 4.058567523956299
      },
      "word_continuation": {
        "n": 30269,
        "mean_loss": 0.8734728097915649
      }
    },
    "4": {
      "wordfreq_range": [
        12.0,
        32.0
      ],
      "word_initial": {
        "n": 64423,
        "mean_loss": 3.7079012393951416
      },
      "word_continuation": {
        "n": 26797,
        "mean_loss": 0.8624095320701599
      }
    },
    "5": {
      "wordfreq_range": [
        32.0,
        86.0
      ],
      "word_initial": {
        "n": 66555,
        "mean_loss": 3.412396192550659
      },
      "word_continuation": {
        "n": 19470,
        "mean_loss": 0.8767234086990356
      }
    },
    "6": {
      "wordfreq_range": [
        86.0,
        270.0
      ],
      "word_initial": {
        "n": 72729,
        "mean_loss": 3.0700297355651855
      },
      "word_continuation": {
        "n": 12697,
        "mean_loss": 1.1453752517700195
      }
    },
    "7": {
      "wordfreq_range": [
        270.0,
        1543.0
      ],
      "word_initial": {
        "n": 74750,
        "mean_loss": 2.433211088180542
      },
      "word_continuation": {
        "n": 9698,
        "mean_loss": 0.9553351998329163
      }
    },
    "8": {
      "wordfreq_range": [
        1543.0,
        12226.0
      ],
      "word_initial": {
        "n": 69897,
        "mean_loss": 1.8401751518249512
      },
      "word_continuation": {
        "n": 7724,
        "mean_loss": 0.8378498554229736
      }
    },
    "9": {
      "wordfreq_range": [
        12226.0,
        32419.0
      ],
      "word_initial": {
        "n": 94031,
        "mean_loss": 1.1356102228164673
      },
      "word_continuation": {
        "n": 99,
        "mean_loss": 2.416921377182007
      }
    }
  },
  "by_position_multitokenonly": {
    "word_initial": {
      "n": 159601,
      "mean_loss": 3.4445202350616455
    },
    "word_continuation": {
      "n": 273221,
      "mean_loss": 1.2578248977661133
    }
  },
  "by_wordlen_position": {
    "len2_init": {
      "n": 96521,
      "mean_loss": 3.2858128547668457
    },
    "len2_cont": {
      "n": 53079,
      "mean_loss": 1.5224438905715942
    },
    "len3_init": {
      "n": 33069,
      "mean_loss": 4.123288154602051
    },
    "len3_cont": {
      "n": 61634,
      "mean_loss": 1.313394546508789
    },
    "len4plus_init": {
      "n": 30011,
      "mean_loss": 3.2070209980010986
    },
    "len4plus_cont": {
      "n": 158508,
      "mean_loss": 1.147605299949646
    }
  },
  "by_wordfreqdecile_position_multitokenonly": {
    "0": {
      "wordfreq_range": [
        1.0,
        1.0
      ],
      "word_initial": {
        "n": 0,
        "mean_loss": null
      },
      "word_continuation": {
        "n": 0,
        "mean_loss": null
      }
    },
    "1": {
      "wordfreq_range": [
        1.0,
        1.0
      ],
      "word_initial": {
        "n": 0,
        "mean_loss": null
      },
      "word_continuation": {
        "n": 0,