{
  "model": "EleutherAI/pythia-12b",
  "n_pred_tokens": 1233738,
  "overall_mean_loss": 4.293697357177734,
  "by_position": {
    "word_initial": {
      "n": 580174,
      "mean_loss": 5.598916530609131
    },
    "word_continuation": {
      "n": 273221,
      "mean_loss": 4.126137733459473
    },
    "other": {
      "n": 380343,
      "mean_loss": 2.4230902194976807
    }
  },
  "by_depth": {
    "0_initial": {
      "n": 580174,
      "mean_loss": 5.598916530609131
    },
    "1": {
      "n": 111688,
      "mean_loss": 4.451390266418457
    },
    "2": {
      "n": 65341,
      "mean_loss": 4.498425483703613
    },
    "3plus": {
      "n": 96192,
      "mean_loss": 3.4956016540527344
    }
  },
  "by_seqband_position": {
    "early_lt128": {
      "word_initial": {
        "n": 72585,
        "mean_loss": 5.957896709442139
      },
      "word_continuation": {
        "n": 34258,
        "mean_loss": 4.9625067710876465
      }
    },
    "mid": {
      "word_initial": {
        "n": 362211,
        "mean_loss": 5.560545444488525
      },
      "word_continuation": {
        "n": 171078,
        "mean_loss": 4.044394016265869
      }
    },
    "late": {
      "word_initial": {
        "n": 145378,
        "mean_loss": 5.515283107757568
      },
      "word_continuation": {
        "n": 67885,
        "mean_loss": 3.9100708961486816
      }
    }
  },
  "by_freqdecile_position": {
    "0": {
      "freq_range": [
        1.0,
        14.0
      ],
      "word_initial": {
        "n": 55046,
        "mean_loss": 9.046897888183594
      },
      "word_continuation": {
        "n": 29401,
        "mean_loss": 6.423880100250244
      }
    },
    "1": {
      "freq_range": [
        14.0,
        35.0
      ],
      "word_initial": {
        "n": 55500,
        "mean_loss": 8.132089614868164
      },
      "word_continuation": {
        "n": 29716,
        "mean_loss": 5.562191009521484
      }
    },
    "2": {
      "freq_range": [
        35.0,
        69.0
      ],
      "word_initial": {
        "n": 55345,
        "mean_loss": 7.705229759216309
      },
      "word_continuation": {
        "n": 28638,
        "mean_loss": 5.116827964782715
      }
    },
    "3": {
      "freq_range": [
        69.0,
        129.0
      ],
      "word_initial": {
        "n": 55452,
        "mean_loss": 7.1566009521484375
      },
      "word_continuation": {
        "n": 32230,
        "mean_loss": 4.5031232833862305
      }
    },
    "4": {
      "freq_range": [
        129.0,
        235.0
      ],
      "word_initial": {
        "n": 50479,
        "mean_loss": 6.674661159515381
      },
      "word_continuation": {
        "n": 34160,
        "mean_loss": 4.077153205871582
      }
    },
    "5": {
      "freq_range": [
        235.0,
        465.0
      ],
      "word_initial": {
        "n": 56546,
        "mean_loss": 5.846561908721924
      },
      "word_continuation": {
        "n": 29155,
        "mean_loss": 3.65620493888855
      }
    },
    "6": {
      "freq_range": [
        465.0,
        982.0
      ],
      "word_initial": {
        "n": 52215,
        "mean_loss": 4.940548896789551
      },
      "word_continuation": {
        "n": 32724,
        "mean_loss": 3.5339059829711914
      }
    },
    "7": {
      "freq_range": [
        982.0,
        2871.0
      ],
      "word_initial": {
        "n": 51711,
        "mean_loss": 3.9299423694610596
      },
      "word_continuation": {
        "n": 33872,
        "mean_loss": 2.7725024223327637
      }
    },
    "8": {
      "freq_range": [
        2871.0,
        12358.0
      ],
      "word_initial": {
        "n": 53459,
        "mean_loss": 2.922630548477173
      },
      "word_continuation": {
        "n": 23325,
        "mean_loss": 1.1187835931777954
      }
    },
    "9": {
      "freq_range": [
        12358.0,
        32401.0
      ],
      "word_initial": {
        "n": 94421,
        "mean_loss": 2.020338296890259
      },
      "word_continuation": {
        "n": 0,
        "mean_loss": null
      }
    }
  },
  "by_wordfreqdecile_position": {
    "0": {
      "wordfreq_range": [
        1.0,
        1.0
      ],
      "word_initial": {
        "n": 0,
        "mean_loss": null
      },
      "word_continuation": {
        "n": 0,
        "mean_loss": null
      }
    },
    "1": {
      "wordfreq_range": [
        1.0,
        2.0
      ],
      "word_initial": {
        "n": 44485,
        "mean_loss": 7.699978828430176
      },
      "word_continuation": {
        "n": 116216,
        "mean_loss": 4.875917434692383
      }
    },
    "2": {
      "wordfreq_range": [
        2.0,
        5.0
      ],
      "word_initial": {
        "n": 44810,
        "mean_loss": 8.10206127166748
      },
      "word_continuation": {
        "n": 50251,
        "mean_loss": 4.142831325531006
      }
    },
    "3": {
      "wordfreq_range": [
        5.0,
        12.0
      ],
      "word_initial": {
        "n": 48494,
        "mean_loss": 7.869999885559082
      },
      "word_continuation": {
        "n": 30269,
        "mean_loss": 3.7160847187042236
      }
    },
    "4": {
      "wordfreq_range": [
        12.0,
        32.0
      ],
      "word_initial": {
        "n": 64423,
        "mean_loss": 7.490106582641602
      },
      "word_continuation": {
        "n": 26797,
        "mean_loss": 3.5129001140594482
      }
    },
    "5": {
      "wordfreq_range": [
        32.0,
        86.0
      ],
      "word_initial": {
        "n": 66555,
        "mean_loss": 6.979736328125
      },
      "word_continuation": {
        "n": 19470,
        "mean_loss": 3.248809814453125
      }
    },
    "6": {
      "wordfreq_range": [
        86.0,
        270.0
      ],
      "word_initial": {
        "n": 72729,
        "mean_loss": 6.152074337005615
      },
      "word_continuation": {
        "n": 12697,
        "mean_loss": 3.4965598583221436
      }
    },
    "7": {
      "wordfreq_range": [
        270.0,
        1543.0
      ],
      "word_initial": {
        "n": 74750,
        "mean_loss": 4.626454830169678
      },
      "word_continuation": {
        "n": 9698,
        "mean_loss": 2.6345322132110596
      }
    },
    "8": {
      "wordfreq_range": [
        1543.0,
        12226.0
      ],
      "word_initial": {
        "n": 69897,
        "mean_loss": 3.3108949661254883
      },
      "word_continuation": {
        "n": 7724,
        "mean_loss": 1.5909063816070557
      }
    },
    "9": {
      "wordfreq_range": [
        12226.0,
        32419.0
      ],
      "word_initial": {
        "n": 94031,
        "mean_loss": 2.0137622356414795
      },
      "word_continuation": {
        "n": 99,
        "mean_loss": 4.051616191864014
      }
    }
  },
  "by_position_multitokenonly": {
    "word_initial": {
      "n": 159601,
      "mean_loss": 7.0571489334106445
    },
    "word_continuation": {
      "n": 273221,
      "mean_loss": 4.126137733459473
    }
  },
  "by_wordlen_position": {
    "len2_init": {
      "n": 96521,
      "mean_loss": 7.081160545349121
    },
    "len2_cont": {
      "n": 53079,
      "mean_loss": 3.9749128818511963
    },
    "len3_init": {
      "n": 33069,
      "mean_loss": 7.781205177307129
    },
    "len3_cont": {
      "n": 61634,
      "mean_loss": 4.2626872062683105
    },
    "len4plus_init": {
      "n": 30011,
      "mean_loss": 6.182089328765869
    },
    "len4plus_cont": {
      "n": 158508,
      "mean_loss": 4.123682022094727
    }
  },
  "by_wordfreqdecile_position_multitokenonly": {
    "0": {
      "wordfreq_range": [
        1.0,
        1.0
      ],
      "word_initial": {
        "n": 0,
        "mean_loss": null
      },
      "word_continuation": {
        "n": 0,
        "mean_loss": null
      }
    },
    "1": {
      "wordfreq_range": [
        1.0,
        1.0
      ],
      "word_initial": {
        "n": 0,
        "mean_loss": null
      },
      "word_continuation": {
        "n": 0,