{
  "model": "EleutherAI/pythia-12b",
  "n_pred_tokens": 1233738,
  "overall_mean_loss": 1.6488085985183716,
  "by_position": {
    "word_initial": {
      "n": 580174,
      "mean_loss": 2.434074640274048
    },
    "word_continuation": {
      "n": 273221,
      "mean_loss": 0.9494497179985046
    },
    "other": {
      "n": 380343,
      "mean_loss": 0.953352689743042
    }
  },
  "by_depth": {
    "0_initial": {
      "n": 580174,
      "mean_loss": 2.434074640274048
    },
    "1": {
      "n": 111688,
      "mean_loss": 1.3880716562271118
    },
    "2": {
      "n": 65341,
      "mean_loss": 0.8536105155944824
    },
    "3plus": {
      "n": 96192,
      "mean_loss": 0.5052700042724609
    }
  },
  "by_seqband_position": {
    "early_lt128": {
      "word_initial": {
        "n": 72585,
        "mean_loss": 2.8687422275543213
      },
      "word_continuation": {
        "n": 34258,
        "mean_loss": 1.392972707748413
      }
    },
    "mid": {
      "word_initial": {
        "n": 362211,
        "mean_loss": 2.378871440887451
      },
      "word_continuation": {
        "n": 171078,
        "mean_loss": 0.8900587558746338
      }
    },
    "late": {
      "word_initial": {
        "n": 145378,
        "mean_loss": 2.3545899391174316
      },
      "word_continuation": {
        "n": 67885,
        "mean_loss": 0.8752998113632202
      }
    }
  },
  "by_freqdecile_position": {
    "0": {
      "freq_range": [
        1.0,
        14.0
      ],
      "word_initial": {
        "n": 55046,
        "mean_loss": 4.207486629486084
      },
      "word_continuation": {
        "n": 29401,
        "mean_loss": 2.1127986907958984
      }
    },
    "1": {
      "freq_range": [
        14.0,
        35.0
      ],
      "word_initial": {
        "n": 55500,
        "mean_loss": 3.439140558242798
      },
      "word_continuation": {
        "n": 29716,
        "mean_loss": 1.3683347702026367
      }
    },
    "2": {
      "freq_range": [
        35.0,
        69.0
      ],
      "word_initial": {
        "n": 55345,
        "mean_loss": 3.2002482414245605
      },
      "word_continuation": {
        "n": 28638,
        "mean_loss": 1.0340689420700073
      }
    },
    "3": {
      "freq_range": [
        69.0,
        129.0
      ],
      "word_initial": {
        "n": 55452,
        "mean_loss": 2.9074466228485107
      },
      "word_continuation": {
        "n": 32230,
        "mean_loss": 0.8163393139839172
      }
    },
    "4": {
      "freq_range": [
        129.0,
        235.0
      ],
      "word_initial": {
        "n": 50479,
        "mean_loss": 2.7409987449645996
      },
      "word_continuation": {
        "n": 34160,
        "mean_loss": 0.6849653124809265
      }
    },
    "5": {
      "freq_range": [
        235.0,
        465.0
      ],
      "word_initial": {
        "n": 56546,
        "mean_loss": 2.4240474700927734
      },
      "word_continuation": {
        "n": 29155,
        "mean_loss": 0.5727930068969727
      }
    },
    "6": {
      "freq_range": [
        465.0,
        982.0
      ],
      "word_initial": {
        "n": 52215,
        "mean_loss": 2.1113288402557373
      },
      "word_continuation": {
        "n": 32724,
        "mean_loss": 0.8543700575828552
      }
    },
    "7": {
      "freq_range": [
        982.0,
        2871.0
      ],
      "word_initial": {
        "n": 51711,
        "mean_loss": 1.9032431840896606
      },
      "word_continuation": {
        "n": 33872,
        "mean_loss": 0.8168649673461914
      }
    },
    "8": {
      "freq_range": [
        2871.0,
        12358.0
      ],
      "word_initial": {
        "n": 53459,
        "mean_loss": 1.3245925903320312
      },
      "word_continuation": {
        "n": 23325,
        "mean_loss": 0.21350803971290588
      }
    },
    "9": {
      "freq_range": [
        12358.0,
        32401.0
      ],
      "word_initial": {
        "n": 94421,
        "mean_loss": 1.0216108560562134
      },
      "word_continuation": {
        "n": 0,
        "mean_loss": null
      }
    }
  },
  "by_wordfreqdecile_position": {
    "0": {
      "wordfreq_range": [
        1.0,
        1.0
      ],
      "word_initial": {
        "n": 0,
        "mean_loss": null
      },
      "word_continuation": {
        "n": 0,
        "mean_loss": null
      }
    },
    "1": {
      "wordfreq_range": [
        1.0,
        2.0
      ],
      "word_initial": {
        "n": 44485,
        "mean_loss": 3.526956796646118
      },
      "word_continuation": {
        "n": 116216,
        "mean_loss": 1.156911849975586
      }
    },
    "2": {
      "wordfreq_range": [
        2.0,
        5.0
      ],
      "word_initial": {
        "n": 44810,
        "mean_loss": 3.4403984546661377
      },
      "word_continuation": {
        "n": 50251,
        "mean_loss": 0.8697302937507629
      }
    },
    "3": {
      "wordfreq_range": [
        5.0,
        12.0
      ],
      "word_initial": {
        "n": 48494,
        "mean_loss": 3.2646777629852295
      },
      "word_continuation": {
        "n": 30269,
        "mean_loss": 0.6878898739814758
      }
    },
    "4": {
      "wordfreq_range": [
        12.0,
        32.0
      ],
      "word_initial": {
        "n": 64423,
        "mean_loss": 3.027602434158325
      },
      "word_continuation": {
        "n": 26797,
        "mean_loss": 0.7066518664360046
      }
    },
    "5": {
      "wordfreq_range": [
        32.0,
        86.0
      ],
      "word_initial": {
        "n": 66555,
        "mean_loss": 2.8388636112213135
      },
      "word_continuation": {
        "n": 19470,
        "mean_loss": 0.7224023342132568
      }
    },
    "6": {
      "wordfreq_range": [
        86.0,
        270.0
      ],
      "word_initial": {
        "n": 72729,
        "mean_loss": 2.6030824184417725
      },
      "word_continuation": {
        "n": 12697,
        "mean_loss": 0.9899652004241943
      }
    },
    "7": {
      "wordfreq_range": [
        270.0,
        1543.0
      ],
      "word_initial": {
        "n": 74750,
        "mean_loss": 2.1200170516967773
      },
      "word_continuation": {
        "n": 9698,
        "mean_loss": 0.882125973701477
      }
    },
    "8": {
      "wordfreq_range": [
        1543.0,
        12226.0
      ],
      "word_initial": {
        "n": 69897,
        "mean_loss": 1.6513935327529907
      },
      "word_continuation": {
        "n": 7724,
        "mean_loss": 0.7890819907188416
      }
    },
    "9": {
      "wordfreq_range": [
        12226.0,
        32419.0
      ],
      "word_initial": {
        "n": 94031,
        "mean_loss": 1.016711711883545
      },
      "word_continuation": {
        "n": 99,
        "mean_loss": 2.1290061473846436
      }
    }
  },
  "by_position_multitokenonly": {
    "word_initial": {
      "n": 159601,
      "mean_loss": 2.6920440196990967
    },
    "word_continuation": {
      "n": 273221,
      "mean_loss": 0.9494497179985046
    }
  },
  "by_wordlen_position": {
    "len2_init": {
      "n": 96521,
      "mean_loss": 2.5940186977386475
    },
    "len2_cont": {
      "n": 53079,
      "mean_loss": 1.2720149755477905
    },
    "len3_init": {
      "n": 33069,
      "mean_loss": 3.192368507385254
    },
    "len3_cont": {
      "n": 61634,
      "mean_loss": 1.0224144458770752
    },
    "len4plus_init": {
      "n": 30011,
      "mean_loss": 2.4560070037841797
    },
    "len4plus_cont": {
      "n": 158508,
      "mean_loss": 0.813062310218811
    }
  },
  "by_wordfreqdecile_position_multitokenonly": {
    "0": {
      "wordfreq_range": [
        1.0,
        1.0
      ],
      "word_initial": {
        "n": 0,
        "mean_loss": null
      },
      "word_continuation": {
        "n": 0,
        "mean_loss": null
      }
    },
    "1": {
      "wordfreq_range": [
        1.0,
        1.0
      ],
      "word_initial": {
        "n": 0,
        "mean_loss": null
      },
      "word_continuation": {
        "n": 0,