{
  "model": "EleutherAI/pythia-1b-deduped",
  "n_pred_tokens": 1233738,
  "overall_mean_loss": 2.2191600799560547,
  "by_position": {
    "word_initial": {
      "n": 580174,
      "mean_loss": 3.2136952877044678
    },
    "word_continuation": {
      "n": 273221,
      "mean_loss": 1.496841549873352
    },
    "other": {
      "n": 380343,
      "mean_loss": 1.2209794521331787
    }
  },
  "by_depth": {
    "0_initial": {
      "n": 580174,
      "mean_loss": 3.2136952877044678
    },
    "1": {
      "n": 111688,
      "mean_loss": 1.9817228317260742
    },
    "2": {
      "n": 65341,
      "mean_loss": 1.4352279901504517
    },
    "3plus": {
      "n": 96192,
      "mean_loss": 0.975700855255127
    }
  },
  "by_seqband_position": {
    "early_lt128": {
      "word_initial": {
        "n": 72585,
        "mean_loss": 3.617715358734131
      },
      "word_continuation": {
        "n": 34258,
        "mean_loss": 2.0383780002593994
      }
    },
    "mid": {
      "word_initial": {
        "n": 362211,
        "mean_loss": 3.1649370193481445
      },
      "word_continuation": {
        "n": 171078,
        "mean_loss": 1.4286731481552124
      }
    },
    "late": {
      "word_initial": {
        "n": 145378,
        "mean_loss": 3.133455991744995
      },
      "word_continuation": {
        "n": 67885,
        "mean_loss": 1.3953484296798706
      }
    }
  },
  "by_freqdecile_position": {
    "0": {
      "freq_range": [
        1.0,
        14.0
      ],
      "word_initial": {
        "n": 55046,
        "mean_loss": 5.585594654083252
      },
      "word_continuation": {
        "n": 29401,
        "mean_loss": 3.076988697052002
      }
    },
    "1": {
      "freq_range": [
        14.0,
        35.0
      ],
      "word_initial": {
        "n": 55500,
        "mean_loss": 4.678835391998291
      },
      "word_continuation": {
        "n": 29716,
        "mean_loss": 2.1562070846557617
      }
    },
    "2": {
      "freq_range": [
        35.0,
        69.0
      ],
      "word_initial": {
        "n": 55345,
        "mean_loss": 4.333439826965332
      },
      "word_continuation": {
        "n": 28638,
        "mean_loss": 1.755298376083374
      }
    },
    "3": {
      "freq_range": [
        69.0,
        129.0
      ],
      "word_initial": {
        "n": 55452,
        "mean_loss": 3.90771222114563
      },
      "word_continuation": {
        "n": 32230,
        "mean_loss": 1.4098351001739502
      }
    },
    "4": {
      "freq_range": [
        129.0,
        235.0
      ],
      "word_initial": {
        "n": 50479,
        "mean_loss": 3.686596155166626
      },
      "word_continuation": {
        "n": 34160,
        "mean_loss": 1.196130633354187
      }
    },
    "5": {
      "freq_range": [
        235.0,
        465.0
      ],
      "word_initial": {
        "n": 56546,
        "mean_loss": 3.205333948135376
      },
      "word_continuation": {
        "n": 29155,
        "mean_loss": 1.0047345161437988
      }
    },
    "6": {
      "freq_range": [
        465.0,
        982.0
      ],
      "word_initial": {
        "n": 52215,
        "mean_loss": 2.7795090675354004
      },
      "word_continuation": {
        "n": 32724,
        "mean_loss": 1.3210872411727905
      }
    },
    "7": {
      "freq_range": [
        982.0,
        2871.0
      ],
      "word_initial": {
        "n": 51711,
        "mean_loss": 2.3231112957000732
      },
      "word_continuation": {
        "n": 33872,
        "mean_loss": 1.1315151453018188
      }
    },
    "8": {
      "freq_range": [
        2871.0,
        12358.0
      ],
      "word_initial": {
        "n": 53459,
        "mean_loss": 1.671632170677185
      },
      "word_continuation": {
        "n": 23325,
        "mean_loss": 0.3005404770374298
      }
    },
    "9": {
      "freq_range": [
        12358.0,
        32401.0
      ],
      "word_initial": {
        "n": 94421,
        "mean_loss": 1.258905053138733
      },
      "word_continuation": {
        "n": 0,
        "mean_loss": null
      }
    }
  },
  "by_wordfreqdecile_position": {
    "0": {
      "wordfreq_range": [
        1.0,
        1.0
      ],
      "word_initial": {
        "n": 0,
        "mean_loss": null
      },
      "word_continuation": {
        "n": 0,
        "mean_loss": null
      }
    },
    "1": {
      "wordfreq_range": [
        1.0,
        2.0
      ],
      "word_initial": {
        "n": 44485,
        "mean_loss": 4.891213893890381
      },
      "word_continuation": {
        "n": 116216,
        "mean_loss": 1.9144381284713745
      }
    },
    "2": {
      "wordfreq_range": [
        2.0,
        5.0
      ],
      "word_initial": {
        "n": 44810,
        "mean_loss": 4.758289813995361
      },
      "word_continuation": {
        "n": 50251,
        "mean_loss": 1.481441617012024
      }
    },
    "3": {
      "wordfreq_range": [
        5.0,
        12.0
      ],
      "word_initial": {
        "n": 48494,
        "mean_loss": 4.487386226654053
      },
      "word_continuation": {
        "n": 30269,
        "mean_loss": 1.0766990184783936
      }
    },
    "4": {
      "wordfreq_range": [
        12.0,
        32.0
      ],
      "word_initial": {
        "n": 64423,
        "mean_loss": 4.1132612228393555
      },
      "word_continuation": {
        "n": 26797,
        "mean_loss": 1.0055079460144043
      }
    },
    "5": {
      "wordfreq_range": [
        32.0,
        86.0
      ],
      "word_initial": {
        "n": 66555,
        "mean_loss": 3.7672152519226074
      },
      "word_continuation": {
        "n": 19470,
        "mean_loss": 1.008625864982605
      }
    },
    "6": {
      "wordfreq_range": [
        86.0,
        270.0
      ],
      "word_initial": {
        "n": 72729,
        "mean_loss": 3.376192331314087
      },
      "word_continuation": {
        "n": 12697,
        "mean_loss": 1.2648133039474487
      }
    },
    "7": {
      "wordfreq_range": [
        270.0,
        1543.0
      ],
      "word_initial": {
        "n": 74750,
        "mean_loss": 2.6581976413726807
      },
      "word_continuation": {
        "n": 9698,
        "mean_loss": 0.9958170056343079
      }
    },
    "8": {
      "wordfreq_range": [
        1543.0,
        12226.0
      ],
      "word_initial": {
        "n": 69897,
        "mean_loss": 1.9790209531784058
      },
      "word_continuation": {
        "n": 7724,
        "mean_loss": 0.8925351500511169
      }
    },
    "9": {
      "wordfreq_range": [
        12226.0,
        32419.0
      ],
      "word_initial": {
        "n": 94031,
        "mean_loss": 1.25273597240448
      },
      "word_continuation": {
        "n": 99,
        "mean_loss": 2.5494980812072754
      }
    }
  },
  "by_position_multitokenonly": {
    "word_initial": {
      "n": 159601,
      "mean_loss": 3.84480357170105
    },
    "word_continuation": {
      "n": 273221,
      "mean_loss": 1.496841549873352
    }
  },
  "by_wordlen_position": {
    "len2_init": {
      "n": 96521,
      "mean_loss": 3.674445152282715
    },
    "len2_cont": {
      "n": 53079,
      "mean_loss": 1.7286479473114014
    },
    "len3_init": {
      "n": 33069,
      "mean_loss": 4.582468509674072
    },
    "len3_cont": {
      "n": 61634,
      "mean_loss": 1.566643238067627
    },
    "len4plus_init": {
      "n": 30011,
      "mean_loss": 3.5798773765563965
    },
    "len4plus_cont": {
      "n": 158508,
      "mean_loss": 1.3920756578445435
    }
  },
  "by_wordfreqdecile_position_multitokenonly": {
    "0": {
      "wordfreq_range": [
        1.0,
        1.0
      ],
      "word_initial": {
        "n": 0,
        "mean_loss": null
      },
      "word_continuation": {
        "n": 0,
        "mean_loss": null
      }
    },
    "1": {
      "wordfreq_range": [
        1.0,
        1.0
      ],
      "word_initial": {
        "n": 0,
        "mean_loss": null
      },
      "word_continuation": {
        "n": 0,