{
  "model": "EleutherAI/pythia-70m",
  "n_pred_tokens": 1233738,
  "overall_mean_loss": 3.206183671951294,
  "by_position": {
    "word_initial": {
      "n": 580174,
      "mean_loss": 4.435161113739014
    },
    "word_continuation": {
      "n": 273221,
      "mean_loss": 2.654107093811035
    },
    "other": {
      "n": 380343,
      "mean_loss": 1.7280888557434082
    }
  },
  "by_depth": {
    "0_initial": {
      "n": 580174,
      "mean_loss": 4.435161113739014
    },
    "1": {
      "n": 111688,
      "mean_loss": 3.1706690788269043
    },
    "2": {
      "n": 65341,
      "mean_loss": 2.6694416999816895
    },
    "3plus": {
      "n": 96192,
      "mean_loss": 2.043914556503296
    }
  },
  "by_seqband_position": {
    "early_lt128": {
      "word_initial": {
        "n": 72585,
        "mean_loss": 4.796693325042725
      },
      "word_continuation": {
        "n": 34258,
        "mean_loss": 3.393746852874756
      }
    },
    "mid": {
      "word_initial": {
        "n": 362211,
        "mean_loss": 4.393438339233398
      },
      "word_continuation": {
        "n": 171078,
        "mean_loss": 2.571582078933716
      }
    },
    "late": {
      "word_initial": {
        "n": 145378,
        "mean_loss": 4.358605861663818
      },
      "word_continuation": {
        "n": 67885,
        "mean_loss": 2.488823413848877
      }
    }
  },
  "by_freqdecile_position": {
    "0": {
      "freq_range": [
        1.0,
        14.0
      ],
      "word_initial": {
        "n": 55046,
        "mean_loss": 7.496298313140869
      },
      "word_continuation": {
        "n": 29401,
        "mean_loss": 4.718388080596924
      }
    },
    "1": {
      "freq_range": [
        14.0,
        35.0
      ],
      "word_initial": {
        "n": 55500,
        "mean_loss": 6.536759376525879
      },
      "word_continuation": {
        "n": 29716,
        "mean_loss": 3.6954638957977295
      }
    },
    "2": {
      "freq_range": [
        35.0,
        69.0
      ],
      "word_initial": {
        "n": 55345,
        "mean_loss": 6.099621295928955
      },
      "word_continuation": {
        "n": 28638,
        "mean_loss": 3.2256381511688232
      }
    },
    "3": {
      "freq_range": [
        69.0,
        129.0
      ],
      "word_initial": {
        "n": 55452,
        "mean_loss": 5.578230381011963
      },
      "word_continuation": {
        "n": 32230,
        "mean_loss": 2.8092658519744873
      }
    },
    "4": {
      "freq_range": [
        129.0,
        235.0
      ],
      "word_initial": {
        "n": 50479,
        "mean_loss": 5.176128387451172
      },
      "word_continuation": {
        "n": 34160,
        "mean_loss": 2.4940855503082275
      }
    },
    "5": {
      "freq_range": [
        235.0,
        465.0
      ],
      "word_initial": {
        "n": 56546,
        "mean_loss": 4.501905918121338
      },
      "word_continuation": {
        "n": 29155,
        "mean_loss": 2.026794672012329
      }
    },
    "6": {
      "freq_range": [
        465.0,
        982.0
      ],
      "word_initial": {
        "n": 52215,
        "mean_loss": 3.957223653793335
      },
      "word_continuation": {
        "n": 32724,
        "mean_loss": 2.3003060817718506
      }
    },
    "7": {
      "freq_range": [
        982.0,
        2871.0
      ],
      "word_initial": {
        "n": 51711,
        "mean_loss": 3.1070504188537598
      },
      "word_continuation": {
        "n": 33872,
        "mean_loss": 1.7831326723098755
      }
    },
    "8": {
      "freq_range": [
        2871.0,
        12358.0
      ],
      "word_initial": {
        "n": 53459,
        "mean_loss": 2.257603883743286
      },
      "word_continuation": {
        "n": 23325,
        "mean_loss": 0.5889400243759155
      }
    },
    "9": {
      "freq_range": [
        12358.0,
        32401.0
      ],
      "word_initial": {
        "n": 94421,
        "mean_loss": 1.5567634105682373
      },
      "word_continuation": {
        "n": 0,
        "mean_loss": null
      }
    }
  },
  "by_wordfreqdecile_position": {
    "0": {
      "wordfreq_range": [
        1.0,
        1.0
      ],
      "word_initial": {
        "n": 0,
        "mean_loss": null
      },
      "word_continuation": {
        "n": 0,
        "mean_loss": null
      }
    },
    "1": {
      "wordfreq_range": [
        1.0,
        2.0
      ],
      "word_initial": {
        "n": 44485,
        "mean_loss": 6.500874042510986
      },
      "word_continuation": {
        "n": 116216,
        "mean_loss": 3.287567615509033
      }
    },
    "2": {
      "wordfreq_range": [
        2.0,
        5.0
      ],
      "word_initial": {
        "n": 44810,
        "mean_loss": 6.602025032043457
      },
      "word_continuation": {
        "n": 50251,
        "mean_loss": 2.716006278991699
      }
    },
    "3": {
      "wordfreq_range": [
        5.0,
        12.0
      ],
      "word_initial": {
        "n": 48494,
        "mean_loss": 6.289089202880859
      },
      "word_continuation": {
        "n": 30269,
        "mean_loss": 2.221497058868408
      }
    },
    "4": {
      "wordfreq_range": [
        12.0,
        32.0
      ],
      "word_initial": {
        "n": 64423,
        "mean_loss": 5.873311519622803
      },
      "word_continuation": {
        "n": 26797,
        "mean_loss": 2.0187692642211914
      }
    },
    "5": {
      "wordfreq_range": [
        32.0,
        86.0
      ],
      "word_initial": {
        "n": 66555,
        "mean_loss": 5.390269756317139
      },
      "word_continuation": {
        "n": 19470,
        "mean_loss": 1.9216681718826294
      }
    },
    "6": {
      "wordfreq_range": [
        86.0,
        270.0
      ],
      "word_initial": {
        "n": 72729,
        "mean_loss": 4.7307047843933105
      },
      "word_continuation": {
        "n": 12697,
        "mean_loss": 2.021125078201294
      }
    },
    "7": {
      "wordfreq_range": [
        270.0,
        1543.0
      ],
      "word_initial": {
        "n": 74750,
        "mean_loss": 3.661053419113159
      },
      "word_continuation": {
        "n": 9698,
        "mean_loss": 1.438441514968872
      }
    },
    "8": {
      "wordfreq_range": [
        1543.0,
        12226.0
      ],
      "word_initial": {
        "n": 69897,
        "mean_loss": 2.6119894981384277
      },
      "word_continuation": {
        "n": 7724,
        "mean_loss": 1.0212594270706177
      }
    },
    "9": {
      "wordfreq_range": [
        12226.0,
        32419.0
      ],
      "word_initial": {
        "n": 94031,
        "mean_loss": 1.5498582124710083
      },
      "word_continuation": {
        "n": 99,
        "mean_loss": 3.5665512084960938
      }
    }
  },
  "by_position_multitokenonly": {
    "word_initial": {
      "n": 159601,
      "mean_loss": 5.539913654327393
    },
    "word_continuation": {
      "n": 273221,
      "mean_loss": 2.654107093811035
    }
  },
  "by_wordlen_position": {
    "len2_init": {
      "n": 96521,
      "mean_loss": 5.444486141204834
    },
    "len2_cont": {
      "n": 53079,
      "mean_loss": 2.7397191524505615
    },
    "len3_init": {
      "n": 33069,
      "mean_loss": 6.374013423919678
    },
    "len3_cont": {
      "n": 61634,
      "mean_loss": 2.7199995517730713
    },
    "len4plus_init": {
      "n": 30011,
      "mean_loss": 4.927734851837158
    },
    "len4plus_cont": {
      "n": 158508,
      "mean_loss": 2.5998177528381348
    }
  },
  "by_wordfreqdecile_position_multitokenonly": {
    "0": {
      "wordfreq_range": [
        1.0,
        1.0
      ],
      "word_initial": {
        "n": 0,
        "mean_loss": null
      },
      "word_continuation": {
        "n": 0,
        "mean_loss": null
      }
    },
    "1": {
      "wordfreq_range": [
        1.0,
        1.0
      ],
      "word_initial": {
        "n": 0,
        "mean_loss": null
      },
      "word_continuation": {
        "n": 0,