{
  "model": "EleutherAI/pythia-12b",
  "n_pred_tokens": 1233738,
  "overall_mean_loss": 1.699459433555603,
  "by_position": {
    "word_initial": {
      "n": 580174,
      "mean_loss": 2.5057969093322754
    },
    "word_continuation": {
      "n": 273221,
      "mean_loss": 0.9929311871528625
    },
    "other": {
      "n": 380343,
      "mean_loss": 0.9770112633705139
    }
  },
  "by_depth": {
    "0_initial": {
      "n": 580174,
      "mean_loss": 2.5057969093322754
    },
    "1": {
      "n": 111688,
      "mean_loss": 1.4362982511520386
    },
    "2": {
      "n": 65341,
      "mean_loss": 0.9001385569572449
    },
    "3plus": {
      "n": 96192,
      "mean_loss": 0.5411718487739563
    }
  },
  "by_seqband_position": {
    "early_lt128": {
      "word_initial": {
        "n": 72585,
        "mean_loss": 2.936539649963379
      },
      "word_continuation": {
        "n": 34258,
        "mean_loss": 1.4319878816604614
      }
    },
    "mid": {
      "word_initial": {
        "n": 362211,
        "mean_loss": 2.452011823654175
      },
      "word_continuation": {
        "n": 171078,
        "mean_loss": 0.9342826008796692
      }
    },
    "late": {
      "word_initial": {
        "n": 145378,
        "mean_loss": 2.424740791320801
      },
      "word_continuation": {
        "n": 67885,
        "mean_loss": 0.9191632270812988
      }
    }
  },
  "by_freqdecile_position": {
    "0": {
      "freq_range": [
        1.0,
        14.0
      ],
      "word_initial": {
        "n": 55046,
        "mean_loss": 4.334406852722168
      },
      "word_continuation": {
        "n": 29401,
        "mean_loss": 2.200950860977173
      }
    },
    "1": {
      "freq_range": [
        14.0,
        35.0
      ],
      "word_initial": {
        "n": 55500,
        "mean_loss": 3.5483925342559814
      },
      "word_continuation": {
        "n": 29716,
        "mean_loss": 1.4299049377441406
      }
    },
    "2": {
      "freq_range": [
        35.0,
        69.0
      ],
      "word_initial": {
        "n": 55345,
        "mean_loss": 3.305499315261841
      },
      "word_continuation": {
        "n": 28638,
        "mean_loss": 1.0886112451553345
      }
    },
    "3": {
      "freq_range": [
        69.0,
        129.0
      ],
      "word_initial": {
        "n": 55452,
        "mean_loss": 3.0019595623016357
      },
      "word_continuation": {
        "n": 32230,
        "mean_loss": 0.8570598363876343
      }
    },
    "4": {
      "freq_range": [
        129.0,
        235.0
      ],
      "word_initial": {
        "n": 50479,
        "mean_loss": 2.8285763263702393
      },
      "word_continuation": {
        "n": 34160,
        "mean_loss": 0.7193024158477783
      }
    },
    "5": {
      "freq_range": [
        235.0,
        465.0
      ],
      "word_initial": {
        "n": 56546,
        "mean_loss": 2.5006940364837646
      },
      "word_continuation": {
        "n": 29155,
        "mean_loss": 0.6135657429695129
      }
    },
    "6": {
      "freq_range": [
        465.0,
        982.0
      ],
      "word_initial": {
        "n": 52215,
        "mean_loss": 2.181556224822998
      },
      "word_continuation": {
        "n": 32724,
        "mean_loss": 0.8985366225242615
      }
    },
    "7": {
      "freq_range": [
        982.0,
        2871.0
      ],
      "word_initial": {
        "n": 51711,
        "mean_loss": 1.9432997703552246
      },
      "word_continuation": {
        "n": 33872,
        "mean_loss": 0.8348340392112732
      }
    },
    "8": {
      "freq_range": [
        2871.0,
        12358.0
      ],
      "word_initial": {
        "n": 53459,
        "mean_loss": 1.3504576683044434
      },
      "word_continuation": {
        "n": 23325,
        "mean_loss": 0.2207350879907608
      }
    },
    "9": {
      "freq_range": [
        12358.0,
        32401.0
      ],
      "word_initial": {
        "n": 94421,
        "mean_loss": 1.0387656688690186
      },
      "word_continuation": {
        "n": 0,
        "mean_loss": null
      }
    }
  },
  "by_wordfreqdecile_position": {
    "0": {
      "wordfreq_range": [
        1.0,
        1.0
      ],
      "word_initial": {
        "n": 0,
        "mean_loss": null
      },
      "word_continuation": {
        "n": 0,
        "mean_loss": null
      }
    },
    "1": {
      "wordfreq_range": [
        1.0,
        2.0
      ],
      "word_initial": {
        "n": 44485,
        "mean_loss": 3.6582794189453125
      },
      "word_continuation": {
        "n": 116216,
        "mean_loss": 1.2225373983383179
      }
    },
    "2": {
      "wordfreq_range": [
        2.0,
        5.0
      ],
      "word_initial": {
        "n": 44810,
        "mean_loss": 3.5642409324645996
      },
      "word_continuation": {
        "n": 50251,
        "mean_loss": 0.9100896120071411
      }
    },
    "3": {
      "wordfreq_range": [
        5.0,
        12.0
      ],
      "word_initial": {
        "n": 48494,
        "mean_loss": 3.3754971027374268
      },
      "word_continuation": {
        "n": 30269,
        "mean_loss": 0.7106868028640747
      }
    },
    "4": {
      "wordfreq_range": [
        12.0,
        32.0
      ],
      "word_initial": {
        "n": 64423,
        "mean_loss": 3.1165225505828857
      },
      "word_continuation": {
        "n": 26797,
        "mean_loss": 0.7252526879310608
      }
    },
    "5": {
      "wordfreq_range": [
        32.0,
        86.0
      ],
      "word_initial": {
        "n": 66555,
        "mean_loss": 2.927371025085449
      },
      "word_continuation": {
        "n": 19470,
        "mean_loss": 0.7449709177017212
      }
    },
    "6": {
      "wordfreq_range": [
        86.0,
        270.0
      ],
      "word_initial": {
        "n": 72729,
        "mean_loss": 2.677739143371582
      },
      "word_continuation": {
        "n": 12697,
        "mean_loss": 1.011011004447937
      }
    },
    "7": {
      "wordfreq_range": [
        270.0,
        1543.0
      ],
      "word_initial": {
        "n": 74750,
        "mean_loss": 2.1683595180511475
      },
      "word_continuation": {
        "n": 9698,
        "mean_loss": 0.8885543346405029
      }
    },
    "8": {
      "wordfreq_range": [
        1543.0,
        12226.0
      ],
      "word_initial": {
        "n": 69897,
        "mean_loss": 1.6883469820022583
      },
      "word_continuation": {
        "n": 7724,
        "mean_loss": 0.8229853510856628
      }
    },
    "9": {
      "wordfreq_range": [
        12226.0,
        32419.0
      ],
      "word_initial": {
        "n": 94031,
        "mean_loss": 1.0337374210357666
      },
      "word_continuation": {
        "n": 99,
        "mean_loss": 2.187998056411743
      }
    }
  },
  "by_position_multitokenonly": {
    "word_initial": {
      "n": 159601,
      "mean_loss": 2.798640489578247
    },
    "word_continuation": {
      "n": 273221,
      "mean_loss": 0.9929311871528625
    }
  },
  "by_wordlen_position": {
    "len2_init": {
      "n": 96521,
      "mean_loss": 2.692220687866211
    },
    "len2_cont": {
      "n": 53079,
      "mean_loss": 1.3128241300582886
    },
    "len3_init": {
      "n": 33069,
      "mean_loss": 3.3201704025268555
    },
    "len3_cont": {
      "n": 61634,
      "mean_loss": 1.0617798566818237
    },
    "len4plus_init": {
      "n": 30011,
      "mean_loss": 2.5662331581115723
    },
    "len4plus_cont": {
      "n": 158508,
      "mean_loss": 0.859038770198822
    }
  },
  "by_wordfreqdecile_position_multitokenonly": {
    "0": {
      "wordfreq_range": [
        1.0,
        1.0
      ],
      "word_initial": {
        "n": 0,
        "mean_loss": null
      },
      "word_continuation": {
        "n": 0,
        "mean_loss": null
      }
    },
    "1": {
      "wordfreq_range": [
        1.0,
        1.0
      ],
      "word_initial": {
        "n": 0,
        "mean_loss": null
      },
      "word_continuation": {
        "n": 0,