{
  "model": "EleutherAI/pythia-6.9b",
  "n_pred_tokens": 1233738,
  "overall_mean_loss": 2.4124364852905273,
  "by_position": {
    "word_initial": {
      "n": 580174,
      "mean_loss": 3.4666476249694824
    },
    "word_continuation": {
      "n": 273221,
      "mean_loss": 1.7175177335739136
    },
    "other": {
      "n": 380343,
      "mean_loss": 1.3035449981689453
    }
  },
  "by_depth": {
    "0_initial": {
      "n": 580174,
      "mean_loss": 3.4666476249694824
    },
    "1": {
      "n": 111688,
      "mean_loss": 2.2115423679351807
    },
    "2": {
      "n": 65341,
      "mean_loss": 1.6594105958938599
    },
    "3plus": {
      "n": 96192,
      "mean_loss": 1.1833795309066772
    }
  },
  "by_seqband_position": {
    "early_lt128": {
      "word_initial": {
        "n": 72585,
        "mean_loss": 3.8668508529663086
      },
      "word_continuation": {
        "n": 34258,
        "mean_loss": 2.2811279296875
      }
    },
    "mid": {
      "word_initial": {
        "n": 362211,
        "mean_loss": 3.4193599224090576
      },
      "word_continuation": {
        "n": 171078,
        "mean_loss": 1.6472184658050537
      }
    },
    "late": {
      "word_initial": {
        "n": 145378,
        "mean_loss": 3.3846495151519775
      },
      "word_continuation": {
        "n": 67885,
        "mean_loss": 1.6102551221847534
      }
    }
  },
  "by_freqdecile_position": {
    "0": {
      "freq_range": [
        1.0,
        14.0
      ],
      "word_initial": {
        "n": 55046,
        "mean_loss": 6.046935558319092
      },
      "word_continuation": {
        "n": 29401,
        "mean_loss": 3.484412908554077
      }
    },
    "1": {
      "freq_range": [
        14.0,
        35.0
      ],
      "word_initial": {
        "n": 55500,
        "mean_loss": 5.070160865783691
      },
      "word_continuation": {
        "n": 29716,
        "mean_loss": 2.4340052604675293
      }
    },
    "2": {
      "freq_range": [
        35.0,
        69.0
      ],
      "word_initial": {
        "n": 55345,
        "mean_loss": 4.696559429168701
      },
      "word_continuation": {
        "n": 28638,
        "mean_loss": 2.043999671936035
      }
    },
    "3": {
      "freq_range": [
        69.0,
        129.0
      ],
      "word_initial": {
        "n": 55452,
        "mean_loss": 4.209509372711182
      },
      "word_continuation": {
        "n": 32230,
        "mean_loss": 1.6302334070205688
      }
    },
    "4": {
      "freq_range": [
        129.0,
        235.0
      ],
      "word_initial": {
        "n": 50479,
        "mean_loss": 3.970353126525879
      },
      "word_continuation": {
        "n": 34160,
        "mean_loss": 1.404211401939392
      }
    },
    "5": {
      "freq_range": [
        235.0,
        465.0
      ],
      "word_initial": {
        "n": 56546,
        "mean_loss": 3.4880144596099854
      },
      "word_continuation": {
        "n": 29155,
        "mean_loss": 1.2006313800811768
      }
    },
    "6": {
      "freq_range": [
        465.0,
        982.0
      ],
      "word_initial": {
        "n": 52215,
        "mean_loss": 3.024284839630127
      },
      "word_continuation": {
        "n": 32724,
        "mean_loss": 1.4853861331939697
      }
    },
    "7": {
      "freq_range": [
        982.0,
        2871.0
      ],
      "word_initial": {
        "n": 51711,
        "mean_loss": 2.4630954265594482
      },
      "word_continuation": {
        "n": 33872,
        "mean_loss": 1.2664999961853027
      }
    },
    "8": {
      "freq_range": [
        2871.0,
        12358.0
      ],
      "word_initial": {
        "n": 53459,
        "mean_loss": 1.773665189743042
      },
      "word_continuation": {
        "n": 23325,
        "mean_loss": 0.38286691904067993
      }
    },
    "9": {
      "freq_range": [
        12358.0,
        32401.0
      ],
      "word_initial": {
        "n": 94421,
        "mean_loss": 1.333338737487793
      },
      "word_continuation": {
        "n": 0,
        "mean_loss": null
      }
    }
  },
  "by_wordfreqdecile_position": {
    "0": {
      "wordfreq_range": [
        1.0,
        1.0
      ],
      "word_initial": {
        "n": 0,
        "mean_loss": null
      },
      "word_continuation": {
        "n": 0,
        "mean_loss": null
      }
    },
    "1": {
      "wordfreq_range": [
        1.0,
        2.0
      ],
      "word_initial": {
        "n": 44485,
        "mean_loss": 5.250567436218262
      },
      "word_continuation": {
        "n": 116216,
        "mean_loss": 2.1952896118164062
      }
    },
    "2": {
      "wordfreq_range": [
        2.0,
        5.0
      ],
      "word_initial": {
        "n": 44810,
        "mean_loss": 5.169606685638428
      },
      "word_continuation": {
        "n": 50251,
        "mean_loss": 1.709911584854126
      }
    },
    "3": {
      "wordfreq_range": [
        5.0,
        12.0
      ],
      "word_initial": {
        "n": 48494,
        "mean_loss": 4.8871660232543945
      },
      "word_continuation": {
        "n": 30269,
        "mean_loss": 1.2903141975402832
      }
    },
    "4": {
      "wordfreq_range": [
        12.0,
        32.0
      ],
      "word_initial": {
        "n": 64423,
        "mean_loss": 4.471279621124268
      },
      "word_continuation": {
        "n": 26797,
        "mean_loss": 1.1716115474700928
      }
    },
    "5": {
      "wordfreq_range": [
        32.0,
        86.0
      ],
      "word_initial": {
        "n": 66555,
        "mean_loss": 4.073359489440918
      },
      "word_continuation": {
        "n": 19470,
        "mean_loss": 1.1382060050964355
      }
    },
    "6": {
      "wordfreq_range": [
        86.0,
        270.0
      ],
      "word_initial": {
        "n": 72729,
        "mean_loss": 3.6416430473327637
      },
      "word_continuation": {
        "n": 12697,
        "mean_loss": 1.400439739227295
      }
    },
    "7": {
      "wordfreq_range": [
        270.0,
        1543.0
      ],
      "word_initial": {
        "n": 74750,
        "mean_loss": 2.826184034347534
      },
      "word_continuation": {
        "n": 9698,
        "mean_loss": 1.0798637866973877
      }
    },
    "8": {
      "wordfreq_range": [
        1543.0,
        12226.0
      ],
      "word_initial": {
        "n": 69897,
        "mean_loss": 2.1315858364105225
      },
      "word_continuation": {
        "n": 7724,
        "mean_loss": 0.9077857136726379
      }
    },
    "9": {
      "wordfreq_range": [
        12226.0,
        32419.0
      ],
      "word_initial": {
        "n": 94031,
        "mean_loss": 1.3270262479782104
      },
      "word_continuation": {
        "n": 99,
        "mean_loss": 3.340158700942993
      }
    }
  },
  "by_position_multitokenonly": {
    "word_initial": {
      "n": 159601,
      "mean_loss": 4.196877956390381
    },
    "word_continuation": {
      "n": 273221,
      "mean_loss": 1.7175177335739136
    }
  },
  "by_wordlen_position": {
    "len2_init": {
      "n": 96521,
      "mean_loss": 4.024980545043945
    },
    "len2_cont": {
      "n": 53079,
      "mean_loss": 1.9320930242538452
    },
    "len3_init": {
      "n": 33069,
      "mean_loss": 4.999243259429932
    },
    "len3_cont": {
      "n": 61634,
      "mean_loss": 1.7795881032943726
    },
    "len4plus_init": {
      "n": 30011,
      "mean_loss": 3.8656129837036133
    },
    "len4plus_cont": {
      "n": 158508,
      "mean_loss": 1.6215286254882812
    }
  },
  "by_wordfreqdecile_position_multitokenonly": {
    "0": {
      "wordfreq_range": [
        1.0,
        1.0
      ],
      "word_initial": {
        "n": 0,
        "mean_loss": null
      },
      "word_continuation": {
        "n": 0,
        "mean_loss": null
      }
    },
    "1": {
      "wordfreq_range": [
        1.0,
        1.0
      ],
      "word_initial": {
        "n": 0,
        "mean_loss": null
      },
      "word_continuation": {
        "n": 0,