{
  "model": "EleutherAI/pythia-1.4b",
  "n_pred_tokens": 1233738,
  "overall_mean_loss": 2.00657320022583,
  "by_position": {
    "word_initial": {
      "n": 580174,
      "mean_loss": 2.9410810470581055
    },
    "word_continuation": {
      "n": 273221,
      "mean_loss": 1.2698214054107666
    },
    "other": {
      "n": 380343,
      "mean_loss": 1.1103262901306152
    }
  },
  "by_depth": {
    "0_initial": {
      "n": 580174,
      "mean_loss": 2.9410810470581055
    },
    "1": {
      "n": 111688,
      "mean_loss": 1.737287998199463
    },
    "2": {
      "n": 65341,
      "mean_loss": 1.1884753704071045
    },
    "3plus": {
      "n": 96192,
      "mean_loss": 0.782305121421814
    }
  },
  "by_seqband_position": {
    "early_lt128": {
      "word_initial": {
        "n": 72585,
        "mean_loss": 3.346336603164673
      },
      "word_continuation": {
        "n": 34258,
        "mean_loss": 1.7600091695785522
      }
    },
    "mid": {
      "word_initial": {
        "n": 362211,
        "mean_loss": 2.8937015533447266
      },
      "word_continuation": {
        "n": 171078,
        "mean_loss": 1.2074007987976074
      }
    },
    "late": {
      "word_initial": {
        "n": 145378,
        "mean_loss": 2.8567895889282227
      },
      "word_continuation": {
        "n": 67885,
        "mean_loss": 1.17975652217865
      }
    }
  },
  "by_freqdecile_position": {
    "0": {
      "freq_range": [
        1.0,
        14.0
      ],
      "word_initial": {
        "n": 55046,
        "mean_loss": 5.1537957191467285
      },
      "word_continuation": {
        "n": 29401,
        "mean_loss": 2.740844488143921
      }
    },
    "1": {
      "freq_range": [
        14.0,
        35.0
      ],
      "word_initial": {
        "n": 55500,
        "mean_loss": 4.26332426071167
      },
      "word_continuation": {
        "n": 29716,
        "mean_loss": 1.8288419246673584
      }
    },
    "2": {
      "freq_range": [
        35.0,
        69.0
      ],
      "word_initial": {
        "n": 55345,
        "mean_loss": 3.9465293884277344
      },
      "word_continuation": {
        "n": 28638,
        "mean_loss": 1.4565714597702026
      }
    },
    "3": {
      "freq_range": [
        69.0,
        129.0
      ],
      "word_initial": {
        "n": 55452,
        "mean_loss": 3.563612461090088
      },
      "word_continuation": {
        "n": 32230,
        "mean_loss": 1.1472481489181519
      }
    },
    "4": {
      "freq_range": [
        129.0,
        235.0
      ],
      "word_initial": {
        "n": 50479,
        "mean_loss": 3.3486549854278564
      },
      "word_continuation": {
        "n": 34160,
        "mean_loss": 0.9645189046859741
      }
    },
    "5": {
      "freq_range": [
        235.0,
        465.0
      ],
      "word_initial": {
        "n": 56546,
        "mean_loss": 2.922250270843506
      },
      "word_continuation": {
        "n": 29155,
        "mean_loss": 0.8040114045143127
      }
    },
    "6": {
      "freq_range": [
        465.0,
        982.0
      ],
      "word_initial": {
        "n": 52215,
        "mean_loss": 2.548213243484497
      },
      "word_continuation": {
        "n": 32724,
        "mean_loss": 1.1096971035003662
      }
    },
    "7": {
      "freq_range": [
        982.0,
        2871.0
      ],
      "word_initial": {
        "n": 51711,
        "mean_loss": 2.164891242980957
      },
      "word_continuation": {
        "n": 33872,
        "mean_loss": 1.010472297668457
      }
    },
    "8": {
      "freq_range": [
        2871.0,
        12358.0
      ],
      "word_initial": {
        "n": 53459,
        "mean_loss": 1.5133509635925293
      },
      "word_continuation": {
        "n": 23325,
        "mean_loss": 0.2741260826587677
      }
    },
    "9": {
      "freq_range": [
        12358.0,
        32401.0
      ],
      "word_initial": {
        "n": 94421,
        "mean_loss": 1.1630263328552246
      },
      "word_continuation": {
        "n": 0,
        "mean_loss": null
      }
    }
  },
  "by_wordfreqdecile_position": {
    "0": {
      "wordfreq_range": [
        1.0,
        1.0
      ],
      "word_initial": {
        "n": 0,
        "mean_loss": null
      },
      "word_continuation": {
        "n": 0,
        "mean_loss": null
      }
    },
    "1": {
      "wordfreq_range": [
        1.0,
        2.0
      ],
      "word_initial": {
        "n": 44485,
        "mean_loss": 4.449889183044434
      },
      "word_continuation": {
        "n": 116216,
        "mean_loss": 1.619735598564148
      }
    },
    "2": {
      "wordfreq_range": [
        2.0,
        5.0
      ],
      "word_initial": {
        "n": 44810,
        "mean_loss": 4.324027061462402
      },
      "word_continuation": {
        "n": 50251,
        "mean_loss": 1.2132197618484497
      }
    },
    "3": {
      "wordfreq_range": [
        5.0,
        12.0
      ],
      "word_initial": {
        "n": 48494,
        "mean_loss": 4.0814971923828125
      },
      "word_continuation": {
        "n": 30269,
        "mean_loss": 0.8931500911712646
      }
    },
    "4": {
      "wordfreq_range": [
        12.0,
        32.0
      ],
      "word_initial": {
        "n": 64423,
        "mean_loss": 3.7323577404022217
      },
      "word_continuation": {
        "n": 26797,
        "mean_loss": 0.8656714558601379
      }
    },
    "5": {
      "wordfreq_range": [
        32.0,
        86.0
      ],
      "word_initial": {
        "n": 66555,
        "mean_loss": 3.4434542655944824
      },
      "word_continuation": {
        "n": 19470,
        "mean_loss": 0.8693981170654297
      }
    },
    "6": {
      "wordfreq_range": [
        86.0,
        270.0
      ],
      "word_initial": {
        "n": 72729,
        "mean_loss": 3.104883909225464
      },
      "word_continuation": {
        "n": 12697,
        "mean_loss": 1.1481584310531616
      }
    },
    "7": {
      "wordfreq_range": [
        270.0,
        1543.0
      ],
      "word_initial": {
        "n": 74750,
        "mean_loss": 2.4520440101623535
      },
      "word_continuation": {
        "n": 9698,
        "mean_loss": 0.9569295644760132
      }
    },
    "8": {
      "wordfreq_range": [
        1543.0,
        12226.0
      ],
      "word_initial": {
        "n": 69897,
        "mean_loss": 1.8476701974868774
      },
      "word_continuation": {
        "n": 7724,
        "mean_loss": 0.8383436799049377
      }
    },
    "9": {
      "wordfreq_range": [
        12226.0,
        32419.0
      ],
      "word_initial": {
        "n": 94031,
        "mean_loss": 1.1572446823120117
      },
      "word_continuation": {
        "n": 99,
        "mean_loss": 2.464803695678711
      }
    }
  },
  "by_position_multitokenonly": {
    "word_initial": {
      "n": 159601,
      "mean_loss": 3.45009183883667
    },
    "word_continuation": {
      "n": 273221,
      "mean_loss": 1.2698214054107666
    }
  },
  "by_wordlen_position": {
    "len2_init": {
      "n": 96521,
      "mean_loss": 3.301774740219116
    },
    "len2_cont": {
      "n": 53079,
      "mean_loss": 1.5520089864730835
    },
    "len3_init": {
      "n": 33069,
      "mean_loss": 4.121431827545166
    },
    "len3_cont": {
      "n": 61634,
      "mean_loss": 1.331926941871643
    },
    "len4plus_init": {
      "n": 30011,
      "mean_loss": 3.1873602867126465
    },
    "len4plus_cont": {
      "n": 158508,
      "mean_loss": 1.1511772871017456
    }
  },
  "by_wordfreqdecile_position_multitokenonly": {
    "0": {
      "wordfreq_range": [
        1.0,
        1.0
      ],
      "word_initial": {
        "n": 0,
        "mean_loss": null
      },
      "word_continuation": {
        "n": 0,
        "mean_loss": null
      }
    },
    "1": {
      "wordfreq_range": [
        1.0,
        1.0
      ],
      "word_initial": {
        "n": 0,
        "mean_loss": null
      },
      "word_continuation": {
        "n": 0,