{
  "model": "EleutherAI/pythia-6.9b",
  "n_pred_tokens": 1233738,
  "overall_mean_loss": 1.8758996725082397,
  "by_position": {
    "word_initial": {
      "n": 580174,
      "mean_loss": 2.7513983249664307
    },
    "word_continuation": {
      "n": 273221,
      "mean_loss": 1.1490675210952759
    },
    "other": {
      "n": 380343,
      "mean_loss": 1.0625417232513428
    }
  },
  "by_depth": {
    "0_initial": {
      "n": 580174,
      "mean_loss": 2.7513983249664307
    },
    "1": {
      "n": 111688,
      "mean_loss": 1.602442741394043
    },
    "2": {
      "n": 65341,
      "mean_loss": 1.064504623413086
    },
    "3plus": {
      "n": 96192,
      "mean_loss": 0.6800978779792786
    }
  },
  "by_seqband_position": {
    "early_lt128": {
      "word_initial": {
        "n": 72585,
        "mean_loss": 3.164499044418335
      },
      "word_continuation": {
        "n": 34258,
        "mean_loss": 1.6187958717346191
      }
    },
    "mid": {
      "word_initial": {
        "n": 362211,
        "mean_loss": 2.701531410217285
      },
      "word_continuation": {
        "n": 171078,
        "mean_loss": 1.088492751121521
      }
    },
    "late": {
      "word_initial": {
        "n": 145378,
        "mean_loss": 2.6693859100341797
      },
      "word_continuation": {
        "n": 67885,
        "mean_loss": 1.0646758079528809
      }
    }
  },
  "by_freqdecile_position": {
    "0": {
      "freq_range": [
        1.0,
        14.0
      ],
      "word_initial": {
        "n": 55046,
        "mean_loss": 4.784654140472412
      },
      "word_continuation": {
        "n": 29401,
        "mean_loss": 2.497056245803833
      }
    },
    "1": {
      "freq_range": [
        14.0,
        35.0
      ],
      "word_initial": {
        "n": 55500,
        "mean_loss": 3.933579206466675
      },
      "word_continuation": {
        "n": 29716,
        "mean_loss": 1.664618730545044
      }
    },
    "2": {
      "freq_range": [
        35.0,
        69.0
      ],
      "word_initial": {
        "n": 55345,
        "mean_loss": 3.65771484375
      },
      "word_continuation": {
        "n": 28638,
        "mean_loss": 1.2921922206878662
      }
    },
    "3": {
      "freq_range": [
        69.0,
        129.0
      ],
      "word_initial": {
        "n": 55452,
        "mean_loss": 3.312208890914917
      },
      "word_continuation": {
        "n": 32230,
        "mean_loss": 1.0317604541778564
      }
    },
    "4": {
      "freq_range": [
        129.0,
        235.0
      ],
      "word_initial": {
        "n": 50479,
        "mean_loss": 3.128370523452759
      },
      "word_continuation": {
        "n": 34160,
        "mean_loss": 0.8553167581558228
      }
    },
    "5": {
      "freq_range": [
        235.0,
        465.0
      ],
      "word_initial": {
        "n": 56546,
        "mean_loss": 2.7329208850860596
      },
      "word_continuation": {
        "n": 29155,
        "mean_loss": 0.7272286415100098
      }
    },
    "6": {
      "freq_range": [
        465.0,
        982.0
      ],
      "word_initial": {
        "n": 52215,
        "mean_loss": 2.3794093132019043
      },
      "word_continuation": {
        "n": 32724,
        "mean_loss": 1.0130646228790283
      }
    },
    "7": {
      "freq_range": [
        982.0,
        2871.0
      ],
      "word_initial": {
        "n": 51711,
        "mean_loss": 2.0846731662750244
      },
      "word_continuation": {
        "n": 33872,
        "mean_loss": 0.9131564497947693
      }
    },
    "8": {
      "freq_range": [
        2871.0,
        12358.0
      ],
      "word_initial": {
        "n": 53459,
        "mean_loss": 1.4618418216705322
      },
      "word_continuation": {
        "n": 23325,
        "mean_loss": 0.2703639268875122
      }
    },
    "9": {
      "freq_range": [
        12358.0,
        32401.0
      ],
      "word_initial": {
        "n": 94421,
        "mean_loss": 1.1210658550262451
      },
      "word_continuation": {
        "n": 0,
        "mean_loss": null
      }
    }
  },
  "by_wordfreqdecile_position": {
    "0": {
      "wordfreq_range": [
        1.0,
        1.0
      ],
      "word_initial": {
        "n": 0,
        "mean_loss": null
      },
      "word_continuation": {
        "n": 0,
        "mean_loss": null
      }
    },
    "1": {
      "wordfreq_range": [
        1.0,
        2.0
      ],
      "word_initial": {
        "n": 44485,
        "mean_loss": 4.106976509094238
      },
      "word_continuation": {
        "n": 116216,
        "mean_loss": 1.444675326347351
      }
    },
    "2": {
      "wordfreq_range": [
        2.0,
        5.0
      ],
      "word_initial": {
        "n": 44810,
        "mean_loss": 3.986011505126953
      },
      "word_continuation": {
        "n": 50251,
        "mean_loss": 1.0734158754348755
      }
    },
    "3": {
      "wordfreq_range": [
        5.0,
        12.0
      ],
      "word_initial": {
        "n": 48494,
        "mean_loss": 3.769064426422119
      },
      "word_continuation": {
        "n": 30269,
        "mean_loss": 0.8085027933120728
      }
    },
    "4": {
      "wordfreq_range": [
        12.0,
        32.0
      ],
      "word_initial": {
        "n": 64423,
        "mean_loss": 3.4623959064483643
      },
      "word_continuation": {
        "n": 26797,
        "mean_loss": 0.8011024594306946
      }
    },
    "5": {
      "wordfreq_range": [
        32.0,
        86.0
      ],
      "word_initial": {
        "n": 66555,
        "mean_loss": 3.213124990463257
      },
      "word_continuation": {
        "n": 19470,
        "mean_loss": 0.8283444046974182
      }
    },
    "6": {
      "wordfreq_range": [
        86.0,
        270.0
      ],
      "word_initial": {
        "n": 72729,
        "mean_loss": 2.9044036865234375
      },
      "word_continuation": {
        "n": 12697,
        "mean_loss": 1.1318821907043457
      }
    },
    "7": {
      "wordfreq_range": [
        270.0,
        1543.0
      ],
      "word_initial": {
        "n": 74750,
        "mean_loss": 2.331143379211426
      },
      "word_continuation": {
        "n": 9698,
        "mean_loss": 0.9385542869567871
      }
    },
    "8": {
      "wordfreq_range": [
        1543.0,
        12226.0
      ],
      "word_initial": {
        "n": 69897,
        "mean_loss": 1.787118673324585
      },
      "word_continuation": {
        "n": 7724,
        "mean_loss": 0.8222446441650391
      }
    },
    "9": {
      "wordfreq_range": [
        12226.0,
        32419.0
      ],
      "word_initial": {
        "n": 94031,
        "mean_loss": 1.115497350692749
      },
      "word_continuation": {
        "n": 99,
        "mean_loss": 2.248055934906006
      }
    }
  },
  "by_position_multitokenonly": {
    "word_initial": {
      "n": 159601,
      "mean_loss": 3.170835494995117
    },
    "word_continuation": {
      "n": 273221,
      "mean_loss": 1.1490675210952759
    }
  },
  "by_wordlen_position": {
    "len2_init": {
      "n": 96521,
      "mean_loss": 3.0309386253356934
    },
    "len2_cont": {
      "n": 53079,
      "mean_loss": 1.451440453529358
    },
    "len3_init": {
      "n": 33069,
      "mean_loss": 3.7874913215637207
    },
    "len3_cont": {
      "n": 61634,
      "mean_loss": 1.217185378074646
    },
    "len4plus_init": {
      "n": 30011,
      "mean_loss": 2.9412825107574463
    },
    "len4plus_cont": {
      "n": 158508,
      "mean_loss": 1.0213261842727661
    }
  },
  "by_wordfreqdecile_position_multitokenonly": {
    "0": {
      "wordfreq_range": [
        1.0,
        1.0
      ],
      "word_initial": {
        "n": 0,
        "mean_loss": null
      },
      "word_continuation": {
        "n": 0,
        "mean_loss": null
      }
    },
    "1": {
      "wordfreq_range": [
        1.0,
        1.0
      ],
      "word_initial": {
        "n": 0,
        "mean_loss": null
      },
      "word_continuation": {
        "n": 0,