{
  "model": "EleutherAI/pythia-6.9b",
  "n_pred_tokens": 1233738,
  "overall_mean_loss": 1.7915657758712769,
  "by_position": {
    "word_initial": {
      "n": 580174,
      "mean_loss": 2.6373214721679688
    },
    "word_continuation": {
      "n": 273221,
      "mean_loss": 1.0688884258270264
    },
    "other": {
      "n": 380343,
      "mean_loss": 1.0205923318862915
    }
  },
  "by_depth": {
    "0_initial": {
      "n": 580174,
      "mean_loss": 2.6373214721679688
    },
    "1": {
      "n": 111688,
      "mean_loss": 1.518236517906189
    },
    "2": {
      "n": 65341,
      "mean_loss": 0.9809008240699768
    },
    "3plus": {
      "n": 96192,
      "mean_loss": 0.6069208979606628
    }
  },
  "by_seqband_position": {
    "early_lt128": {
      "word_initial": {
        "n": 72585,
        "mean_loss": 3.0483574867248535
      },
      "word_continuation": {
        "n": 34258,
        "mean_loss": 1.5140676498413086
      }
    },
    "mid": {
      "word_initial": {
        "n": 362211,
        "mean_loss": 2.586287021636963
      },
      "word_continuation": {
        "n": 171078,
        "mean_loss": 1.0102168321609497
      }
    },
    "late": {
      "word_initial": {
        "n": 145378,
        "mean_loss": 2.5592525005340576
      },
      "word_continuation": {
        "n": 67885,
        "mean_loss": 0.9920890927314758
      }
    }
  },
  "by_freqdecile_position": {
    "0": {
      "freq_range": [
        1.0,
        14.0
      ],
      "word_initial": {
        "n": 55046,
        "mean_loss": 4.5773797035217285
      },
      "word_continuation": {
        "n": 29401,
        "mean_loss": 2.3488831520080566
      }
    },
    "1": {
      "freq_range": [
        14.0,
        35.0
      ],
      "word_initial": {
        "n": 55500,
        "mean_loss": 3.7586047649383545
      },
      "word_continuation": {
        "n": 29716,
        "mean_loss": 1.5435099601745605
      }
    },
    "2": {
      "freq_range": [
        35.0,
        69.0
      ],
      "word_initial": {
        "n": 55345,
        "mean_loss": 3.4967305660247803
      },
      "word_continuation": {
        "n": 28638,
        "mean_loss": 1.1861516237258911
      }
    },
    "3": {
      "freq_range": [
        69.0,
        129.0
      ],
      "word_initial": {
        "n": 55452,
        "mean_loss": 3.1682169437408447
      },
      "word_continuation": {
        "n": 32230,
        "mean_loss": 0.937355637550354
      }
    },
    "4": {
      "freq_range": [
        129.0,
        235.0
      ],
      "word_initial": {
        "n": 50479,
        "mean_loss": 2.9904470443725586
      },
      "word_continuation": {
        "n": 34160,
        "mean_loss": 0.7846350073814392
      }
    },
    "5": {
      "freq_range": [
        235.0,
        465.0
      ],
      "word_initial": {
        "n": 56546,
        "mean_loss": 2.6239397525787354
      },
      "word_continuation": {
        "n": 29155,
        "mean_loss": 0.6590573787689209
      }
    },
    "6": {
      "freq_range": [
        465.0,
        982.0
      ],
      "word_initial": {
        "n": 52215,
        "mean_loss": 2.296640157699585
      },
      "word_continuation": {
        "n": 32724,
        "mean_loss": 0.9623199105262756
      }
    },
    "7": {
      "freq_range": [
        982.0,
        2871.0
      ],
      "word_initial": {
        "n": 51711,
        "mean_loss": 2.0070650577545166
      },
      "word_continuation": {
        "n": 33872,
        "mean_loss": 0.8811770081520081
      }
    },
    "8": {
      "freq_range": [
        2871.0,
        12358.0
      ],
      "word_initial": {
        "n": 53459,
        "mean_loss": 1.4125584363937378
      },
      "word_continuation": {
        "n": 23325,
        "mean_loss": 0.239236518740654
      }
    },
    "9": {
      "freq_range": [
        12358.0,
        32401.0
      ],
      "word_initial": {
        "n": 94421,
        "mean_loss": 1.0779128074645996
      },
      "word_continuation": {
        "n": 0,
        "mean_loss": null
      }
    }
  },
  "by_wordfreqdecile_position": {
    "0": {
      "wordfreq_range": [
        1.0,
        1.0
      ],
      "word_initial": {
        "n": 0,
        "mean_loss": null
      },
      "word_continuation": {
        "n": 0,
        "mean_loss": null
      }
    },
    "1": {
      "wordfreq_range": [
        1.0,
        2.0
      ],
      "word_initial": {
        "n": 44485,
        "mean_loss": 3.8966281414031982
      },
      "word_continuation": {
        "n": 116216,
        "mean_loss": 1.3359408378601074
      }
    },
    "2": {
      "wordfreq_range": [
        2.0,
        5.0
      ],
      "word_initial": {
        "n": 44810,
        "mean_loss": 3.7917048931121826
      },
      "word_continuation": {
        "n": 50251,
        "mean_loss": 0.985828697681427
      }
    },
    "3": {
      "wordfreq_range": [
        5.0,
        12.0
      ],
      "word_initial": {
        "n": 48494,
        "mean_loss": 3.5903592109680176
      },
      "word_continuation": {
        "n": 30269,
        "mean_loss": 0.7561523914337158
      }
    },
    "4": {
      "wordfreq_range": [
        12.0,
        32.0
      ],
      "word_initial": {
        "n": 64423,
        "mean_loss": 3.2983434200286865
      },
      "word_continuation": {
        "n": 26797,
        "mean_loss": 0.7606183290481567
      }
    },
    "5": {
      "wordfreq_range": [
        32.0,
        86.0
      ],
      "word_initial": {
        "n": 66555,
        "mean_loss": 3.0785000324249268
      },
      "word_continuation": {
        "n": 19470,
        "mean_loss": 0.7876429557800293
      }
    },
    "6": {
      "wordfreq_range": [
        86.0,
        270.0
      ],
      "word_initial": {
        "n": 72729,
        "mean_loss": 2.8047170639038086
      },
      "word_continuation": {
        "n": 12697,
        "mean_loss": 1.0490226745605469
      }
    },
    "7": {
      "wordfreq_range": [
        270.0,
        1543.0
      ],
      "word_initial": {
        "n": 74750,
        "mean_loss": 2.2566347122192383
      },
      "word_continuation": {
        "n": 9698,
        "mean_loss": 0.9005441665649414
      }
    },
    "8": {
      "wordfreq_range": [
        1543.0,
        12226.0
      ],
      "word_initial": {
        "n": 69897,
        "mean_loss": 1.7429579496383667
      },
      "word_continuation": {
        "n": 7724,
        "mean_loss": 0.8244332075119019
      }
    },
    "9": {
      "wordfreq_range": [
        12226.0,
        32419.0
      ],
      "word_initial": {
        "n": 94031,
        "mean_loss": 1.0727629661560059
      },
      "word_continuation": {
        "n": 99,
        "mean_loss": 2.218989849090576
      }
    }
  },
  "by_position_multitokenonly": {
    "word_initial": {
      "n": 159601,
      "mean_loss": 2.993936777114868
    },
    "word_continuation": {
      "n": 273221,
      "mean_loss": 1.0688884258270264
    }
  },
  "by_wordlen_position": {
    "len2_init": {
      "n": 96521,
      "mean_loss": 2.87203049659729
    },
    "len2_cont": {
      "n": 53079,
      "mean_loss": 1.3792788982391357
    },
    "len3_init": {
      "n": 33069,
      "mean_loss": 3.5654971599578857
    },
    "len3_cont": {
      "n": 61634,
      "mean_loss": 1.1341646909713745
    },
    "len4plus_init": {
      "n": 30011,
      "mean_loss": 2.756211519241333
    },
    "len4plus_cont": {
      "n": 158508,
      "mean_loss": 0.9395673274993896
    }
  },
  "by_wordfreqdecile_position_multitokenonly": {
    "0": {
      "wordfreq_range": [
        1.0,
        1.0
      ],
      "word_initial": {
        "n": 0,
        "mean_loss": null
      },
      "word_continuation": {
        "n": 0,
        "mean_loss": null
      }
    },
    "1": {
      "wordfreq_range": [
        1.0,
        1.0
      ],
      "word_initial": {
        "n": 0,
        "mean_loss": null
      },