{
  "model": "EleutherAI/pythia-1.4b",
  "n_pred_tokens": 1233738,
  "overall_mean_loss": 2.003666400909424,
  "by_position": {
    "word_initial": {
      "n": 580174,
      "mean_loss": 2.938533067703247
    },
    "word_continuation": {
      "n": 273221,
      "mean_loss": 1.2658756971359253
    },
    "other": {
      "n": 380343,
      "mean_loss": 1.1076185703277588
    }
  },
  "by_depth": {
    "0_initial": {
      "n": 580174,
      "mean_loss": 2.938533067703247
    },
    "1": {
      "n": 111688,
      "mean_loss": 1.7310925722122192
    },
    "2": {
      "n": 65341,
      "mean_loss": 1.180334210395813
    },
    "3plus": {
      "n": 96192,
      "mean_loss": 0.783821165561676
    }
  },
  "by_seqband_position": {
    "early_lt128": {
      "word_initial": {
        "n": 72585,
        "mean_loss": 3.3435745239257812
      },
      "word_continuation": {
        "n": 34258,
        "mean_loss": 1.7556424140930176
      }
    },
    "mid": {
      "word_initial": {
        "n": 362211,
        "mean_loss": 2.890902042388916
      },
      "word_continuation": {
        "n": 171078,
        "mean_loss": 1.2032482624053955
      }
    },
    "late": {
      "word_initial": {
        "n": 145378,
        "mean_loss": 2.854976177215576
      },
      "word_continuation": {
        "n": 67885,
        "mean_loss": 1.176544427871704
      }
    }
  },
  "by_freqdecile_position": {
    "0": {
      "freq_range": [
        1.0,
        14.0
      ],
      "word_initial": {
        "n": 55046,
        "mean_loss": 5.147977352142334
      },
      "word_continuation": {
        "n": 29401,
        "mean_loss": 2.7334582805633545
      }
    },
    "1": {
      "freq_range": [
        14.0,
        35.0
      ],
      "word_initial": {
        "n": 55500,
        "mean_loss": 4.254133224487305
      },
      "word_continuation": {
        "n": 29716,
        "mean_loss": 1.8203669786453247
      }
    },
    "2": {
      "freq_range": [
        35.0,
        69.0
      ],
      "word_initial": {
        "n": 55345,
        "mean_loss": 3.9405877590179443
      },
      "word_continuation": {
        "n": 28638,
        "mean_loss": 1.4478541612625122
      }
    },
    "3": {
      "freq_range": [
        69.0,
        129.0
      ],
      "word_initial": {
        "n": 55452,
        "mean_loss": 3.555405378341675
      },
      "word_continuation": {
        "n": 32230,
        "mean_loss": 1.134183406829834
      }
    },
    "4": {
      "freq_range": [
        129.0,
        235.0
      ],
      "word_initial": {
        "n": 50479,
        "mean_loss": 3.3451645374298096
      },
      "word_continuation": {
        "n": 34160,
        "mean_loss": 0.9715272784233093
      }
    },
    "5": {
      "freq_range": [
        235.0,
        465.0
      ],
      "word_initial": {
        "n": 56546,
        "mean_loss": 2.925513744354248
      },
      "word_continuation": {
        "n": 29155,
        "mean_loss": 0.810873806476593
      }
    },
    "6": {
      "freq_range": [
        465.0,
        982.0
      ],
      "word_initial": {
        "n": 52215,
        "mean_loss": 2.551220417022705
      },
      "word_continuation": {
        "n": 32724,
        "mean_loss": 1.109018325805664
      }
    },
    "7": {
      "freq_range": [
        982.0,
        2871.0
      ],
      "word_initial": {
        "n": 51711,
        "mean_loss": 2.149407386779785
      },
      "word_continuation": {
        "n": 33872,
        "mean_loss": 0.9912301898002625
      }
    },
    "8": {
      "freq_range": [
        2871.0,
        12358.0
      ],
      "word_initial": {
        "n": 53459,
        "mean_loss": 1.5285758972167969
      },
      "word_continuation": {
        "n": 23325,
        "mean_loss": 0.2868229150772095
      }
    },
    "9": {
      "freq_range": [
        12358.0,
        32401.0
      ],
      "word_initial": {
        "n": 94421,
        "mean_loss": 1.1625760793685913
      },
      "word_continuation": {
        "n": 0,
        "mean_loss": null
      }
    }
  },
  "by_wordfreqdecile_position": {
    "0": {
      "wordfreq_range": [
        1.0,
        1.0
      ],
      "word_initial": {
        "n": 0,
        "mean_loss": null
      },
      "word_continuation": {
        "n": 0,
        "mean_loss": null
      }
    },
    "1": {
      "wordfreq_range": [
        1.0,
        2.0
      ],
      "word_initial": {
        "n": 44485,
        "mean_loss": 4.450679302215576
      },
      "word_continuation": {
        "n": 116216,
        "mean_loss": 1.6169594526290894
      }
    },
    "2": {
      "wordfreq_range": [
        2.0,
        5.0
      ],
      "word_initial": {
        "n": 44810,
        "mean_loss": 4.319557189941406
      },
      "word_continuation": {
        "n": 50251,
        "mean_loss": 1.2114460468292236
      }
    },
    "3": {
      "wordfreq_range": [
        5.0,
        12.0
      ],
      "word_initial": {
        "n": 48494,
        "mean_loss": 4.076738357543945
      },
      "word_continuation": {
        "n": 30269,
        "mean_loss": 0.8856388330459595
      }
    },
    "4": {
      "wordfreq_range": [
        12.0,
        32.0
      ],
      "word_initial": {
        "n": 64423,
        "mean_loss": 3.726149797439575
      },
      "word_continuation": {
        "n": 26797,
        "mean_loss": 0.8610243201255798
      }
    },
    "5": {
      "wordfreq_range": [
        32.0,
        86.0
      ],
      "word_initial": {
        "n": 66555,
        "mean_loss": 3.436094284057617
      },
      "word_continuation": {
        "n": 19470,
        "mean_loss": 0.8657506108283997
      }
    },
    "6": {
      "wordfreq_range": [
        86.0,
        270.0
      ],
      "word_initial": {
        "n": 72729,
        "mean_loss": 3.1053857803344727
      },
      "word_continuation": {
        "n": 12697,
        "mean_loss": 1.154566764831543
      }
    },
    "7": {
      "wordfreq_range": [
        270.0,
        1543.0
      ],
      "word_initial": {
        "n": 74750,
        "mean_loss": 2.453411340713501
      },
      "word_continuation": {
        "n": 9698,
        "mean_loss": 0.948197603225708
      }
    },
    "8": {
      "wordfreq_range": [
        1543.0,
        12226.0
      ],
      "word_initial": {
        "n": 69897,
        "mean_loss": 1.8436989784240723
      },
      "word_continuation": {
        "n": 7724,
        "mean_loss": 0.8086124062538147
      }
    },
    "9": {
      "wordfreq_range": [
        12226.0,
        32419.0
      ],
      "word_initial": {
        "n": 94031,
        "mean_loss": 1.1566736698150635
      },
      "word_continuation": {
        "n": 99,
        "mean_loss": 2.3592405319213867
      }
    }
  },
  "by_position_multitokenonly": {
    "word_initial": {
      "n": 159601,
      "mean_loss": 3.4473750591278076
    },
    "word_continuation": {
      "n": 273221,
      "mean_loss": 1.2658756971359253
    }
  },
  "by_wordlen_position": {
    "len2_init": {
      "n": 96521,
      "mean_loss": 3.295656204223633
    },
    "len2_cont": {
      "n": 53079,
      "mean_loss": 1.5409730672836304
    },
    "len3_init": {
      "n": 33069,
      "mean_loss": 4.112734317779541
    },
    "len3_cont": {
      "n": 61634,
      "mean_loss": 1.3252078294754028
    },
    "len4plus_init": {
      "n": 30011,
      "mean_loss": 3.202172040939331
    },
    "len4plus_cont": {
      "n": 158508,
      "mean_loss": 1.150684118270874
    }
  },
  "by_wordfreqdecile_position_multitokenonly": {
    "0": {
      "wordfreq_range": [
        1.0,
        1.0
      ],
      "word_initial": {
        "n": 0,
        "mean_loss": null
      },
      "word_continuation": {
        "n": 0,
        "mean_loss": null
      }
    },
    "1": {
      "wordfreq_range": [
        1.0,
        1.0
      ],
      "word_initial": {
        "n": 0,
        "mean_loss": null
      },
      "word_continuation": {
        "n": 0,