{
  "model": "EleutherAI/pythia-2.8b",
  "n_pred_tokens": 1233738,
  "overall_mean_loss": 1.8662304878234863,
  "by_position": {
    "word_initial": {
      "n": 580174,
      "mean_loss": 2.749034881591797
    },
    "word_continuation": {
      "n": 273221,
      "mean_loss": 1.1361480951309204
    },
    "other": {
      "n": 380343,
      "mean_loss": 1.0440618991851807
    }
  },
  "by_depth": {
    "0_initial": {
      "n": 580174,
      "mean_loss": 2.749034881591797
    },
    "1": {
      "n": 111688,
      "mean_loss": 1.5851848125457764
    },
    "2": {
      "n": 65341,
      "mean_loss": 1.053160309791565
    },
    "3plus": {
      "n": 96192,
      "mean_loss": 0.6711455583572388
    }
  },
  "by_seqband_position": {
    "early_lt128": {
      "word_initial": {
        "n": 72585,
        "mean_loss": 3.1606738567352295
      },
      "word_continuation": {
        "n": 34258,
        "mean_loss": 1.5993447303771973
      }
    },
    "mid": {
      "word_initial": {
        "n": 362211,
        "mean_loss": 2.6987743377685547
      },
      "word_continuation": {
        "n": 171078,
        "mean_loss": 1.0753638744354248
      }
    },
    "late": {
      "word_initial": {
        "n": 145378,
        "mean_loss": 2.668733835220337
      },
      "word_continuation": {
        "n": 67885,
        "mean_loss": 1.0555802583694458
      }
    }
  },
  "by_freqdecile_position": {
    "0": {
      "freq_range": [
        1.0,
        14.0
      ],
      "word_initial": {
        "n": 55046,
        "mean_loss": 4.7999162673950195
      },
      "word_continuation": {
        "n": 29401,
        "mean_loss": 2.486345052719116
      }
    },
    "1": {
      "freq_range": [
        14.0,
        35.0
      ],
      "word_initial": {
        "n": 55500,
        "mean_loss": 3.9444093704223633
      },
      "word_continuation": {
        "n": 29716,
        "mean_loss": 1.641707420349121
      }
    },
    "2": {
      "freq_range": [
        35.0,
        69.0
      ],
      "word_initial": {
        "n": 55345,
        "mean_loss": 3.6560699939727783
      },
      "word_continuation": {
        "n": 28638,
        "mean_loss": 1.2747076749801636
      }
    },
    "3": {
      "freq_range": [
        69.0,
        129.0
      ],
      "word_initial": {
        "n": 55452,
        "mean_loss": 3.316648006439209
      },
      "word_continuation": {
        "n": 32230,
        "mean_loss": 0.9978493452072144
      }
    },
    "4": {
      "freq_range": [
        129.0,
        235.0
      ],
      "word_initial": {
        "n": 50479,
        "mean_loss": 3.122478485107422
      },
      "word_continuation": {
        "n": 34160,
        "mean_loss": 0.852119505405426
      }
    },
    "5": {
      "freq_range": [
        235.0,
        465.0
      ],
      "word_initial": {
        "n": 56546,
        "mean_loss": 2.740385055541992
      },
      "word_continuation": {
        "n": 29155,
        "mean_loss": 0.709833562374115
      }
    },
    "6": {
      "freq_range": [
        465.0,
        982.0
      ],
      "word_initial": {
        "n": 52215,
        "mean_loss": 2.374845027923584
      },
      "word_continuation": {
        "n": 32724,
        "mean_loss": 1.0078660249710083
      }
    },
    "7": {
      "freq_range": [
        982.0,
        2871.0
      ],
      "word_initial": {
        "n": 51711,
        "mean_loss": 2.0615622997283936
      },
      "word_continuation": {
        "n": 33872,
        "mean_loss": 0.9198691844940186
      }
    },
    "8": {
      "freq_range": [
        2871.0,
        12358.0
      ],
      "word_initial": {
        "n": 53459,
        "mean_loss": 1.4533132314682007
      },
      "word_continuation": {
        "n": 23325,
        "mean_loss": 0.25401630997657776
      }
    },
    "9": {
      "freq_range": [
        12358.0,
        32401.0
      ],
      "word_initial": {
        "n": 94421,
        "mean_loss": 1.108329176902771
      },
      "word_continuation": {
        "n": 0,
        "mean_loss": null
      }
    }
  },
  "by_wordfreqdecile_position": {
    "0": {
      "wordfreq_range": [
        1.0,
        1.0
      ],
      "word_initial": {
        "n": 0,
        "mean_loss": null
      },
      "word_continuation": {
        "n": 0,
        "mean_loss": null
      }
    },
    "1": {
      "wordfreq_range": [
        1.0,
        2.0
      ],
      "word_initial": {
        "n": 44485,
        "mean_loss": 4.116176605224609
      },
      "word_continuation": {
        "n": 116216,
        "mean_loss": 1.4372742176055908
      }
    },
    "2": {
      "wordfreq_range": [
        2.0,
        5.0
      ],
      "word_initial": {
        "n": 44810,
        "mean_loss": 3.9852986335754395
      },
      "word_continuation": {
        "n": 50251,
        "mean_loss": 1.058915615081787
      }
    },
    "3": {
      "wordfreq_range": [
        5.0,
        12.0
      ],
      "word_initial": {
        "n": 48494,
        "mean_loss": 3.766268014907837
      },
      "word_continuation": {
        "n": 30269,
        "mean_loss": 0.7930919528007507
      }
    },
    "4": {
      "wordfreq_range": [
        12.0,
        32.0
      ],
      "word_initial": {
        "n": 64423,
        "mean_loss": 3.4558935165405273
      },
      "word_continuation": {
        "n": 26797,
        "mean_loss": 0.7920368909835815
      }
    },
    "5": {
      "wordfreq_range": [
        32.0,
        86.0
      ],
      "word_initial": {
        "n": 66555,
        "mean_loss": 3.2090981006622314
      },
      "word_continuation": {
        "n": 19470,
        "mean_loss": 0.7990599870681763
      }
    },
    "6": {
      "wordfreq_range": [
        86.0,
        270.0
      ],
      "word_initial": {
        "n": 72729,
        "mean_loss": 2.9197134971618652
      },
      "word_continuation": {
        "n": 12697,
        "mean_loss": 1.0878424644470215
      }
    },
    "7": {
      "wordfreq_range": [
        270.0,
        1543.0
      ],
      "word_initial": {
        "n": 74750,
        "mean_loss": 2.3291220664978027
      },
      "word_continuation": {
        "n": 9698,
        "mean_loss": 0.9195675253868103
      }
    },
    "8": {
      "wordfreq_range": [
        1543.0,
        12226.0
      ],
      "word_initial": {
        "n": 69897,
        "mean_loss": 1.7772215604782104
      },
      "word_continuation": {
        "n": 7724,
        "mean_loss": 0.8316691517829895
      }
    },
    "9": {
      "wordfreq_range": [
        12226.0,
        32419.0
      ],
      "word_initial": {
        "n": 94031,
        "mean_loss": 1.1027742624282837
      },
      "word_continuation": {
        "n": 99,
        "mean_loss": 2.339089870452881
      }
    }
  },
  "by_position_multitokenonly": {
    "word_initial": {
      "n": 159601,
      "mean_loss": 3.1551153659820557
    },
    "word_continuation": {
      "n": 273221,
      "mean_loss": 1.1361480951309204
    }
  },
  "by_wordlen_position": {
    "len2_init": {
      "n": 96521,
      "mean_loss": 3.024212598800659
    },
    "len2_cont": {
      "n": 53079,
      "mean_loss": 1.435072898864746
    },
    "len3_init": {
      "n": 33069,
      "mean_loss": 3.7561323642730713
    },
    "len3_cont": {
      "n": 61634,
      "mean_loss": 1.1956220865249634
    },
    "len4plus_init": {
      "n": 30011,
      "mean_loss": 2.9138636589050293
    },
    "len4plus_cont": {
      "n": 158508,
      "mean_loss": 1.0129224061965942
    }
  },
  "by_wordfreqdecile_position_multitokenonly": {
    "0": {
      "wordfreq_range": [
        1.0,
        1.0
      ],
      "word_initial": {
        "n": 0,
        "mean_loss": null
      },
      "word_continuation": {
        "n": 0,
        "mean_loss": null
      }
    },
    "1": {
      "wordfreq_range": [
        1.0,
        1.0
      ],
      "word_initial": {
        "n": 0,
        "mean_loss": null
      },
      "word_continuation": {
        "n": 0,