{
  "model": "EleutherAI/pythia-70m-deduped",
  "n_pred_tokens": 1233738,
  "overall_mean_loss": 5.078451156616211,
  "by_position": {
    "word_initial": {
      "n": 580174,
      "mean_loss": 6.410162448883057
    },
    "word_continuation": {
      "n": 273221,
      "mean_loss": 4.676048278808594
    },
    "other": {
      "n": 380343,
      "mean_loss": 3.3361308574676514
    }
  },
  "by_depth": {
    "0_initial": {
      "n": 580174,
      "mean_loss": 6.410162448883057
    },
    "1": {
      "n": 111688,
      "mean_loss": 5.1528449058532715
    },
    "2": {
      "n": 65341,
      "mean_loss": 4.8529887199401855
    },
    "3plus": {
      "n": 96192,
      "mean_loss": 4.002251148223877
    }
  },
  "by_seqband_position": {
    "early_lt128": {
      "word_initial": {
        "n": 72585,
        "mean_loss": 6.758700370788574
      },
      "word_continuation": {
        "n": 34258,
        "mean_loss": 5.265577793121338
      }
    },
    "mid": {
      "word_initial": {
        "n": 362211,
        "mean_loss": 6.366034030914307
      },
      "word_continuation": {
        "n": 171078,
        "mean_loss": 4.591185092926025
      }
    },
    "late": {
      "word_initial": {
        "n": 145378,
        "mean_loss": 6.346088886260986
      },
      "word_continuation": {
        "n": 67885,
        "mean_loss": 4.592409610748291
      }
    }
  },
  "by_freqdecile_position": {
    "0": {
      "freq_range": [
        1.0,
        14.0
      ],
      "word_initial": {
        "n": 55046,
        "mean_loss": 9.64632797241211
      },
      "word_continuation": {
        "n": 29401,
        "mean_loss": 6.944607734680176
      }
    },
    "1": {
      "freq_range": [
        14.0,
        35.0
      ],
      "word_initial": {
        "n": 55500,
        "mean_loss": 8.69886589050293
      },
      "word_continuation": {
        "n": 29716,
        "mean_loss": 5.894390106201172
      }
    },
    "2": {
      "freq_range": [
        35.0,
        69.0
      ],
      "word_initial": {
        "n": 55345,
        "mean_loss": 8.25956916809082
      },
      "word_continuation": {
        "n": 28638,
        "mean_loss": 5.479491710662842
      }
    },
    "3": {
      "freq_range": [
        69.0,
        129.0
      ],
      "word_initial": {
        "n": 55452,
        "mean_loss": 7.716037750244141
      },
      "word_continuation": {
        "n": 32230,
        "mean_loss": 4.974460124969482
      }
    },
    "4": {
      "freq_range": [
        129.0,
        235.0
      ],
      "word_initial": {
        "n": 50479,
        "mean_loss": 7.330068111419678
      },
      "word_continuation": {
        "n": 34160,
        "mean_loss": 4.538301467895508
      }
    },
    "5": {
      "freq_range": [
        235.0,
        465.0
      ],
      "word_initial": {
        "n": 56546,
        "mean_loss": 6.576975345611572
      },
      "word_continuation": {
        "n": 29155,
        "mean_loss": 4.1185078620910645
      }
    },
    "6": {
      "freq_range": [
        465.0,
        982.0
      ],
      "word_initial": {
        "n": 52215,
        "mean_loss": 5.8279314041137695
      },
      "word_continuation": {
        "n": 32724,
        "mean_loss": 4.247028350830078
      }
    },
    "7": {
      "freq_range": [
        982.0,
        2871.0
      ],
      "word_initial": {
        "n": 51711,
        "mean_loss": 4.895359039306641
      },
      "word_continuation": {
        "n": 33872,
        "mean_loss": 3.7246694564819336
      }
    },
    "8": {
      "freq_range": [
        2871.0,
        12358.0
      ],
      "word_initial": {
        "n": 53459,
        "mean_loss": 3.9765450954437256
      },
      "word_continuation": {
        "n": 23325,
        "mean_loss": 1.7476850748062134
      }
    },
    "9": {
      "freq_range": [
        12358.0,
        32401.0
      ],
      "word_initial": {
        "n": 94421,
        "mean_loss": 3.2650303840637207
      },
      "word_continuation": {
        "n": 0,
        "mean_loss": null
      }
    }
  },
  "by_wordfreqdecile_position": {
    "0": {
      "wordfreq_range": [
        1.0,
        1.0
      ],
      "word_initial": {
        "n": 0,
        "mean_loss": null
      },
      "word_continuation": {
        "n": 0,
        "mean_loss": null
      }
    },
    "1": {
      "wordfreq_range": [
        1.0,
        2.0
      ],
      "word_initial": {
        "n": 44485,
        "mean_loss": 8.59509563446045
      },
      "word_continuation": {
        "n": 116216,
        "mean_loss": 5.301482677459717
      }
    },
    "2": {
      "wordfreq_range": [
        2.0,
        5.0
      ],
      "word_initial": {
        "n": 44810,
        "mean_loss": 8.775104522705078
      },
      "word_continuation": {
        "n": 50251,
        "mean_loss": 4.788259029388428
      }
    },
    "3": {
      "wordfreq_range": [
        5.0,
        12.0
      ],
      "word_initial": {
        "n": 48494,
        "mean_loss": 8.4878568649292
      },
      "word_continuation": {
        "n": 30269,
        "mean_loss": 4.274747848510742
      }
    },
    "4": {
      "wordfreq_range": [
        12.0,
        32.0
      ],
      "word_initial": {
        "n": 64423,
        "mean_loss": 8.054508209228516
      },
      "word_continuation": {
        "n": 26797,
        "mean_loss": 3.9985008239746094
      }
    },
    "5": {
      "wordfreq_range": [
        32.0,
        86.0
      ],
      "word_initial": {
        "n": 66555,
        "mean_loss": 7.543495178222656
      },
      "word_continuation": {
        "n": 19470,
        "mean_loss": 3.979968309402466
      }
    },
    "6": {
      "wordfreq_range": [
        86.0,
        270.0
      ],
      "word_initial": {
        "n": 72729,
        "mean_loss": 6.787772178649902
      },
      "word_continuation": {
        "n": 12697,
        "mean_loss": 4.216845512390137
      }
    },
    "7": {
      "wordfreq_range": [
        270.0,
        1543.0
      ],
      "word_initial": {
        "n": 74750,
        "mean_loss": 5.481143951416016
      },
      "word_continuation": {
        "n": 9698,
        "mean_loss": 3.3107547760009766
      }
    },
    "8": {
      "wordfreq_range": [
        1543.0,
        12226.0
      ],
      "word_initial": {
        "n": 69897,
        "mean_loss": 4.307784557342529
      },
      "word_continuation": {
        "n": 7724,
        "mean_loss": 2.6693367958068848
      }
    },
    "9": {
      "wordfreq_range": [
        12226.0,
        32419.0
      ],
      "word_initial": {
        "n": 94031,
        "mean_loss": 3.2584633827209473
      },
      "word_continuation": {
        "n": 99,
        "mean_loss": 5.71258544921875
      }
    }
  },
  "by_position_multitokenonly": {
    "word_initial": {
      "n": 159601,
      "mean_loss": 7.726980209350586
    },
    "word_continuation": {
      "n": 273221,
      "mean_loss": 4.676048278808594
    }
  },
  "by_wordlen_position": {
    "len2_init": {
      "n": 96521,
      "mean_loss": 7.598416328430176
    },
    "len2_cont": {
      "n": 53079,
      "mean_loss": 4.597720146179199
    },
    "len3_init": {
      "n": 33069,
      "mean_loss": 8.636449813842773
    },
    "len3_cont": {
      "n": 61634,
      "mean_loss": 4.754914283752441
    },
    "len4plus_init": {
      "n": 30011,
      "mean_loss": 7.13832950592041
    },
    "len4plus_cont": {
      "n": 158508,
      "mean_loss": 4.671611785888672
    }
  },
  "by_wordfreqdecile_position_multitokenonly": {
    "0": {
      "wordfreq_range": [
        1.0,
        1.0
      ],
      "word_initial": {
        "n": 0,
        "mean_loss": null
      },
      "word_continuation": {
        "n": 0,
        "mean_loss": null
      }
    },
    "1": {
      "wordfreq_range": [
        1.0,
        1.0
      ],
      "word_initial": {
        "n": 0,
        "mean_loss": null
      },
      "word_continuation": {
        "n": 0,