{
  "model": "EleutherAI/pythia-410m",
  "n_pred_tokens": 1233738,
  "overall_mean_loss": 2.4963929653167725,
  "by_position": {
    "word_initial": {
      "n": 580174,
      "mean_loss": 3.579533576965332
    },
    "word_continuation": {
      "n": 273221,
      "mean_loss": 1.8191945552825928
    },
    "other": {
      "n": 380343,
      "mean_loss": 1.3306429386138916
    }
  },
  "by_depth": {
    "0_initial": {
      "n": 580174,
      "mean_loss": 3.579533576965332
    },
    "1": {
      "n": 111688,
      "mean_loss": 2.313939332962036
    },
    "2": {
      "n": 65341,
      "mean_loss": 1.7799625396728516
    },
    "3plus": {
      "n": 96192,
      "mean_loss": 1.2713980674743652
    }
  },
  "by_seqband_position": {
    "early_lt128": {
      "word_initial": {
        "n": 72585,
        "mean_loss": 3.9736227989196777
      },
      "word_continuation": {
        "n": 34258,
        "mean_loss": 2.4074103832244873
      }
    },
    "mid": {
      "word_initial": {
        "n": 362211,
        "mean_loss": 3.5349771976470947
      },
      "word_continuation": {
        "n": 171078,
        "mean_loss": 1.747699499130249
      }
    },
    "late": {
      "word_initial": {
        "n": 145378,
        "mean_loss": 3.4937868118286133
      },
      "word_continuation": {
        "n": 67885,
        "mean_loss": 1.7025281190872192
      }
    }
  },
  "by_freqdecile_position": {
    "0": {
      "freq_range": [
        1.0,
        14.0
      ],
      "word_initial": {
        "n": 55046,
        "mean_loss": 6.234984874725342
      },
      "word_continuation": {
        "n": 29401,
        "mean_loss": 3.6297483444213867
      }
    },
    "1": {
      "freq_range": [
        14.0,
        35.0
      ],
      "word_initial": {
        "n": 55500,
        "mean_loss": 5.265995979309082
      },
      "word_continuation": {
        "n": 29716,
        "mean_loss": 2.5813302993774414
      }
    },
    "2": {
      "freq_range": [
        35.0,
        69.0
      ],
      "word_initial": {
        "n": 55345,
        "mean_loss": 4.895163059234619
      },
      "word_continuation": {
        "n": 28638,
        "mean_loss": 2.164614200592041
      }
    },
    "3": {
      "freq_range": [
        69.0,
        129.0
      ],
      "word_initial": {
        "n": 55452,
        "mean_loss": 4.414392471313477
      },
      "word_continuation": {
        "n": 32230,
        "mean_loss": 1.7677578926086426
      }
    },
    "4": {
      "freq_range": [
        129.0,
        235.0
      ],
      "word_initial": {
        "n": 50479,
        "mean_loss": 4.104201316833496
      },
      "word_continuation": {
        "n": 34160,
        "mean_loss": 1.5058701038360596
      }
    },
    "5": {
      "freq_range": [
        235.0,
        465.0
      ],
      "word_initial": {
        "n": 56546,
        "mean_loss": 3.5814599990844727
      },
      "word_continuation": {
        "n": 29155,
        "mean_loss": 1.3007822036743164
      }
    },
    "6": {
      "freq_range": [
        465.0,
        982.0
      ],
      "word_initial": {
        "n": 52215,
        "mean_loss": 3.108097791671753
      },
      "word_continuation": {
        "n": 32724,
        "mean_loss": 1.5700984001159668
      }
    },
    "7": {
      "freq_range": [
        982.0,
        2871.0
      ],
      "word_initial": {
        "n": 51711,
        "mean_loss": 2.489366054534912
      },
      "word_continuation": {
        "n": 33872,
        "mean_loss": 1.3513903617858887
      }
    },
    "8": {
      "freq_range": [
        2871.0,
        12358.0
      ],
      "word_initial": {
        "n": 53459,
        "mean_loss": 1.824431300163269
      },
      "word_continuation": {
        "n": 23325,
        "mean_loss": 0.3486810326576233
      }
    },
    "9": {
      "freq_range": [
        12358.0,
        32401.0
      ],
      "word_initial": {
        "n": 94421,
        "mean_loss": 1.348502278327942
      },
      "word_continuation": {
        "n": 0,
        "mean_loss": null
      }
    }
  },
  "by_wordfreqdecile_position": {
    "0": {
      "wordfreq_range": [
        1.0,
        1.0
      ],
      "word_initial": {
        "n": 0,
        "mean_loss": null
      },
      "word_continuation": {
        "n": 0,
        "mean_loss": null
      }
    },
    "1": {
      "wordfreq_range": [
        1.0,
        2.0
      ],
      "word_initial": {
        "n": 44485,
        "mean_loss": 5.458507061004639
      },
      "word_continuation": {
        "n": 116216,
        "mean_loss": 2.3241488933563232
      }
    },
    "2": {
      "wordfreq_range": [
        2.0,
        5.0
      ],
      "word_initial": {
        "n": 44810,
        "mean_loss": 5.369520664215088
      },
      "word_continuation": {
        "n": 50251,
        "mean_loss": 1.8241204023361206
      }
    },
    "3": {
      "wordfreq_range": [
        5.0,
        12.0
      ],
      "word_initial": {
        "n": 48494,
        "mean_loss": 5.084053993225098
      },
      "word_continuation": {
        "n": 30269,
        "mean_loss": 1.3783684968948364
      }
    },
    "4": {
      "wordfreq_range": [
        12.0,
        32.0
      ],
      "word_initial": {
        "n": 64423,
        "mean_loss": 4.654252052307129
      },
      "word_continuation": {
        "n": 26797,
        "mean_loss": 1.253416657447815
      }
    },
    "5": {
      "wordfreq_range": [
        32.0,
        86.0
      ],
      "word_initial": {
        "n": 66555,
        "mean_loss": 4.242772102355957
      },
      "word_continuation": {
        "n": 19470,
        "mean_loss": 1.215744972229004
      }
    },
    "6": {
      "wordfreq_range": [
        86.0,
        270.0
      ],
      "word_initial": {
        "n": 72729,
        "mean_loss": 3.737034559249878
      },
      "word_continuation": {
        "n": 12697,
        "mean_loss": 1.385395884513855
      }
    },
    "7": {
      "wordfreq_range": [
        270.0,
        1543.0
      ],
      "word_initial": {
        "n": 74750,
        "mean_loss": 2.8945512771606445
      },
      "word_continuation": {
        "n": 9698,
        "mean_loss": 1.124579906463623
      }
    },
    "8": {
      "wordfreq_range": [
        1543.0,
        12226.0
      ],
      "word_initial": {
        "n": 69897,
        "mean_loss": 2.149329900741577
      },
      "word_continuation": {
        "n": 7724,
        "mean_loss": 0.9697128534317017
      }
    },
    "9": {
      "wordfreq_range": [
        12226.0,
        32419.0
      ],
      "word_initial": {
        "n": 94031,
        "mean_loss": 1.341770052909851
      },
      "word_continuation": {
        "n": 99,
        "mean_loss": 3.112705945968628
      }
    }
  },
  "by_position_multitokenonly": {
    "word_initial": {
      "n": 159601,
      "mean_loss": 4.388413429260254
    },
    "word_continuation": {
      "n": 273221,
      "mean_loss": 1.8191945552825928
    }
  },
  "by_wordlen_position": {
    "len2_init": {
      "n": 96521,
      "mean_loss": 4.217421531677246
    },
    "len2_cont": {
      "n": 53079,
      "mean_loss": 2.0175583362579346
    },
    "len3_init": {
      "n": 33069,
      "mean_loss": 5.2142720222473145
    },
    "len3_cont": {
      "n": 61634,
      "mean_loss": 1.8868364095687866
    },
    "len4plus_init": {
      "n": 30011,
      "mean_loss": 4.028347492218018
    },
    "len4plus_cont": {
      "n": 158508,
      "mean_loss": 1.726467251777649
    }
  },
  "by_wordfreqdecile_position_multitokenonly": {
    "0": {
      "wordfreq_range": [
        1.0,
        1.0
      ],
      "word_initial": {
        "n": 0,
        "mean_loss": null
      },
      "word_continuation": {
        "n": 0,
        "mean_loss": null
      }
    },
    "1": {
      "wordfreq_range": [
        1.0,
        1.0
      ],
      "word_initial": {
        "n": 0,
        "mean_loss": null
      },
      "word_continuation": {
        "n": 0,