{
  "model": "EleutherAI/pythia-1b",
  "n_pred_tokens": 1233738,
  "overall_mean_loss": 2.3597092628479004,
  "by_position": {
    "word_initial": {
      "n": 580174,
      "mean_loss": 3.3996243476867676
    },
    "word_continuation": {
      "n": 273221,
      "mean_loss": 1.657590627670288
    },
    "other": {
      "n": 380343,
      "mean_loss": 1.2777959108352661
    }
  },
  "by_depth": {
    "0_initial": {
      "n": 580174,
      "mean_loss": 3.3996243476867676
    },
    "1": {
      "n": 111688,
      "mean_loss": 2.149245262145996
    },
    "2": {
      "n": 65341,
      "mean_loss": 1.6038544178009033
    },
    "3plus": {
      "n": 96192,
      "mean_loss": 1.1232348680496216
    }
  },
  "by_seqband_position": {
    "early_lt128": {
      "word_initial": {
        "n": 72585,
        "mean_loss": 3.798421621322632
      },
      "word_continuation": {
        "n": 34258,
        "mean_loss": 2.2331221103668213
      }
    },
    "mid": {
      "word_initial": {
        "n": 362211,
        "mean_loss": 3.352729558944702
      },
      "word_continuation": {
        "n": 171078,
        "mean_loss": 1.58756422996521
      }
    },
    "late": {
      "word_initial": {
        "n": 145378,
        "mean_loss": 3.3173491954803467
      },
      "word_continuation": {
        "n": 67885,
        "mean_loss": 1.5436245203018188
      }
    }
  },
  "by_freqdecile_position": {
    "0": {
      "freq_range": [
        1.0,
        14.0
      ],
      "word_initial": {
        "n": 55046,
        "mean_loss": 5.942927360534668
      },
      "word_continuation": {
        "n": 29401,
        "mean_loss": 3.3749191761016846
      }
    },
    "1": {
      "freq_range": [
        14.0,
        35.0
      ],
      "word_initial": {
        "n": 55500,
        "mean_loss": 4.9906325340271
      },
      "word_continuation": {
        "n": 29716,
        "mean_loss": 2.3777883052825928
      }
    },
    "2": {
      "freq_range": [
        35.0,
        69.0
      ],
      "word_initial": {
        "n": 55345,
        "mean_loss": 4.6301398277282715
      },
      "word_continuation": {
        "n": 28638,
        "mean_loss": 1.9570263624191284
      }
    },
    "3": {
      "freq_range": [
        69.0,
        129.0
      ],
      "word_initial": {
        "n": 55452,
        "mean_loss": 4.154416084289551
      },
      "word_continuation": {
        "n": 32230,
        "mean_loss": 1.5883326530456543
      }
    },
    "4": {
      "freq_range": [
        129.0,
        235.0
      ],
      "word_initial": {
        "n": 50479,
        "mean_loss": 3.9018943309783936
      },
      "word_continuation": {
        "n": 34160,
        "mean_loss": 1.3277050256729126
      }
    },
    "5": {
      "freq_range": [
        235.0,
        465.0
      ],
      "word_initial": {
        "n": 56546,
        "mean_loss": 3.410712242126465
      },
      "word_continuation": {
        "n": 29155,
        "mean_loss": 1.1294983625411987
      }
    },
    "6": {
      "freq_range": [
        465.0,
        982.0
      ],
      "word_initial": {
        "n": 52215,
        "mean_loss": 2.9585793018341064
      },
      "word_continuation": {
        "n": 32724,
        "mean_loss": 1.4451160430908203
      }
    },
    "7": {
      "freq_range": [
        982.0,
        2871.0
      ],
      "word_initial": {
        "n": 51711,
        "mean_loss": 2.4233083724975586
      },
      "word_continuation": {
        "n": 33872,
        "mean_loss": 1.2470321655273438
      }
    },
    "8": {
      "freq_range": [
        2871.0,
        12358.0
      ],
      "word_initial": {
        "n": 53459,
        "mean_loss": 1.7097699642181396
      },
      "word_continuation": {
        "n": 23325,
        "mean_loss": 0.3409455716609955
      }
    },
    "9": {
      "freq_range": [
        12358.0,
        32401.0
      ],
      "word_initial": {
        "n": 94421,
        "mean_loss": 1.277374029159546
      },
      "word_continuation": {
        "n": 0,
        "mean_loss": null
      }
    }
  },
  "by_wordfreqdecile_position": {
    "0": {
      "wordfreq_range": [
        1.0,
        1.0
      ],
      "word_initial": {
        "n": 0,
        "mean_loss": null
      },
      "word_continuation": {
        "n": 0,
        "mean_loss": null
      }
    },
    "1": {
      "wordfreq_range": [
        1.0,
        2.0
      ],
      "word_initial": {
        "n": 44485,
        "mean_loss": 5.177165985107422
      },
      "word_continuation": {
        "n": 116216,
        "mean_loss": 2.123030662536621
      }
    },
    "2": {
      "wordfreq_range": [
        2.0,
        5.0
      ],
      "word_initial": {
        "n": 44810,
        "mean_loss": 5.075371742248535
      },
      "word_continuation": {
        "n": 50251,
        "mean_loss": 1.6510226726531982
      }
    },
    "3": {
      "wordfreq_range": [
        5.0,
        12.0
      ],
      "word_initial": {
        "n": 48494,
        "mean_loss": 4.800500869750977
      },
      "word_continuation": {
        "n": 30269,
        "mean_loss": 1.211997151374817
      }
    },
    "4": {
      "wordfreq_range": [
        12.0,
        32.0
      ],
      "word_initial": {
        "n": 64423,
        "mean_loss": 4.402915954589844
      },
      "word_continuation": {
        "n": 26797,
        "mean_loss": 1.1156312227249146
      }
    },
    "5": {
      "wordfreq_range": [
        32.0,
        86.0
      ],
      "word_initial": {
        "n": 66555,
        "mean_loss": 4.011360168457031
      },
      "word_continuation": {
        "n": 19470,
        "mean_loss": 1.0961430072784424
      }
    },
    "6": {
      "wordfreq_range": [
        86.0,
        270.0
      ],
      "word_initial": {
        "n": 72729,
        "mean_loss": 3.5821664333343506
      },
      "word_continuation": {
        "n": 12697,
        "mean_loss": 1.3517935276031494
      }
    },
    "7": {
      "wordfreq_range": [
        270.0,
        1543.0
      ],
      "word_initial": {
        "n": 74750,
        "mean_loss": 2.7832424640655518
      },
      "word_continuation": {
        "n": 9698,
        "mean_loss": 1.081276297569275
      }
    },
    "8": {
      "wordfreq_range": [
        1543.0,
        12226.0
      ],
      "word_initial": {
        "n": 69897,
        "mean_loss": 2.0480501651763916
      },
      "word_continuation": {
        "n": 7724,
        "mean_loss": 0.9479706287384033
      }
    },
    "9": {
      "wordfreq_range": [
        12226.0,
        32419.0
      ],
      "word_initial": {
        "n": 94031,
        "mean_loss": 1.270772099494934
      },
      "word_continuation": {
        "n": 99,
        "mean_loss": 3.0040807723999023
      }
    }
  },
  "by_position_multitokenonly": {
    "word_initial": {
      "n": 159601,
      "mean_loss": 4.128754615783691
    },
    "word_continuation": {
      "n": 273221,
      "mean_loss": 1.657590627670288
    }
  },
  "by_wordlen_position": {
    "len2_init": {
      "n": 96521,
      "mean_loss": 3.955467700958252
    },
    "len2_cont": {
      "n": 53079,
      "mean_loss": 1.8811187744140625
    },
    "len3_init": {
      "n": 33069,
      "mean_loss": 4.901021480560303
    },
    "len3_cont": {
      "n": 61634,
      "mean_loss": 1.7174664735794067
    },
    "len4plus_init": {
      "n": 30011,
      "mean_loss": 3.8351240158081055
    },
    "len4plus_cont": {
      "n": 158508,
      "mean_loss": 1.559456467628479
    }
  },
  "by_wordfreqdecile_position_multitokenonly": {
    "0": {
      "wordfreq_range": [
        1.0,
        1.0
      ],
      "word_initial": {
        "n": 0,
        "mean_loss": null
      },
      "word_continuation": {
        "n": 0,
        "mean_loss": null
      }
    },
    "1": {
      "wordfreq_range": [
        1.0,
        1.0
      ],
      "word_initial": {
        "n": 0,
        "mean_loss": null
      },
      "word_continuation": {
        "n": 0,