{
  "model": "EleutherAI/pythia-410m",
  "n_pred_tokens": 1233738,
  "overall_mean_loss": 2.313239574432373,
  "by_position": {
    "word_initial": {
      "n": 580174,
      "mean_loss": 3.3594870567321777
    },
    "word_continuation": {
      "n": 273221,
      "mean_loss": 1.6008878946304321
    },
    "other": {
      "n": 380343,
      "mean_loss": 1.2290184497833252
    }
  },
  "by_depth": {
    "0_initial": {
      "n": 580174,
      "mean_loss": 3.3594870567321777
    },
    "1": {
      "n": 111688,
      "mean_loss": 2.087406635284424
    },
    "2": {
      "n": 65341,
      "mean_loss": 1.5364720821380615
    },
    "3plus": {
      "n": 96192,
      "mean_loss": 1.0797499418258667
    }
  },
  "by_seqband_position": {
    "early_lt128": {
      "word_initial": {
        "n": 72585,
        "mean_loss": 3.7462801933288574
      },
      "word_continuation": {
        "n": 34258,
        "mean_loss": 2.1511905193328857
      }
    },
    "mid": {
      "word_initial": {
        "n": 362211,
        "mean_loss": 3.3126044273376465
      },
      "word_continuation": {
        "n": 171078,
        "mean_loss": 1.5321602821350098
      }
    },
    "late": {
      "word_initial": {
        "n": 145378,
        "mean_loss": 3.283175468444824
      },
      "word_continuation": {
        "n": 67885,
        "mean_loss": 1.4963805675506592
      }
    }
  },
  "by_freqdecile_position": {
    "0": {
      "freq_range": [
        1.0,
        14.0
      ],
      "word_initial": {
        "n": 55046,
        "mean_loss": 5.889764785766602
      },
      "word_continuation": {
        "n": 29401,
        "mean_loss": 3.286238193511963
      }
    },
    "1": {
      "freq_range": [
        14.0,
        35.0
      ],
      "word_initial": {
        "n": 55500,
        "mean_loss": 4.94264030456543
      },
      "word_continuation": {
        "n": 29716,
        "mean_loss": 2.2987589836120605
      }
    },
    "2": {
      "freq_range": [
        35.0,
        69.0
      ],
      "word_initial": {
        "n": 55345,
        "mean_loss": 4.595510005950928
      },
      "word_continuation": {
        "n": 28638,
        "mean_loss": 1.8890032768249512
      }
    },
    "3": {
      "freq_range": [
        69.0,
        129.0
      ],
      "word_initial": {
        "n": 55452,
        "mean_loss": 4.1110076904296875
      },
      "word_continuation": {
        "n": 32230,
        "mean_loss": 1.5154391527175903
      }
    },
    "4": {
      "freq_range": [
        129.0,
        235.0
      ],
      "word_initial": {
        "n": 50479,
        "mean_loss": 3.849390745162964
      },
      "word_continuation": {
        "n": 34160,
        "mean_loss": 1.3077263832092285
      }
    },
    "5": {
      "freq_range": [
        235.0,
        465.0
      ],
      "word_initial": {
        "n": 56546,
        "mean_loss": 3.3582568168640137
      },
      "word_continuation": {
        "n": 29155,
        "mean_loss": 1.0808980464935303
      }
    },
    "6": {
      "freq_range": [
        465.0,
        982.0
      ],
      "word_initial": {
        "n": 52215,
        "mean_loss": 2.9135258197784424
      },
      "word_continuation": {
        "n": 32724,
        "mean_loss": 1.384261965751648
      }
    },
    "7": {
      "freq_range": [
        982.0,
        2871.0
      ],
      "word_initial": {
        "n": 51711,
        "mean_loss": 2.384127140045166
      },
      "word_continuation": {
        "n": 33872,
        "mean_loss": 1.178187608718872
      }
    },
    "8": {
      "freq_range": [
        2871.0,
        12358.0
      ],
      "word_initial": {
        "n": 53459,
        "mean_loss": 1.706555962562561
      },
      "word_continuation": {
        "n": 23325,
        "mean_loss": 0.3488118648529053
      }
    },
    "9": {
      "freq_range": [
        12358.0,
        32401.0
      ],
      "word_initial": {
        "n": 94421,
        "mean_loss": 1.2434184551239014
      },
      "word_continuation": {
        "n": 0,
        "mean_loss": null
      }
    }
  },
  "by_wordfreqdecile_position": {
    "0": {
      "wordfreq_range": [
        1.0,
        1.0
      ],
      "word_initial": {
        "n": 0,
        "mean_loss": null
      },
      "word_continuation": {
        "n": 0,
        "mean_loss": null
      }
    },
    "1": {
      "wordfreq_range": [
        1.0,
        2.0
      ],
      "word_initial": {
        "n": 44485,
        "mean_loss": 5.153294086456299
      },
      "word_continuation": {
        "n": 116216,
        "mean_loss": 2.0539755821228027
      }
    },
    "2": {
      "wordfreq_range": [
        2.0,
        5.0
      ],
      "word_initial": {
        "n": 44810,
        "mean_loss": 5.037728309631348
      },
      "word_continuation": {
        "n": 50251,
        "mean_loss": 1.5903116464614868
      }
    },
    "3": {
      "wordfreq_range": [
        5.0,
        12.0
      ],
      "word_initial": {
        "n": 48494,
        "mean_loss": 4.7627949714660645
      },
      "word_continuation": {
        "n": 30269,
        "mean_loss": 1.1692945957183838
      }
    },
    "4": {
      "wordfreq_range": [
        12.0,
        32.0
      ],
      "word_initial": {
        "n": 64423,
        "mean_loss": 4.342037200927734
      },
      "word_continuation": {
        "n": 26797,
        "mean_loss": 1.0798860788345337
      }
    },
    "5": {
      "wordfreq_range": [
        32.0,
        86.0
      ],
      "word_initial": {
        "n": 66555,
        "mean_loss": 3.953089475631714
      },
      "word_continuation": {
        "n": 19470,
        "mean_loss": 1.0643254518508911
      }
    },
    "6": {
      "wordfreq_range": [
        86.0,
        270.0
      ],
      "word_initial": {
        "n": 72729,
        "mean_loss": 3.531273603439331
      },
      "word_continuation": {
        "n": 12697,
        "mean_loss": 1.3142019510269165
      }
    },
    "7": {
      "wordfreq_range": [
        270.0,
        1543.0
      ],
      "word_initial": {
        "n": 74750,
        "mean_loss": 2.7446091175079346
      },
      "word_continuation": {
        "n": 9698,
        "mean_loss": 1.046022891998291
      }
    },
    "8": {
      "wordfreq_range": [
        1543.0,
        12226.0
      ],
      "word_initial": {
        "n": 69897,
        "mean_loss": 2.031350612640381
      },
      "word_continuation": {
        "n": 7724,
        "mean_loss": 0.8543972969055176
      }
    },
    "9": {
      "wordfreq_range": [
        12226.0,
        32419.0
      ],
      "word_initial": {
        "n": 94031,
        "mean_loss": 1.237243413925171
      },
      "word_continuation": {
        "n": 99,
        "mean_loss": 2.9597628116607666
      }
    }
  },
  "by_position_multitokenonly": {
    "word_initial": {
      "n": 159601,
      "mean_loss": 4.089669227600098
    },
    "word_continuation": {
      "n": 273221,
      "mean_loss": 1.6008878946304321
    }
  },
  "by_wordlen_position": {
    "len2_init": {
      "n": 96521,
      "mean_loss": 3.915984630584717
    },
    "len2_cont": {
      "n": 53079,
      "mean_loss": 1.8256384134292603
    },
    "len3_init": {
      "n": 33069,
      "mean_loss": 4.87936544418335
    },
    "len3_cont": {
      "n": 61634,
      "mean_loss": 1.6574466228485107
    },
    "len4plus_init": {
      "n": 30011,
      "mean_loss": 3.7781078815460205
    },
    "len4plus_cont": {
      "n": 158508,
      "mean_loss": 1.5036343336105347
    }
  },
  "by_wordfreqdecile_position_multitokenonly": {
    "0": {
      "wordfreq_range": [
        1.0,
        1.0
      ],
      "word_initial": {
        "n": 0,
        "mean_loss": null
      },
      "word_continuation": {
        "n": 0,
        "mean_loss": null
      }
    },
    "1": {
      "wordfreq_range": [
        1.0,
        1.0
      ],
      "word_initial": {
        "n": 0,
        "mean_loss": null
      },
      "word_continuation": {
        "n": 0,