{
  "model": "EleutherAI/pythia-1b",
  "n_pred_tokens": 1233738,
  "overall_mean_loss": 2.3188817501068115,
  "by_position": {
    "word_initial": {
      "n": 580174,
      "mean_loss": 3.339432716369629
    },
    "word_continuation": {
      "n": 273221,
      "mean_loss": 1.6153684854507446
    },
    "other": {
      "n": 380343,
      "mean_loss": 1.2675082683563232
    }
  },
  "by_depth": {
    "0_initial": {
      "n": 580174,
      "mean_loss": 3.339432716369629
    },
    "1": {
      "n": 111688,
      "mean_loss": 2.109407901763916
    },
    "2": {
      "n": 65341,
      "mean_loss": 1.5536936521530151
    },
    "3plus": {
      "n": 96192,
      "mean_loss": 1.0836366415023804
    }
  },
  "by_seqband_position": {
    "early_lt128": {
      "word_initial": {
        "n": 72585,
        "mean_loss": 3.7266998291015625
      },
      "word_continuation": {
        "n": 34258,
        "mean_loss": 2.172023296356201
      }
    },
    "mid": {
      "word_initial": {
        "n": 362211,
        "mean_loss": 3.2934114933013916
      },
      "word_continuation": {
        "n": 171078,
        "mean_loss": 1.54647958278656
      }
    },
    "late": {
      "word_initial": {
        "n": 145378,
        "mean_loss": 3.260737895965576
      },
      "word_continuation": {
        "n": 67885,
        "mean_loss": 1.5080623626708984
      }
    }
  },
  "by_freqdecile_position": {
    "0": {
      "freq_range": [
        1.0,
        14.0
      ],
      "word_initial": {
        "n": 55046,
        "mean_loss": 5.823318004608154
      },
      "word_continuation": {
        "n": 29401,
        "mean_loss": 3.2865469455718994
      }
    },
    "1": {
      "freq_range": [
        14.0,
        35.0
      ],
      "word_initial": {
        "n": 55500,
        "mean_loss": 4.872297286987305
      },
      "word_continuation": {
        "n": 29716,
        "mean_loss": 2.305516004562378
      }
    },
    "2": {
      "freq_range": [
        35.0,
        69.0
      ],
      "word_initial": {
        "n": 55345,
        "mean_loss": 4.527475357055664
      },
      "word_continuation": {
        "n": 28638,
        "mean_loss": 1.9101966619491577
      }
    },
    "3": {
      "freq_range": [
        69.0,
        129.0
      ],
      "word_initial": {
        "n": 55452,
        "mean_loss": 4.073108673095703
      },
      "word_continuation": {
        "n": 32230,
        "mean_loss": 1.5354264974594116
      }
    },
    "4": {
      "freq_range": [
        129.0,
        235.0
      ],
      "word_initial": {
        "n": 50479,
        "mean_loss": 3.839799642562866
      },
      "word_continuation": {
        "n": 34160,
        "mean_loss": 1.3102790117263794
      }
    },
    "5": {
      "freq_range": [
        235.0,
        465.0
      ],
      "word_initial": {
        "n": 56546,
        "mean_loss": 3.341209650039673
      },
      "word_continuation": {
        "n": 29155,
        "mean_loss": 1.1046873331069946
      }
    },
    "6": {
      "freq_range": [
        465.0,
        982.0
      ],
      "word_initial": {
        "n": 52215,
        "mean_loss": 2.907921075820923
      },
      "word_continuation": {
        "n": 32724,
        "mean_loss": 1.4208933115005493
      }
    },
    "7": {
      "freq_range": [
        982.0,
        2871.0
      ],
      "word_initial": {
        "n": 51711,
        "mean_loss": 2.3783786296844482
      },
      "word_continuation": {
        "n": 33872,
        "mean_loss": 1.1932220458984375
      }
    },
    "8": {
      "freq_range": [
        2871.0,
        12358.0
      ],
      "word_initial": {
        "n": 53459,
        "mean_loss": 1.724787950515747
      },
      "word_continuation": {
        "n": 23325,
        "mean_loss": 0.34909769892692566
      }
    },
    "9": {
      "freq_range": [
        12358.0,
        32401.0
      ],
      "word_initial": {
        "n": 94421,
        "mean_loss": 1.2736769914627075
      },
      "word_continuation": {
        "n": 0,
        "mean_loss": null
      }
    }
  },
  "by_wordfreqdecile_position": {
    "0": {
      "wordfreq_range": [
        1.0,
        1.0
      ],
      "word_initial": {
        "n": 0,
        "mean_loss": null
      },
      "word_continuation": {
        "n": 0,
        "mean_loss": null
      }
    },
    "1": {
      "wordfreq_range": [
        1.0,
        2.0
      ],
      "word_initial": {
        "n": 44485,
        "mean_loss": 5.094875812530518
      },
      "word_continuation": {
        "n": 116216,
        "mean_loss": 2.0680735111236572
      }
    },
    "2": {
      "wordfreq_range": [
        2.0,
        5.0
      ],
      "word_initial": {
        "n": 44810,
        "mean_loss": 4.973292350769043
      },
      "word_continuation": {
        "n": 50251,
        "mean_loss": 1.6021573543548584
      }
    },
    "3": {
      "wordfreq_range": [
        5.0,
        12.0
      ],
      "word_initial": {
        "n": 48494,
        "mean_loss": 4.704078197479248
      },
      "word_continuation": {
        "n": 30269,
        "mean_loss": 1.1855369806289673
      }
    },
    "4": {
      "wordfreq_range": [
        12.0,
        32.0
      ],
      "word_initial": {
        "n": 64423,
        "mean_loss": 4.297255516052246
      },
      "word_continuation": {
        "n": 26797,
        "mean_loss": 1.088573932647705
      }
    },
    "5": {
      "wordfreq_range": [
        32.0,
        86.0
      ],
      "word_initial": {
        "n": 66555,
        "mean_loss": 3.92261004447937
      },
      "word_continuation": {
        "n": 19470,
        "mean_loss": 1.0780987739562988
      }
    },
    "6": {
      "wordfreq_range": [
        86.0,
        270.0
      ],
      "word_initial": {
        "n": 72729,
        "mean_loss": 3.5010640621185303
      },
      "word_continuation": {
        "n": 12697,
        "mean_loss": 1.3540762662887573
      }
    },
    "7": {
      "wordfreq_range": [
        270.0,
        1543.0
      ],
      "word_initial": {
        "n": 74750,
        "mean_loss": 2.751722574234009
      },
      "word_continuation": {
        "n": 9698,
        "mean_loss": 1.0587695837020874
      }
    },
    "8": {
      "wordfreq_range": [
        1543.0,
        12226.0
      ],
      "word_initial": {
        "n": 69897,
        "mean_loss": 2.038025140762329
      },
      "word_continuation": {
        "n": 7724,
        "mean_loss": 0.8694526553153992
      }
    },
    "9": {
      "wordfreq_range": [
        12226.0,
        32419.0
      ],
      "word_initial": {
        "n": 94031,
        "mean_loss": 1.2671376466751099
      },
      "word_continuation": {
        "n": 99,
        "mean_loss": 2.7974135875701904
      }
    }
  },
  "by_position_multitokenonly": {
    "word_initial": {
      "n": 159601,
      "mean_loss": 4.037013530731201
    },
    "word_continuation": {
      "n": 273221,
      "mean_loss": 1.6153684854507446
    }
  },
  "by_wordlen_position": {
    "len2_init": {
      "n": 96521,
      "mean_loss": 3.860018253326416
    },
    "len2_cont": {
      "n": 53079,
      "mean_loss": 1.8362932205200195
    },
    "len3_init": {
      "n": 33069,
      "mean_loss": 4.804520606994629
    },
    "len3_cont": {
      "n": 61634,
      "mean_loss": 1.6816611289978027
    },
    "len4plus_init": {
      "n": 30011,
      "mean_loss": 3.760549306869507
    },
    "len4plus_cont": {
      "n": 158508,
      "mean_loss": 1.515611171722412
    }
  },
  "by_wordfreqdecile_position_multitokenonly": {
    "0": {
      "wordfreq_range": [
        1.0,
        1.0
      ],
      "word_initial": {
        "n": 0,
        "mean_loss": null
      },
      "word_continuation": {
        "n": 0,
        "mean_loss": null
      }
    },
    "1": {
      "wordfreq_range": [
        1.0,
        1.0
      ],
      "word_initial": {
        "n": 0,
        "mean_loss": null
      },
      "word_continuation": {
        "n": 0,