{
  "model": "EleutherAI/pythia-6.9b",
  "n_pred_tokens": 1233738,
  "overall_mean_loss": 1.9704554080963135,
  "by_position": {
    "word_initial": {
      "n": 580174,
      "mean_loss": 2.879185914993286
    },
    "word_continuation": {
      "n": 273221,
      "mean_loss": 1.2395436763763428
    },
    "other": {
      "n": 380343,
      "mean_loss": 1.109333872795105
    }
  },
  "by_depth": {
    "0_initial": {
      "n": 580174,
      "mean_loss": 2.879185914993286
    },
    "1": {
      "n": 111688,
      "mean_loss": 1.6957628726959229
    },
    "2": {
      "n": 65341,
      "mean_loss": 1.1582109928131104
    },
    "3plus": {
      "n": 96192,
      "mean_loss": 0.7650772929191589
    }
  },
  "by_seqband_position": {
    "early_lt128": {
      "word_initial": {
        "n": 72585,
        "mean_loss": 3.2862441539764404
      },
      "word_continuation": {
        "n": 34258,
        "mean_loss": 1.7236319780349731
      }
    },
    "mid": {
      "word_initial": {
        "n": 362211,
        "mean_loss": 2.8308839797973633
      },
      "word_continuation": {
        "n": 171078,
        "mean_loss": 1.1766141653060913
      }
    },
    "late": {
      "word_initial": {
        "n": 145378,
        "mean_loss": 2.7962937355041504
      },
      "word_continuation": {
        "n": 67885,
        "mean_loss": 1.153838872909546
      }
    }
  },
  "by_freqdecile_position": {
    "0": {
      "freq_range": [
        1.0,
        14.0
      ],
      "word_initial": {
        "n": 55046,
        "mean_loss": 5.018578052520752
      },
      "word_continuation": {
        "n": 29401,
        "mean_loss": 2.669348955154419
      }
    },
    "1": {
      "freq_range": [
        14.0,
        35.0
      ],
      "word_initial": {
        "n": 55500,
        "mean_loss": 4.142180442810059
      },
      "word_continuation": {
        "n": 29716,
        "mean_loss": 1.786944031715393
      }
    },
    "2": {
      "freq_range": [
        35.0,
        69.0
      ],
      "word_initial": {
        "n": 55345,
        "mean_loss": 3.852853775024414
      },
      "word_continuation": {
        "n": 28638,
        "mean_loss": 1.4073660373687744
      }
    },
    "3": {
      "freq_range": [
        69.0,
        129.0
      ],
      "word_initial": {
        "n": 55452,
        "mean_loss": 3.4781200885772705
      },
      "word_continuation": {
        "n": 32230,
        "mean_loss": 1.116810917854309
      }
    },
    "4": {
      "freq_range": [
        129.0,
        235.0
      ],
      "word_initial": {
        "n": 50479,
        "mean_loss": 3.278398275375366
      },
      "word_continuation": {
        "n": 34160,
        "mean_loss": 0.9376513957977295
      }
    },
    "5": {
      "freq_range": [
        235.0,
        465.0
      ],
      "word_initial": {
        "n": 56546,
        "mean_loss": 2.884026288986206
      },
      "word_continuation": {
        "n": 29155,
        "mean_loss": 0.7977417707443237
      }
    },
    "6": {
      "freq_range": [
        465.0,
        982.0
      ],
      "word_initial": {
        "n": 52215,
        "mean_loss": 2.5068304538726807
      },
      "word_continuation": {
        "n": 32724,
        "mean_loss": 1.0885215997695923
      }
    },
    "7": {
      "freq_range": [
        982.0,
        2871.0
      ],
      "word_initial": {
        "n": 51711,
        "mean_loss": 2.124049425125122
      },
      "word_continuation": {
        "n": 33872,
        "mean_loss": 0.9597604870796204
      }
    },
    "8": {
      "freq_range": [
        2871.0,
        12358.0
      ],
      "word_initial": {
        "n": 53459,
        "mean_loss": 1.5029010772705078
      },
      "word_continuation": {
        "n": 23325,
        "mean_loss": 0.31596603989601135
      }
    },
    "9": {
      "freq_range": [
        12358.0,
        32401.0
      ],
      "word_initial": {
        "n": 94421,
        "mean_loss": 1.1494842767715454
      },
      "word_continuation": {
        "n": 0,
        "mean_loss": null
      }
    }
  },
  "by_wordfreqdecile_position": {
    "0": {
      "wordfreq_range": [
        1.0,
        1.0
      ],
      "word_initial": {
        "n": 0,
        "mean_loss": null
      },
      "word_continuation": {
        "n": 0,
        "mean_loss": null
      }
    },
    "1": {
      "wordfreq_range": [
        1.0,
        2.0
      ],
      "word_initial": {
        "n": 44485,
        "mean_loss": 4.328344345092773
      },
      "word_continuation": {
        "n": 116216,
        "mean_loss": 1.5735818147659302
      }
    },
    "2": {
      "wordfreq_range": [
        2.0,
        5.0
      ],
      "word_initial": {
        "n": 44810,
        "mean_loss": 4.2029008865356445
      },
      "word_continuation": {
        "n": 50251,
        "mean_loss": 1.1768144369125366
      }
    },
    "3": {
      "wordfreq_range": [
        5.0,
        12.0
      ],
      "word_initial": {
        "n": 48494,
        "mean_loss": 3.971524477005005
      },
      "word_continuation": {
        "n": 30269,
        "mean_loss": 0.8747003078460693
      }
    },
    "4": {
      "wordfreq_range": [
        12.0,
        32.0
      ],
      "word_initial": {
        "n": 64423,
        "mean_loss": 3.6379013061523438
      },
      "word_continuation": {
        "n": 26797,
        "mean_loss": 0.8534924387931824
      }
    },
    "5": {
      "wordfreq_range": [
        32.0,
        86.0
      ],
      "word_initial": {
        "n": 66555,
        "mean_loss": 3.36771821975708
      },
      "word_continuation": {
        "n": 19470,
        "mean_loss": 0.8705859780311584
      }
    },
    "6": {
      "wordfreq_range": [
        86.0,
        270.0
      ],
      "word_initial": {
        "n": 72729,
        "mean_loss": 3.047929525375366
      },
      "word_continuation": {
        "n": 12697,
        "mean_loss": 1.143673062324524
      }
    },
    "7": {
      "wordfreq_range": [
        270.0,
        1543.0
      ],
      "word_initial": {
        "n": 74750,
        "mean_loss": 2.423083782196045
      },
      "word_continuation": {
        "n": 9698,
        "mean_loss": 0.9607697129249573
      }
    },
    "8": {
      "wordfreq_range": [
        1543.0,
        12226.0
      ],
      "word_initial": {
        "n": 69897,
        "mean_loss": 1.8326117992401123
      },
      "word_continuation": {
        "n": 7724,
        "mean_loss": 0.8123522400856018
      }
    },
    "9": {
      "wordfreq_range": [
        12226.0,
        32419.0
      ],
      "word_initial": {
        "n": 94031,
        "mean_loss": 1.1438770294189453
      },
      "word_continuation": {
        "n": 99,
        "mean_loss": 2.4933054447174072
      }
    }
  },
  "by_position_multitokenonly": {
    "word_initial": {
      "n": 159601,
      "mean_loss": 3.3507046699523926
    },
    "word_continuation": {
      "n": 273221,
      "mean_loss": 1.2395436763763428
    }
  },
  "by_wordlen_position": {
    "len2_init": {
      "n": 96521,
      "mean_loss": 3.208280563354492
    },
    "len2_cont": {
      "n": 53079,
      "mean_loss": 1.520946979522705
    },
    "len3_init": {
      "n": 33069,
      "mean_loss": 3.989440679550171
    },
    "len3_cont": {
      "n": 61634,
      "mean_loss": 1.2953572273254395
    },
    "len4plus_init": {
      "n": 30011,
      "mean_loss": 3.1049461364746094
    },
    "len4plus_cont": {
      "n": 158508,
      "mean_loss": 1.1236085891723633
    }
  },
  "by_wordfreqdecile_position_multitokenonly": {
    "0": {
      "wordfreq_range": [
        1.0,
        1.0
      ],
      "word_initial": {
        "n": 0,
        "mean_loss": null
      },
      "word_continuation": {
        "n": 0,
        "mean_loss": null
      }
    },
    "1": {
      "wordfreq_range": [
        1.0,
        1.0
      ],
      "word_initial": {
        "n": 0,
        "mean_loss": null
      },
      "word_continuation": {
        "n": 0,