{
  "model": "EleutherAI/pythia-410m",
  "n_pred_tokens": 1233738,
  "overall_mean_loss": 2.313373565673828,
  "by_position": {
    "word_initial": {
      "n": 580174,
      "mean_loss": 3.3499367237091064
    },
    "word_continuation": {
      "n": 273221,
      "mean_loss": 1.6032726764678955
    },
    "other": {
      "n": 380343,
      "mean_loss": 1.2423088550567627
    }
  },
  "by_depth": {
    "0_initial": {
      "n": 580174,
      "mean_loss": 3.3499367237091064
    },
    "1": {
      "n": 111688,
      "mean_loss": 2.0932018756866455
    },
    "2": {
      "n": 65341,
      "mean_loss": 1.54556405544281
    },
    "3plus": {
      "n": 96192,
      "mean_loss": 1.073618769645691
    }
  },
  "by_seqband_position": {
    "early_lt128": {
      "word_initial": {
        "n": 72585,
        "mean_loss": 3.750127077102661
      },
      "word_continuation": {
        "n": 34258,
        "mean_loss": 2.1596059799194336
      }
    },
    "mid": {
      "word_initial": {
        "n": 362211,
        "mean_loss": 3.3022983074188232
      },
      "word_continuation": {
        "n": 171078,
        "mean_loss": 1.5348769426345825
      }
    },
    "late": {
      "word_initial": {
        "n": 145378,
        "mean_loss": 3.2688233852386475
      },
      "word_continuation": {
        "n": 67885,
        "mean_loss": 1.4948852062225342
      }
    }
  },
  "by_freqdecile_position": {
    "0": {
      "freq_range": [
        1.0,
        14.0
      ],
      "word_initial": {
        "n": 55046,
        "mean_loss": 5.872743129730225
      },
      "word_continuation": {
        "n": 29401,
        "mean_loss": 3.282100200653076
      }
    },
    "1": {
      "freq_range": [
        14.0,
        35.0
      ],
      "word_initial": {
        "n": 55500,
        "mean_loss": 4.921215057373047
      },
      "word_continuation": {
        "n": 29716,
        "mean_loss": 2.2978343963623047
      }
    },
    "2": {
      "freq_range": [
        35.0,
        69.0
      ],
      "word_initial": {
        "n": 55345,
        "mean_loss": 4.569216251373291
      },
      "word_continuation": {
        "n": 28638,
        "mean_loss": 1.887305498123169
      }
    },
    "3": {
      "freq_range": [
        69.0,
        129.0
      ],
      "word_initial": {
        "n": 55452,
        "mean_loss": 4.099191188812256
      },
      "word_continuation": {
        "n": 32230,
        "mean_loss": 1.5239882469177246
      }
    },
    "4": {
      "freq_range": [
        129.0,
        235.0
      ],
      "word_initial": {
        "n": 50479,
        "mean_loss": 3.833878993988037
      },
      "word_continuation": {
        "n": 34160,
        "mean_loss": 1.3064758777618408
      }
    },
    "5": {
      "freq_range": [
        235.0,
        465.0
      ],
      "word_initial": {
        "n": 56546,
        "mean_loss": 3.3507094383239746
      },
      "word_continuation": {
        "n": 29155,
        "mean_loss": 1.079654574394226
      }
    },
    "6": {
      "freq_range": [
        465.0,
        982.0
      ],
      "word_initial": {
        "n": 52215,
        "mean_loss": 2.919451951980591
      },
      "word_continuation": {
        "n": 32724,
        "mean_loss": 1.3881944417953491
      }
    },
    "7": {
      "freq_range": [
        982.0,
        2871.0
      ],
      "word_initial": {
        "n": 51711,
        "mean_loss": 2.3596837520599365
      },
      "word_continuation": {
        "n": 33872,
        "mean_loss": 1.201616644859314
      }
    },
    "8": {
      "freq_range": [
        2871.0,
        12358.0
      ],
      "word_initial": {
        "n": 53459,
        "mean_loss": 1.697157859802246
      },
      "word_continuation": {
        "n": 23325,
        "mean_loss": 0.33725598454475403
      }
    },
    "9": {
      "freq_range": [
        12358.0,
        32401.0
      ],
      "word_initial": {
        "n": 94421,
        "mean_loss": 1.2578520774841309
      },
      "word_continuation": {
        "n": 0,
        "mean_loss": null
      }
    }
  },
  "by_wordfreqdecile_position": {
    "0": {
      "wordfreq_range": [
        1.0,
        1.0
      ],
      "word_initial": {
        "n": 0,
        "mean_loss": null
      },
      "word_continuation": {
        "n": 0,
        "mean_loss": null
      }
    },
    "1": {
      "wordfreq_range": [
        1.0,
        2.0
      ],
      "word_initial": {
        "n": 44485,
        "mean_loss": 5.134172439575195
      },
      "word_continuation": {
        "n": 116216,
        "mean_loss": 2.050826072692871
      }
    },
    "2": {
      "wordfreq_range": [
        2.0,
        5.0
      ],
      "word_initial": {
        "n": 44810,
        "mean_loss": 5.010805606842041
      },
      "word_continuation": {
        "n": 50251,
        "mean_loss": 1.594161868095398
      }
    },
    "3": {
      "wordfreq_range": [
        5.0,
        12.0
      ],
      "word_initial": {
        "n": 48494,
        "mean_loss": 4.737884998321533
      },
      "word_continuation": {
        "n": 30269,
        "mean_loss": 1.176859736442566
      }
    },
    "4": {
      "wordfreq_range": [
        12.0,
        32.0
      ],
      "word_initial": {
        "n": 64423,
        "mean_loss": 4.32459020614624
      },
      "word_continuation": {
        "n": 26797,
        "mean_loss": 1.0837035179138184
      }
    },
    "5": {
      "wordfreq_range": [
        32.0,
        86.0
      ],
      "word_initial": {
        "n": 66555,
        "mean_loss": 3.949345111846924
      },
      "word_continuation": {
        "n": 19470,
        "mean_loss": 1.0783685445785522
      }
    },
    "6": {
      "wordfreq_range": [
        86.0,
        270.0
      ],
      "word_initial": {
        "n": 72729,
        "mean_loss": 3.514816999435425
      },
      "word_continuation": {
        "n": 12697,
        "mean_loss": 1.3127096891403198
      }
    },
    "7": {
      "wordfreq_range": [
        270.0,
        1543.0
      ],
      "word_initial": {
        "n": 74750,
        "mean_loss": 2.7417047023773193
      },
      "word_continuation": {
        "n": 9698,
        "mean_loss": 1.0275931358337402
      }
    },
    "8": {
      "wordfreq_range": [
        1543.0,
        12226.0
      ],
      "word_initial": {
        "n": 69897,
        "mean_loss": 2.019578695297241
      },
      "word_continuation": {
        "n": 7724,
        "mean_loss": 0.9079924821853638
      }
    },
    "9": {
      "wordfreq_range": [
        12226.0,
        32419.0
      ],
      "word_initial": {
        "n": 94031,
        "mean_loss": 1.2514371871948242
      },
      "word_continuation": {
        "n": 99,
        "mean_loss": 2.991061210632324
      }
    }
  },
  "by_position_multitokenonly": {
    "word_initial": {
      "n": 159601,
      "mean_loss": 4.065027713775635
    },
    "word_continuation": {
      "n": 273221,
      "mean_loss": 1.6032726764678955
    }
  },
  "by_wordlen_position": {
    "len2_init": {
      "n": 96521,
      "mean_loss": 3.8911185264587402
    },
    "len2_cont": {
      "n": 53079,
      "mean_loss": 1.835938572883606
    },
    "len3_init": {
      "n": 33069,
      "mean_loss": 4.854619026184082
    },
    "len3_cont": {
      "n": 61634,
      "mean_loss": 1.6592974662780762
    },
    "len4plus_init": {
      "n": 30011,
      "mean_loss": 3.7543094158172607
    },
    "len4plus_cont": {
      "n": 158508,
      "mean_loss": 1.5035761594772339
    }
  },
  "by_wordfreqdecile_position_multitokenonly": {
    "0": {
      "wordfreq_range": [
        1.0,
        1.0
      ],
      "word_initial": {
        "n": 0,
        "mean_loss": null
      },
      "word_continuation": {
        "n": 0,
        "mean_loss": null
      }
    },
    "1": {
      "wordfreq_range": [
        1.0,
        1.0
      ],
      "word_initial": {
        "n": 0,
        "mean_loss": null
      },
      "word_continuation": {
        "n": 0,