{
  "model": "EleutherAI/pythia-1.4b",
  "n_pred_tokens": 1233738,
  "overall_mean_loss": 2.53141188621521,
  "by_position": {
    "word_initial": {
      "n": 580174,
      "mean_loss": 3.6151723861694336
    },
    "word_continuation": {
      "n": 273221,
      "mean_loss": 1.8616671562194824
    },
    "other": {
      "n": 380343,
      "mean_loss": 1.359360933303833
    }
  },
  "by_depth": {
    "0_initial": {
      "n": 580174,
      "mean_loss": 3.6151723861694336
    },
    "1": {
      "n": 111688,
      "mean_loss": 2.3682150840759277
    },
    "2": {
      "n": 65341,
      "mean_loss": 1.8091366291046143
    },
    "3plus": {
      "n": 96192,
      "mean_loss": 1.3091998100280762
    }
  },
  "by_seqband_position": {
    "early_lt128": {
      "word_initial": {
        "n": 72585,
        "mean_loss": 4.017406940460205
      },
      "word_continuation": {
        "n": 34258,
        "mean_loss": 2.4685781002044678
      }
    },
    "mid": {
      "word_initial": {
        "n": 362211,
        "mean_loss": 3.5696921348571777
      },
      "word_continuation": {
        "n": 171078,
        "mean_loss": 1.7886515855789185
      }
    },
    "late": {
      "word_initial": {
        "n": 145378,
        "mean_loss": 3.527658462524414
      },
      "word_continuation": {
        "n": 67885,
        "mean_loss": 1.739398717880249
      }
    }
  },
  "by_freqdecile_position": {
    "0": {
      "freq_range": [
        1.0,
        14.0
      ],
      "word_initial": {
        "n": 55046,
        "mean_loss": 6.300002574920654
      },
      "word_continuation": {
        "n": 29401,
        "mean_loss": 3.6814920902252197
      }
    },
    "1": {
      "freq_range": [
        14.0,
        35.0
      ],
      "word_initial": {
        "n": 55500,
        "mean_loss": 5.317558765411377
      },
      "word_continuation": {
        "n": 29716,
        "mean_loss": 2.6467432975769043
      }
    },
    "2": {
      "freq_range": [
        35.0,
        69.0
      ],
      "word_initial": {
        "n": 55345,
        "mean_loss": 4.917167663574219
      },
      "word_continuation": {
        "n": 28638,
        "mean_loss": 2.218006134033203
      }
    },
    "3": {
      "freq_range": [
        69.0,
        129.0
      ],
      "word_initial": {
        "n": 55452,
        "mean_loss": 4.431340217590332
      },
      "word_continuation": {
        "n": 32230,
        "mean_loss": 1.8191322088241577
      }
    },
    "4": {
      "freq_range": [
        129.0,
        235.0
      ],
      "word_initial": {
        "n": 50479,
        "mean_loss": 4.145235061645508
      },
      "word_continuation": {
        "n": 34160,
        "mean_loss": 1.5485409498214722
      }
    },
    "5": {
      "freq_range": [
        235.0,
        465.0
      ],
      "word_initial": {
        "n": 56546,
        "mean_loss": 3.6342971324920654
      },
      "word_continuation": {
        "n": 29155,
        "mean_loss": 1.3279950618743896
      }
    },
    "6": {
      "freq_range": [
        465.0,
        982.0
      ],
      "word_initial": {
        "n": 52215,
        "mean_loss": 3.140667676925659
      },
      "word_continuation": {
        "n": 32724,
        "mean_loss": 1.604053020477295
      }
    },
    "7": {
      "freq_range": [
        982.0,
        2871.0
      ],
      "word_initial": {
        "n": 51711,
        "mean_loss": 2.5696237087249756
      },
      "word_continuation": {
        "n": 33872,
        "mean_loss": 1.3682153224945068
      }
    },
    "8": {
      "freq_range": [
        2871.0,
        12358.0
      ],
      "word_initial": {
        "n": 53459,
        "mean_loss": 1.8292546272277832
      },
      "word_continuation": {
        "n": 23325,
        "mean_loss": 0.3925141394138336
      }
    },
    "9": {
      "freq_range": [
        12358.0,
        32401.0
      ],
      "word_initial": {
        "n": 94421,
        "mean_loss": 1.3581429719924927
      },
      "word_continuation": {
        "n": 0,
        "mean_loss": null
      }
    }
  },
  "by_wordfreqdecile_position": {
    "0": {
      "wordfreq_range": [
        1.0,
        1.0
      ],
      "word_initial": {
        "n": 0,
        "mean_loss": null
      },
      "word_continuation": {
        "n": 0,
        "mean_loss": null
      }
    },
    "1": {
      "wordfreq_range": [
        1.0,
        2.0
      ],
      "word_initial": {
        "n": 44485,
        "mean_loss": 5.4716267585754395
      },
      "word_continuation": {
        "n": 116216,
        "mean_loss": 2.370086431503296
      }
    },
    "2": {
      "wordfreq_range": [
        2.0,
        5.0
      ],
      "word_initial": {
        "n": 44810,
        "mean_loss": 5.420042991638184
      },
      "word_continuation": {
        "n": 50251,
        "mean_loss": 1.874579668045044
      }
    },
    "3": {
      "wordfreq_range": [
        5.0,
        12.0
      ],
      "word_initial": {
        "n": 48494,
        "mean_loss": 5.123285293579102
      },
      "word_continuation": {
        "n": 30269,
        "mean_loss": 1.4316428899765015
      }
    },
    "4": {
      "wordfreq_range": [
        12.0,
        32.0
      ],
      "word_initial": {
        "n": 64423,
        "mean_loss": 4.693535327911377
      },
      "word_continuation": {
        "n": 26797,
        "mean_loss": 1.2842750549316406
      }
    },
    "5": {
      "wordfreq_range": [
        32.0,
        86.0
      ],
      "word_initial": {
        "n": 66555,
        "mean_loss": 4.27407693862915
      },
      "word_continuation": {
        "n": 19470,
        "mean_loss": 1.2483147382736206
      }
    },
    "6": {
      "wordfreq_range": [
        86.0,
        270.0
      ],
      "word_initial": {
        "n": 72729,
        "mean_loss": 3.789008617401123
      },
      "word_continuation": {
        "n": 12697,
        "mean_loss": 1.4544827938079834
      }
    },
    "7": {
      "wordfreq_range": [
        270.0,
        1543.0
      ],
      "word_initial": {
        "n": 74750,
        "mean_loss": 2.9501187801361084
      },
      "word_continuation": {
        "n": 9698,
        "mean_loss": 1.1149271726608276
      }
    },
    "8": {
      "wordfreq_range": [
        1543.0,
        12226.0
      ],
      "word_initial": {
        "n": 69897,
        "mean_loss": 2.1848642826080322
      },
      "word_continuation": {
        "n": 7724,
        "mean_loss": 0.9504789710044861
      }
    },
    "9": {
      "wordfreq_range": [
        12226.0,
        32419.0
      ],
      "word_initial": {
        "n": 94031,
        "mean_loss": 1.351284384727478
      },
      "word_continuation": {
        "n": 99,
        "mean_loss": 3.329841136932373
      }
    }
  },
  "by_position_multitokenonly": {
    "word_initial": {
      "n": 159601,
      "mean_loss": 4.4209771156311035
    },
    "word_continuation": {
      "n": 273221,
      "mean_loss": 1.8616671562194824
    }
  },
  "by_wordlen_position": {
    "len2_init": {
      "n": 96521,
      "mean_loss": 4.26188850402832
    },
    "len2_cont": {
      "n": 53079,
      "mean_loss": 2.0562760829925537
    },
    "len3_init": {
      "n": 33069,
      "mean_loss": 5.249490737915039
    },
    "len3_cont": {
      "n": 61634,
      "mean_loss": 1.934773325920105
    },
    "len4plus_init": {
      "n": 30011,
      "mean_loss": 4.0197014808654785
    },
    "len4plus_cont": {
      "n": 158508,
      "mean_loss": 1.7680726051330566
    }
  },
  "by_wordfreqdecile_position_multitokenonly": {
    "0": {
      "wordfreq_range": [
        1.0,
        1.0
      ],
      "word_initial": {
        "n": 0,
        "mean_loss": null
      },
      "word_continuation": {
        "n": 0,
        "mean_loss": null
      }
    },
    "1": {
      "wordfreq_range": [
        1.0,
        1.0
      ],
      "word_initial": {
        "n": 0,
        "mean_loss": null
      },
      "word_continuation": {
        "n": 0,