{
  "model": "EleutherAI/pythia-1.4b",
  "n_pred_tokens": 1233738,
  "overall_mean_loss": 2.1754941940307617,
  "by_position": {
    "word_initial": {
      "n": 580174,
      "mean_loss": 3.159104824066162
    },
    "word_continuation": {
      "n": 273221,
      "mean_loss": 1.451287865638733
    },
    "other": {
      "n": 380343,
      "mean_loss": 1.1953338384628296
    }
  },
  "by_depth": {
    "0_initial": {
      "n": 580174,
      "mean_loss": 3.159104824066162
    },
    "1": {
      "n": 111688,
      "mean_loss": 1.9263266324996948
    },
    "2": {
      "n": 65341,
      "mean_loss": 1.3795713186264038
    },
    "3plus": {
      "n": 96192,
      "mean_loss": 0.9484381079673767
    }
  },
  "by_seqband_position": {
    "early_lt128": {
      "word_initial": {
        "n": 72585,
        "mean_loss": 3.5700571537017822
      },
      "word_continuation": {
        "n": 34258,
        "mean_loss": 1.9927542209625244
      }
    },
    "mid": {
      "word_initial": {
        "n": 362211,
        "mean_loss": 3.1120071411132812
      },
      "word_continuation": {
        "n": 171078,
        "mean_loss": 1.3832142353057861
      }
    },
    "late": {
      "word_initial": {
        "n": 145378,
        "mean_loss": 3.0712673664093018
      },
      "word_continuation": {
        "n": 67885,
        "mean_loss": 1.3495910167694092
      }
    }
  },
  "by_freqdecile_position": {
    "0": {
      "freq_range": [
        1.0,
        14.0
      ],
      "word_initial": {
        "n": 55046,
        "mean_loss": 5.5222015380859375
      },
      "word_continuation": {
        "n": 29401,
        "mean_loss": 3.0337564945220947
      }
    },
    "1": {
      "freq_range": [
        14.0,
        35.0
      ],
      "word_initial": {
        "n": 55500,
        "mean_loss": 4.602774143218994
      },
      "word_continuation": {
        "n": 29716,
        "mean_loss": 2.0729777812957764
      }
    },
    "2": {
      "freq_range": [
        35.0,
        69.0
      ],
      "word_initial": {
        "n": 55345,
        "mean_loss": 4.266417980194092
      },
      "word_continuation": {
        "n": 28638,
        "mean_loss": 1.689918875694275
      }
    },
    "3": {
      "freq_range": [
        69.0,
        129.0
      ],
      "word_initial": {
        "n": 55452,
        "mean_loss": 3.832305669784546
      },
      "word_continuation": {
        "n": 32230,
        "mean_loss": 1.3539713621139526
      }
    },
    "4": {
      "freq_range": [
        129.0,
        235.0
      ],
      "word_initial": {
        "n": 50479,
        "mean_loss": 3.616868019104004
      },
      "word_continuation": {
        "n": 34160,
        "mean_loss": 1.1431884765625
      }
    },
    "5": {
      "freq_range": [
        235.0,
        465.0
      ],
      "word_initial": {
        "n": 56546,
        "mean_loss": 3.1699771881103516
      },
      "word_continuation": {
        "n": 29155,
        "mean_loss": 0.9749882221221924
      }
    },
    "6": {
      "freq_range": [
        465.0,
        982.0
      ],
      "word_initial": {
        "n": 52215,
        "mean_loss": 2.742617130279541
      },
      "word_continuation": {
        "n": 32724,
        "mean_loss": 1.258558988571167
      }
    },
    "7": {
      "freq_range": [
        982.0,
        2871.0
      ],
      "word_initial": {
        "n": 51711,
        "mean_loss": 2.2599070072174072
      },
      "word_continuation": {
        "n": 33872,
        "mean_loss": 1.0901457071304321
      }
    },
    "8": {
      "freq_range": [
        2871.0,
        12358.0
      ],
      "word_initial": {
        "n": 53459,
        "mean_loss": 1.627833604812622
      },
      "word_continuation": {
        "n": 23325,
        "mean_loss": 0.34744757413864136
      }
    },
    "9": {
      "freq_range": [
        12358.0,
        32401.0
      ],
      "word_initial": {
        "n": 94421,
        "mean_loss": 1.2269731760025024
      },
      "word_continuation": {
        "n": 0,
        "mean_loss": null
      }
    }
  },
  "by_wordfreqdecile_position": {
    "0": {
      "wordfreq_range": [
        1.0,
        1.0
      ],
      "word_initial": {
        "n": 0,
        "mean_loss": null
      },
      "word_continuation": {
        "n": 0,
        "mean_loss": null
      }
    },
    "1": {
      "wordfreq_range": [
        1.0,
        2.0
      ],
      "word_initial": {
        "n": 44485,
        "mean_loss": 4.802065372467041
      },
      "word_continuation": {
        "n": 116216,
        "mean_loss": 1.8554039001464844
      }
    },
    "2": {
      "wordfreq_range": [
        2.0,
        5.0
      ],
      "word_initial": {
        "n": 44810,
        "mean_loss": 4.682359218597412
      },
      "word_continuation": {
        "n": 50251,
        "mean_loss": 1.4209829568862915
      }
    },
    "3": {
      "wordfreq_range": [
        5.0,
        12.0
      ],
      "word_initial": {
        "n": 48494,
        "mean_loss": 4.418431282043457
      },
      "word_continuation": {
        "n": 30269,
        "mean_loss": 1.0338389873504639
      }
    },
    "4": {
      "wordfreq_range": [
        12.0,
        32.0
      ],
      "word_initial": {
        "n": 64423,
        "mean_loss": 4.04356575012207
      },
      "word_continuation": {
        "n": 26797,
        "mean_loss": 0.9844204783439636
      }
    },
    "5": {
      "wordfreq_range": [
        32.0,
        86.0
      ],
      "word_initial": {
        "n": 66555,
        "mean_loss": 3.704143762588501
      },
      "word_continuation": {
        "n": 19470,
        "mean_loss": 0.9862991571426392
      }
    },
    "6": {
      "wordfreq_range": [
        86.0,
        270.0
      ],
      "word_initial": {
        "n": 72729,
        "mean_loss": 3.3322410583496094
      },
      "word_continuation": {
        "n": 12697,
        "mean_loss": 1.253007411956787
      }
    },
    "7": {
      "wordfreq_range": [
        270.0,
        1543.0
      ],
      "word_initial": {
        "n": 74750,
        "mean_loss": 2.602062225341797
      },
      "word_continuation": {
        "n": 9698,
        "mean_loss": 1.0271586179733276
      }
    },
    "8": {
      "wordfreq_range": [
        1543.0,
        12226.0
      ],
      "word_initial": {
        "n": 69897,
        "mean_loss": 1.952207088470459
      },
      "word_continuation": {
        "n": 7724,
        "mean_loss": 0.8383814096450806
      }
    },
    "9": {
      "wordfreq_range": [
        12226.0,
        32419.0
      ],
      "word_initial": {
        "n": 94031,
        "mean_loss": 1.2207748889923096
      },
      "word_continuation": {
        "n": 99,
        "mean_loss": 2.6903350353240967
      }
    }
  },
  "by_position_multitokenonly": {
    "word_initial": {
      "n": 159601,
      "mean_loss": 3.7683959007263184
    },
    "word_continuation": {
      "n": 273221,
      "mean_loss": 1.451287865638733
    }
  },
  "by_wordlen_position": {
    "len2_init": {
      "n": 96521,
      "mean_loss": 3.610520601272583
    },
    "len2_cont": {
      "n": 53079,
      "mean_loss": 1.70142662525177
    },
    "len3_init": {
      "n": 33069,
      "mean_loss": 4.481136798858643
    },
    "len3_cont": {
      "n": 61634,
      "mean_loss": 1.5077458620071411
    },
    "len4plus_init": {
      "n": 30011,
      "mean_loss": 3.4907851219177246
    },
    "len4plus_cont": {
      "n": 158508,
      "mean_loss": 1.3455716371536255
    }
  },
  "by_wordfreqdecile_position_multitokenonly": {
    "0": {
      "wordfreq_range": [
        1.0,
        1.0
      ],
      "word_initial": {
        "n": 0,
        "mean_loss": null
      },
      "word_continuation": {
        "n": 0,
        "mean_loss": null
      }
    },
    "1": {
      "wordfreq_range": [
        1.0,
        1.0
      ],
      "word_initial": {
        "n": 0,
        "mean_loss": null
      },
      "word_continuation": {
        "n": 0,