{
  "model": "EleutherAI/pythia-6.9b",
  "n_pred_tokens": 1233738,
  "overall_mean_loss": 4.333522796630859,
  "by_position": {
    "word_initial": {
      "n": 580174,
      "mean_loss": 5.649874210357666
    },
    "word_continuation": {
      "n": 273221,
      "mean_loss": 4.1386332511901855
    },
    "other": {
      "n": 380343,
      "mean_loss": 2.4655730724334717
    }
  },
  "by_depth": {
    "0_initial": {
      "n": 580174,
      "mean_loss": 5.649874210357666
    },
    "1": {
      "n": 111688,
      "mean_loss": 4.452141761779785
    },
    "2": {
      "n": 65341,
      "mean_loss": 4.498960018157959
    },
    "3plus": {
      "n": 96192,
      "mean_loss": 3.5298571586608887
    }
  },
  "by_seqband_position": {
    "early_lt128": {
      "word_initial": {
        "n": 72585,
        "mean_loss": 5.989794731140137
      },
      "word_continuation": {
        "n": 34258,
        "mean_loss": 4.957319736480713
      }
    },
    "mid": {
      "word_initial": {
        "n": 362211,
        "mean_loss": 5.614266872406006
      },
      "word_continuation": {
        "n": 171078,
        "mean_loss": 4.059925079345703
      }
    },
    "late": {
      "word_initial": {
        "n": 145378,
        "mean_loss": 5.568870544433594
      },
      "word_continuation": {
        "n": 67885,
        "mean_loss": 3.9238362312316895
      }
    }
  },
  "by_freqdecile_position": {
    "0": {
      "freq_range": [
        1.0,
        14.0
      ],
      "word_initial": {
        "n": 55046,
        "mean_loss": 9.137730598449707
      },
      "word_continuation": {
        "n": 29401,
        "mean_loss": 6.525847434997559
      }
    },
    "1": {
      "freq_range": [
        14.0,
        35.0
      ],
      "word_initial": {
        "n": 55500,
        "mean_loss": 8.223896980285645
      },
      "word_continuation": {
        "n": 29716,
        "mean_loss": 5.609686374664307
      }
    },
    "2": {
      "freq_range": [
        35.0,
        69.0
      ],
      "word_initial": {
        "n": 55345,
        "mean_loss": 7.798517227172852
      },
      "word_continuation": {
        "n": 28638,
        "mean_loss": 5.1680989265441895
      }
    },
    "3": {
      "freq_range": [
        69.0,
        129.0
      ],
      "word_initial": {
        "n": 55452,
        "mean_loss": 7.270231246948242
      },
      "word_continuation": {
        "n": 32230,
        "mean_loss": 4.477100372314453
      }
    },
    "4": {
      "freq_range": [
        129.0,
        235.0
      ],
      "word_initial": {
        "n": 50479,
        "mean_loss": 6.698080539703369
      },
      "word_continuation": {
        "n": 34160,
        "mean_loss": 4.068456649780273
      }
    },
    "5": {
      "freq_range": [
        235.0,
        465.0
      ],
      "word_initial": {
        "n": 56546,
        "mean_loss": 5.969675540924072
      },
      "word_continuation": {
        "n": 29155,
        "mean_loss": 3.689250946044922
      }
    },
    "6": {
      "freq_range": [
        465.0,
        982.0
      ],
      "word_initial": {
        "n": 52215,
        "mean_loss": 5.027809143066406
      },
      "word_continuation": {
        "n": 32724,
        "mean_loss": 3.452317476272583
      }
    },
    "7": {
      "freq_range": [
        982.0,
        2871.0
      ],
      "word_initial": {
        "n": 51711,
        "mean_loss": 3.983433961868286
      },
      "word_continuation": {
        "n": 33872,
        "mean_loss": 2.7977211475372314
      }
    },
    "8": {
      "freq_range": [
        2871.0,
        12358.0
      ],
      "word_initial": {
        "n": 53459,
        "mean_loss": 2.8661465644836426
      },
      "word_continuation": {
        "n": 23325,
        "mean_loss": 1.098387360572815
      }
    },
    "9": {
      "freq_range": [
        12358.0,
        32401.0
      ],
      "word_initial": {
        "n": 94421,
        "mean_loss": 1.973293662071228
      },
      "word_continuation": {
        "n": 0,
        "mean_loss": null
      }
    }
  },
  "by_wordfreqdecile_position": {
    "0": {
      "wordfreq_range": [
        1.0,
        1.0
      ],
      "word_initial": {
        "n": 0,
        "mean_loss": null
      },
      "word_continuation": {
        "n": 0,
        "mean_loss": null
      }
    },
    "1": {
      "wordfreq_range": [
        1.0,
        2.0
      ],
      "word_initial": {
        "n": 44485,
        "mean_loss": 7.753199577331543
      },
      "word_continuation": {
        "n": 116216,
        "mean_loss": 4.86207914352417
      }
    },
    "2": {
      "wordfreq_range": [
        2.0,
        5.0
      ],
      "word_initial": {
        "n": 44810,
        "mean_loss": 8.19583511352539
      },
      "word_continuation": {
        "n": 50251,
        "mean_loss": 4.146543502807617
      }
    },
    "3": {
      "wordfreq_range": [
        5.0,
        12.0
      ],
      "word_initial": {
        "n": 48494,
        "mean_loss": 7.956354141235352
      },
      "word_continuation": {
        "n": 30269,
        "mean_loss": 3.7179245948791504
      }
    },
    "4": {
      "wordfreq_range": [
        12.0,
        32.0
      ],
      "word_initial": {
        "n": 64423,
        "mean_loss": 7.5605292320251465
      },
      "word_continuation": {
        "n": 26797,
        "mean_loss": 3.527832508087158
      }
    },
    "5": {
      "wordfreq_range": [
        32.0,
        86.0
      ],
      "word_initial": {
        "n": 66555,
        "mean_loss": 7.051414489746094
      },
      "word_continuation": {
        "n": 19470,
        "mean_loss": 3.3308348655700684
      }
    },
    "6": {
      "wordfreq_range": [
        86.0,
        270.0
      ],
      "word_initial": {
        "n": 72729,
        "mean_loss": 6.179659366607666
      },
      "word_continuation": {
        "n": 12697,
        "mean_loss": 3.5841381549835205
      }
    },
    "7": {
      "wordfreq_range": [
        270.0,
        1543.0
      ],
      "word_initial": {
        "n": 74750,
        "mean_loss": 4.816832542419434
      },
      "word_continuation": {
        "n": 9698,
        "mean_loss": 2.7601473331451416
      }
    },
    "8": {
      "wordfreq_range": [
        1543.0,
        12226.0
      ],
      "word_initial": {
        "n": 69897,
        "mean_loss": 3.2777228355407715
      },
      "word_continuation": {
        "n": 7724,
        "mean_loss": 1.6444652080535889
      }
    },
    "9": {
      "wordfreq_range": [
        12226.0,
        32419.0
      ],
      "word_initial": {
        "n": 94031,
        "mean_loss": 1.9667657613754272
      },
      "word_continuation": {
        "n": 99,
        "mean_loss": 4.4431538581848145
      }
    }
  },
  "by_position_multitokenonly": {
    "word_initial": {
      "n": 159601,
      "mean_loss": 7.159670829772949
    },
    "word_continuation": {
      "n": 273221,
      "mean_loss": 4.1386332511901855
    }
  },
  "by_wordlen_position": {
    "len2_init": {
      "n": 96521,
      "mean_loss": 7.182883262634277
    },
    "len2_cont": {
      "n": 53079,
      "mean_loss": 3.96936297416687
    },
    "len3_init": {
      "n": 33069,
      "mean_loss": 7.925068378448486
    },
    "len3_cont": {
      "n": 61634,
      "mean_loss": 4.275881290435791
    },
    "len4plus_init": {
      "n": 30011,
      "mean_loss": 6.241628170013428
    },
    "len4plus_cont": {
      "n": 158508,
      "mean_loss": 4.141947269439697
    }
  },
  "by_wordfreqdecile_position_multitokenonly": {
    "0": {
      "wordfreq_range": [
        1.0,
        1.0
      ],
      "word_initial": {
        "n": 0,
        "mean_loss": null
      },
      "word_continuation": {
        "n": 0,
        "mean_loss": null
      }
    },
    "1": {
      "wordfreq_range": [
        1.0,
        1.0
      ],
      "word_initial": {
        "n": 0,
        "mean_loss": null
      },
      "word_continuation": {
        "n": 0,