{
  "model": "EleutherAI/pythia-1.4b",
  "n_pred_tokens": 1233738,
  "overall_mean_loss": 2.1014456748962402,
  "by_position": {
    "word_initial": {
      "n": 580174,
      "mean_loss": 3.063291311264038
    },
    "word_continuation": {
      "n": 273221,
      "mean_loss": 1.3695087432861328
    },
    "other": {
      "n": 380343,
      "mean_loss": 1.1600397825241089
    }
  },
  "by_depth": {
    "0_initial": {
      "n": 580174,
      "mean_loss": 3.063291311264038
    },
    "1": {
      "n": 111688,
      "mean_loss": 1.8399027585983276
    },
    "2": {
      "n": 65341,
      "mean_loss": 1.297155499458313
    },
    "3plus": {
      "n": 96192,
      "mean_loss": 0.8724847435951233
    }
  },
  "by_seqband_position": {
    "early_lt128": {
      "word_initial": {
        "n": 72585,
        "mean_loss": 3.4724297523498535
      },
      "word_continuation": {
        "n": 34258,
        "mean_loss": 1.8794232606887817
      }
    },
    "mid": {
      "word_initial": {
        "n": 362211,
        "mean_loss": 3.0157787799835205
      },
      "word_continuation": {
        "n": 171078,
        "mean_loss": 1.3048202991485596
      }
    },
    "late": {
      "word_initial": {
        "n": 145378,
        "mean_loss": 2.9773926734924316
      },
      "word_continuation": {
        "n": 67885,
        "mean_loss": 1.2752041816711426
      }
    }
  },
  "by_freqdecile_position": {
    "0": {
      "freq_range": [
        1.0,
        14.0
      ],
      "word_initial": {
        "n": 55046,
        "mean_loss": 5.3391923904418945
      },
      "word_continuation": {
        "n": 29401,
        "mean_loss": 2.8975093364715576
      }
    },
    "1": {
      "freq_range": [
        14.0,
        35.0
      ],
      "word_initial": {
        "n": 55500,
        "mean_loss": 4.4387664794921875
      },
      "word_continuation": {
        "n": 29716,
        "mean_loss": 1.9677622318267822
      }
    },
    "2": {
      "freq_range": [
        35.0,
        69.0
      ],
      "word_initial": {
        "n": 55345,
        "mean_loss": 4.107949733734131
      },
      "word_continuation": {
        "n": 28638,
        "mean_loss": 1.5768144130706787
      }
    },
    "3": {
      "freq_range": [
        69.0,
        129.0
      ],
      "word_initial": {
        "n": 55452,
        "mean_loss": 3.7059738636016846
      },
      "word_continuation": {
        "n": 32230,
        "mean_loss": 1.269960641860962
      }
    },
    "4": {
      "freq_range": [
        129.0,
        235.0
      ],
      "word_initial": {
        "n": 50479,
        "mean_loss": 3.4949936866760254
      },
      "word_continuation": {
        "n": 34160,
        "mean_loss": 1.0574357509613037
      }
    },
    "5": {
      "freq_range": [
        235.0,
        465.0
      ],
      "word_initial": {
        "n": 56546,
        "mean_loss": 3.057159185409546
      },
      "word_continuation": {
        "n": 29155,
        "mean_loss": 0.8969346880912781
      }
    },
    "6": {
      "freq_range": [
        465.0,
        982.0
      ],
      "word_initial": {
        "n": 52215,
        "mean_loss": 2.6618027687072754
      },
      "word_continuation": {
        "n": 32724,
        "mean_loss": 1.193287968635559
      }
    },
    "7": {
      "freq_range": [
        982.0,
        2871.0
      ],
      "word_initial": {
        "n": 51711,
        "mean_loss": 2.247753858566284
      },
      "word_continuation": {
        "n": 33872,
        "mean_loss": 1.0517301559448242
      }
    },
    "8": {
      "freq_range": [
        2871.0,
        12358.0
      ],
      "word_initial": {
        "n": 53459,
        "mean_loss": 1.588972806930542
      },
      "word_continuation": {
        "n": 23325,
        "mean_loss": 0.32076042890548706
      }
    },
    "9": {
      "freq_range": [
        12358.0,
        32401.0
      ],
      "word_initial": {
        "n": 94421,
        "mean_loss": 1.2144826650619507
      },
      "word_continuation": {
        "n": 0,
        "mean_loss": null
      }
    }
  },
  "by_wordfreqdecile_position": {
    "0": {
      "wordfreq_range": [
        1.0,
        1.0
      ],
      "word_initial": {
        "n": 0,
        "mean_loss": null
      },
      "word_continuation": {
        "n": 0,
        "mean_loss": null
      }
    },
    "1": {
      "wordfreq_range": [
        1.0,
        2.0
      ],
      "word_initial": {
        "n": 44485,
        "mean_loss": 4.636661052703857
      },
      "word_continuation": {
        "n": 116216,
        "mean_loss": 1.7508231401443481
      }
    },
    "2": {
      "wordfreq_range": [
        2.0,
        5.0
      ],
      "word_initial": {
        "n": 44810,
        "mean_loss": 4.501743316650391
      },
      "word_continuation": {
        "n": 50251,
        "mean_loss": 1.328099250793457
      }
    },
    "3": {
      "wordfreq_range": [
        5.0,
        12.0
      ],
      "word_initial": {
        "n": 48494,
        "mean_loss": 4.257638931274414
      },
      "word_continuation": {
        "n": 30269,
        "mean_loss": 0.9701405167579651
      }
    },
    "4": {
      "wordfreq_range": [
        12.0,
        32.0
      ],
      "word_initial": {
        "n": 64423,
        "mean_loss": 3.9006245136260986
      },
      "word_continuation": {
        "n": 26797,
        "mean_loss": 0.9237174391746521
      }
    },
    "5": {
      "wordfreq_range": [
        32.0,
        86.0
      ],
      "word_initial": {
        "n": 66555,
        "mean_loss": 3.584038019180298
      },
      "word_continuation": {
        "n": 19470,
        "mean_loss": 0.9194802641868591
      }
    },
    "6": {
      "wordfreq_range": [
        86.0,
        270.0
      ],
      "word_initial": {
        "n": 72729,
        "mean_loss": 3.217280387878418
      },
      "word_continuation": {
        "n": 12697,
        "mean_loss": 1.226491928100586
      }
    },
    "7": {
      "wordfreq_range": [
        270.0,
        1543.0
      ],
      "word_initial": {
        "n": 74750,
        "mean_loss": 2.5629844665527344
      },
      "word_continuation": {
        "n": 9698,
        "mean_loss": 0.9985142946243286
      }
    },
    "8": {
      "wordfreq_range": [
        1543.0,
        12226.0
      ],
      "word_initial": {
        "n": 69897,
        "mean_loss": 1.9133362770080566
      },
      "word_continuation": {
        "n": 7724,
        "mean_loss": 0.8337578773498535
      }
    },
    "9": {
      "wordfreq_range": [
        12226.0,
        32419.0
      ],
      "word_initial": {
        "n": 94031,
        "mean_loss": 1.2086678743362427
      },
      "word_continuation": {
        "n": 99,
        "mean_loss": 2.524824619293213
      }
    }
  },
  "by_position_multitokenonly": {
    "word_initial": {
      "n": 159601,
      "mean_loss": 3.6220638751983643
    },
    "word_continuation": {
      "n": 273221,
      "mean_loss": 1.3695087432861328
    }
  },
  "by_wordlen_position": {
    "len2_init": {
      "n": 96521,
      "mean_loss": 3.460284471511841
    },
    "len2_cont": {
      "n": 53079,
      "mean_loss": 1.6331137418746948
    },
    "len3_init": {
      "n": 33069,
      "mean_loss": 4.326729774475098
    },
    "len3_cont": {
      "n": 61634,
      "mean_loss": 1.432553768157959
    },
    "len4plus_init": {
      "n": 30011,
      "mean_loss": 3.3659064769744873
    },
    "len4plus_cont": {
      "n": 158508,
      "mean_loss": 1.256722092628479
    }
  },
  "by_wordfreqdecile_position_multitokenonly": {
    "0": {
      "wordfreq_range": [
        1.0,
        1.0
      ],
      "word_initial": {
        "n": 0,
        "mean_loss": null
      },
      "word_continuation": {
        "n": 0,
        "mean_loss": null
      }
    },
    "1": {
      "wordfreq_range": [
        1.0,
        1.0
      ],
      "word_initial": {
        "n": 0,
        "mean_loss": null
      },
      "word_continuation": {
        "n": 0,