{
  "model": "EleutherAI/pythia-12b",
  "n_pred_tokens": 1233738,
  "overall_mean_loss": 1.9854580163955688,
  "by_position": {
    "word_initial": {
      "n": 580174,
      "mean_loss": 2.894134759902954
    },
    "word_continuation": {
      "n": 273221,
      "mean_loss": 1.2629867792129517
    },
    "other": {
      "n": 380343,
      "mean_loss": 1.118356704711914
    }
  },
  "by_depth": {
    "0_initial": {
      "n": 580174,
      "mean_loss": 2.894134759902954
    },
    "1": {
      "n": 111688,
      "mean_loss": 1.7280068397521973
    },
    "2": {
      "n": 65341,
      "mean_loss": 1.1859642267227173
    },
    "3plus": {
      "n": 96192,
      "mean_loss": 0.7753740549087524
    }
  },
  "by_seqband_position": {
    "early_lt128": {
      "word_initial": {
        "n": 72585,
        "mean_loss": 3.288816213607788
      },
      "word_continuation": {
        "n": 34258,
        "mean_loss": 1.7412220239639282
      }
    },
    "mid": {
      "word_initial": {
        "n": 362211,
        "mean_loss": 2.8465592861175537
      },
      "word_continuation": {
        "n": 171078,
        "mean_loss": 1.202951431274414
      }
    },
    "late": {
      "word_initial": {
        "n": 145378,
        "mean_loss": 2.815609931945801
      },
      "word_continuation": {
        "n": 67885,
        "mean_loss": 1.1729419231414795
      }
    }
  },
  "by_freqdecile_position": {
    "0": {
      "freq_range": [
        1.0,
        14.0
      ],
      "word_initial": {
        "n": 55046,
        "mean_loss": 5.047321319580078
      },
      "word_continuation": {
        "n": 29401,
        "mean_loss": 2.7061522006988525
      }
    },
    "1": {
      "freq_range": [
        14.0,
        35.0
      ],
      "word_initial": {
        "n": 55500,
        "mean_loss": 4.15725040435791
      },
      "word_continuation": {
        "n": 29716,
        "mean_loss": 1.8149584531784058
      }
    },
    "2": {
      "freq_range": [
        35.0,
        69.0
      ],
      "word_initial": {
        "n": 55345,
        "mean_loss": 3.859349012374878
      },
      "word_continuation": {
        "n": 28638,
        "mean_loss": 1.4444975852966309
      }
    },
    "3": {
      "freq_range": [
        69.0,
        129.0
      ],
      "word_initial": {
        "n": 55452,
        "mean_loss": 3.4764339923858643
      },
      "word_continuation": {
        "n": 32230,
        "mean_loss": 1.1261876821517944
      }
    },
    "4": {
      "freq_range": [
        129.0,
        235.0
      ],
      "word_initial": {
        "n": 50479,
        "mean_loss": 3.306955575942993
      },
      "word_continuation": {
        "n": 34160,
        "mean_loss": 0.9745974540710449
      }
    },
    "5": {
      "freq_range": [
        235.0,
        465.0
      ],
      "word_initial": {
        "n": 56546,
        "mean_loss": 2.893786668777466
      },
      "word_continuation": {
        "n": 29155,
        "mean_loss": 0.8315429091453552
      }
    },
    "6": {
      "freq_range": [
        465.0,
        982.0
      ],
      "word_initial": {
        "n": 52215,
        "mean_loss": 2.5092456340789795
      },
      "word_continuation": {
        "n": 32724,
        "mean_loss": 1.1028529405593872
      }
    },
    "7": {
      "freq_range": [
        982.0,
        2871.0
      ],
      "word_initial": {
        "n": 51711,
        "mean_loss": 2.1635851860046387
      },
      "word_continuation": {
        "n": 33872,
        "mean_loss": 0.9854059815406799
      }
    },
    "8": {
      "freq_range": [
        2871.0,
        12358.0
      ],
      "word_initial": {
        "n": 53459,
        "mean_loss": 1.5275393724441528
      },
      "word_continuation": {
        "n": 23325,
        "mean_loss": 0.29623720049858093
      }
    },
    "9": {
      "freq_range": [
        12358.0,
        32401.0
      ],
      "word_initial": {
        "n": 94421,
        "mean_loss": 1.1548526287078857
      },
      "word_continuation": {
        "n": 0,
        "mean_loss": null
      }
    }
  },
  "by_wordfreqdecile_position": {
    "0": {
      "wordfreq_range": [
        1.0,
        1.0
      ],
      "word_initial": {
        "n": 0,
        "mean_loss": null
      },
      "word_continuation": {
        "n": 0,
        "mean_loss": null
      }
    },
    "1": {
      "wordfreq_range": [
        1.0,
        2.0
      ],
      "word_initial": {
        "n": 44485,
        "mean_loss": 4.358884334564209
      },
      "word_continuation": {
        "n": 116216,
        "mean_loss": 1.6041098833084106
      }
    },
    "2": {
      "wordfreq_range": [
        2.0,
        5.0
      ],
      "word_initial": {
        "n": 44810,
        "mean_loss": 4.231022357940674
      },
      "word_continuation": {
        "n": 50251,
        "mean_loss": 1.197286605834961
      }
    },
    "3": {
      "wordfreq_range": [
        5.0,
        12.0
      ],
      "word_initial": {
        "n": 48494,
        "mean_loss": 3.9941816329956055
      },
      "word_continuation": {
        "n": 30269,
        "mean_loss": 0.900879442691803
      }
    },
    "4": {
      "wordfreq_range": [
        12.0,
        32.0
      ],
      "word_initial": {
        "n": 64423,
        "mean_loss": 3.6541616916656494
      },
      "word_continuation": {
        "n": 26797,
        "mean_loss": 0.8604308366775513
      }
    },
    "5": {
      "wordfreq_range": [
        32.0,
        86.0
      ],
      "word_initial": {
        "n": 66555,
        "mean_loss": 3.3702878952026367
      },
      "word_continuation": {
        "n": 19470,
        "mean_loss": 0.8870436549186707
      }
    },
    "6": {
      "wordfreq_range": [
        86.0,
        270.0
      ],
      "word_initial": {
        "n": 72729,
        "mean_loss": 3.051642894744873
      },
      "word_continuation": {
        "n": 12697,
        "mean_loss": 1.1665860414505005
      }
    },
    "7": {
      "wordfreq_range": [
        270.0,
        1543.0
      ],
      "word_initial": {
        "n": 74750,
        "mean_loss": 2.444570541381836
      },
      "word_continuation": {
        "n": 9698,
        "mean_loss": 0.9773614406585693
      }
    },
    "8": {
      "wordfreq_range": [
        1543.0,
        12226.0
      ],
      "word_initial": {
        "n": 69897,
        "mean_loss": 1.8518929481506348
      },
      "word_continuation": {
        "n": 7724,
        "mean_loss": 0.8234652280807495
      }
    },
    "9": {
      "wordfreq_range": [
        12226.0,
        32419.0
      ],
      "word_initial": {
        "n": 94031,
        "mean_loss": 1.1493303775787354
      },
      "word_continuation": {
        "n": 99,
        "mean_loss": 2.4134528636932373
      }
    }
  },
  "by_position_multitokenonly": {
    "word_initial": {
      "n": 159601,
      "mean_loss": 3.3762176036834717
    },
    "word_continuation": {
      "n": 273221,
      "mean_loss": 1.2629867792129517
    }
  },
  "by_wordlen_position": {
    "len2_init": {
      "n": 96521,
      "mean_loss": 3.2276203632354736
    },
    "len2_cont": {
      "n": 53079,
      "mean_loss": 1.5468149185180664
    },
    "len3_init": {
      "n": 33069,
      "mean_loss": 4.017298698425293
    },
    "len3_cont": {
      "n": 61634,
      "mean_loss": 1.326640248298645
    },
    "len4plus_init": {
      "n": 30011,
      "mean_loss": 3.1477274894714355
    },
    "len4plus_cont": {
      "n": 158508,
      "mean_loss": 1.1431910991668701
    }
  },
  "by_wordfreqdecile_position_multitokenonly": {
    "0": {
      "wordfreq_range": [
        1.0,
        1.0
      ],
      "word_initial": {
        "n": 0,
        "mean_loss": null
      },
      "word_continuation": {
        "n": 0,
        "mean_loss": null
      }
    },
    "1": {
      "wordfreq_range": [
        1.0,
        1.0
      ],
      "word_initial": {
        "n": 0,
        "mean_loss": null
      },
      "word_continuation": {
        "n": 0,