{
  "model": "EleutherAI/pythia-1.4b-deduped",
  "n_pred_tokens": 1233738,
  "overall_mean_loss": 3.9891164302825928,
  "by_position": {
    "word_initial": {
      "n": 580174,
      "mean_loss": 5.2864909172058105
    },
    "word_continuation": {
      "n": 273221,
      "mean_loss": 3.843533754348755
    },
    "other": {
      "n": 380343,
      "mean_loss": 2.1146860122680664
    }
  },
  "by_depth": {
    "0_initial": {
      "n": 580174,
      "mean_loss": 5.2864909172058105
    },
    "1": {
      "n": 111688,
      "mean_loss": 4.175642490386963
    },
    "2": {
      "n": 65341,
      "mean_loss": 4.142859935760498
    },
    "3plus": {
      "n": 96192,
      "mean_loss": 3.25459885597229
    }
  },
  "by_seqband_position": {
    "early_lt128": {
      "word_initial": {
        "n": 72585,
        "mean_loss": 5.615857124328613
      },
      "word_continuation": {
        "n": 34258,
        "mean_loss": 4.637517929077148
      }
    },
    "mid": {
      "word_initial": {
        "n": 362211,
        "mean_loss": 5.25403356552124
      },
      "word_continuation": {
        "n": 171078,
        "mean_loss": 3.764770269393921
      }
    },
    "late": {
      "word_initial": {
        "n": 145378,
        "mean_loss": 5.202910423278809
      },
      "word_continuation": {
        "n": 67885,
        "mean_loss": 3.6413447856903076
      }
    }
  },
  "by_freqdecile_position": {
    "0": {
      "freq_range": [
        1.0,
        14.0
      ],
      "word_initial": {
        "n": 55046,
        "mean_loss": 8.775650024414062
      },
      "word_continuation": {
        "n": 29401,
        "mean_loss": 6.131688594818115
      }
    },
    "1": {
      "freq_range": [
        14.0,
        35.0
      ],
      "word_initial": {
        "n": 55500,
        "mean_loss": 7.771846294403076
      },
      "word_continuation": {
        "n": 29716,
        "mean_loss": 5.1813883781433105
      }
    },
    "2": {
      "freq_range": [
        35.0,
        69.0
      ],
      "word_initial": {
        "n": 55345,
        "mean_loss": 7.284178733825684
      },
      "word_continuation": {
        "n": 28638,
        "mean_loss": 4.689721584320068
      }
    },
    "3": {
      "freq_range": [
        69.0,
        129.0
      ],
      "word_initial": {
        "n": 55452,
        "mean_loss": 6.702160358428955
      },
      "word_continuation": {
        "n": 32230,
        "mean_loss": 4.128614902496338
      }
    },
    "4": {
      "freq_range": [
        129.0,
        235.0
      ],
      "word_initial": {
        "n": 50479,
        "mean_loss": 6.1728973388671875
      },
      "word_continuation": {
        "n": 34160,
        "mean_loss": 3.7849841117858887
      }
    },
    "5": {
      "freq_range": [
        235.0,
        465.0
      ],
      "word_initial": {
        "n": 56546,
        "mean_loss": 5.392359733581543
      },
      "word_continuation": {
        "n": 29155,
        "mean_loss": 3.3673956394195557
      }
    },
    "6": {
      "freq_range": [
        465.0,
        982.0
      ],
      "word_initial": {
        "n": 52215,
        "mean_loss": 4.72312068939209
      },
      "word_continuation": {
        "n": 32724,
        "mean_loss": 3.2794666290283203
      }
    },
    "7": {
      "freq_range": [
        982.0,
        2871.0
      ],
      "word_initial": {
        "n": 51711,
        "mean_loss": 3.739053249359131
      },
      "word_continuation": {
        "n": 33872,
        "mean_loss": 2.6026134490966797
      }
    },
    "8": {
      "freq_range": [
        2871.0,
        12358.0
      ],
      "word_initial": {
        "n": 53459,
        "mean_loss": 2.6684887409210205
      },
      "word_continuation": {
        "n": 23325,
        "mean_loss": 1.0963457822799683
      }
    },
    "9": {
      "freq_range": [
        12358.0,
        32401.0
      ],
      "word_initial": {
        "n": 94421,
        "mean_loss": 1.8931236267089844
      },
      "word_continuation": {
        "n": 0,
        "mean_loss": null
      }
    }
  },
  "by_wordfreqdecile_position": {
    "0": {
      "wordfreq_range": [
        1.0,
        1.0
      ],
      "word_initial": {
        "n": 0,
        "mean_loss": null
      },
      "word_continuation": {
        "n": 0,
        "mean_loss": null
      }
    },
    "1": {
      "wordfreq_range": [
        1.0,
        2.0
      ],
      "word_initial": {
        "n": 44485,
        "mean_loss": 7.457798480987549
      },
      "word_continuation": {
        "n": 116216,
        "mean_loss": 4.580360412597656
      }
    },
    "2": {
      "wordfreq_range": [
        2.0,
        5.0
      ],
      "word_initial": {
        "n": 44810,
        "mean_loss": 7.774547576904297
      },
      "word_continuation": {
        "n": 50251,
        "mean_loss": 3.819514513015747
      }
    },
    "3": {
      "wordfreq_range": [
        5.0,
        12.0
      ],
      "word_initial": {
        "n": 48494,
        "mean_loss": 7.510416030883789
      },
      "word_continuation": {
        "n": 30269,
        "mean_loss": 3.3774709701538086
      }
    },
    "4": {
      "wordfreq_range": [
        12.0,
        32.0
      ],
      "word_initial": {
        "n": 64423,
        "mean_loss": 7.065165996551514
      },
      "word_continuation": {
        "n": 26797,
        "mean_loss": 3.216440439224243
      }
    },
    "5": {
      "wordfreq_range": [
        32.0,
        86.0
      ],
      "word_initial": {
        "n": 66555,
        "mean_loss": 6.498109817504883
      },
      "word_continuation": {
        "n": 19470,
        "mean_loss": 3.0143041610717773
      }
    },
    "6": {
      "wordfreq_range": [
        86.0,
        270.0
      ],
      "word_initial": {
        "n": 72729,
        "mean_loss": 5.698011875152588
      },
      "word_continuation": {
        "n": 12697,
        "mean_loss": 3.2959630489349365
      }
    },
    "7": {
      "wordfreq_range": [
        270.0,
        1543.0
      ],
      "word_initial": {
        "n": 74750,
        "mean_loss": 4.396661281585693
      },
      "word_continuation": {
        "n": 9698,
        "mean_loss": 2.5252785682678223
      }
    },
    "8": {
      "wordfreq_range": [
        1543.0,
        12226.0
      ],
      "word_initial": {
        "n": 69897,
        "mean_loss": 3.071174383163452
      },
      "word_continuation": {
        "n": 7724,
        "mean_loss": 1.5598899126052856
      }
    },
    "9": {
      "wordfreq_range": [
        12226.0,
        32419.0
      ],
      "word_initial": {
        "n": 94031,
        "mean_loss": 1.8862779140472412
      },
      "word_continuation": {
        "n": 99,
        "mean_loss": 3.927783966064453
      }
    }
  },
  "by_position_multitokenonly": {
    "word_initial": {
      "n": 159601,
      "mean_loss": 6.687455177307129
    },
    "word_continuation": {
      "n": 273221,
      "mean_loss": 3.843533754348755
    }
  },
  "by_wordlen_position": {
    "len2_init": {
      "n": 96521,
      "mean_loss": 6.669803142547607
    },
    "len2_cont": {
      "n": 53079,
      "mean_loss": 3.7058258056640625
    },
    "len3_init": {
      "n": 33069,
      "mean_loss": 7.514186382293701
    },
    "len3_cont": {
      "n": 61634,
      "mean_loss": 3.924417734146118
    },
    "len4plus_init": {
      "n": 30011,
      "mean_loss": 5.833256244659424
    },
    "len4plus_cont": {
      "n": 158508,
      "mean_loss": 3.85819673538208
    }
  },
  "by_wordfreqdecile_position_multitokenonly": {
    "0": {
      "wordfreq_range": [
        1.0,
        1.0
      ],
      "word_initial": {
        "n": 0,
        "mean_loss": null
      },
      "word_continuation": {
        "n": 0,
        "mean_loss": null
      }
    },
    "1": {
      "wordfreq_range": [
        1.0,
        1.0
      ],
      "word_initial": {
        "n": 0,
        "mean_loss": null
      },
      "word_continuation": {
        "n": 0,