{
  "model": "EleutherAI/pythia-1b-deduped",
  "n_pred_tokens": 1233738,
  "overall_mean_loss": 3.901383399963379,
  "by_position": {
    "word_initial": {
      "n": 580174,
      "mean_loss": 5.207911968231201
    },
    "word_continuation": {
      "n": 273221,
      "mean_loss": 3.678694248199463
    },
    "other": {
      "n": 380343,
      "mean_loss": 2.068378448486328
    }
  },
  "by_depth": {
    "0_initial": {
      "n": 580174,
      "mean_loss": 5.207911968231201
    },
    "1": {
      "n": 111688,
      "mean_loss": 4.077603340148926
    },
    "2": {
      "n": 65341,
      "mean_loss": 3.9254305362701416
    },
    "3plus": {
      "n": 96192,
      "mean_loss": 3.0479207038879395
    }
  },
  "by_seqband_position": {
    "early_lt128": {
      "word_initial": {
        "n": 72585,
        "mean_loss": 5.537526607513428
      },
      "word_continuation": {
        "n": 34258,
        "mean_loss": 4.454498767852783
      }
    },
    "mid": {
      "word_initial": {
        "n": 362211,
        "mean_loss": 5.175415992736816
      },
      "word_continuation": {
        "n": 171078,
        "mean_loss": 3.602395534515381
      }
    },
    "late": {
      "word_initial": {
        "n": 145378,
        "mean_loss": 5.124305248260498
      },
      "word_continuation": {
        "n": 67885,
        "mean_loss": 3.4794671535491943
      }
    }
  },
  "by_freqdecile_position": {
    "0": {
      "freq_range": [
        1.0,
        14.0
      ],
      "word_initial": {
        "n": 55046,
        "mean_loss": 8.611135482788086
      },
      "word_continuation": {
        "n": 29401,
        "mean_loss": 5.988480567932129
      }
    },
    "1": {
      "freq_range": [
        14.0,
        35.0
      ],
      "word_initial": {
        "n": 55500,
        "mean_loss": 7.645627975463867
      },
      "word_continuation": {
        "n": 29716,
        "mean_loss": 5.0304341316223145
      }
    },
    "2": {
      "freq_range": [
        35.0,
        69.0
      ],
      "word_initial": {
        "n": 55345,
        "mean_loss": 7.196134567260742
      },
      "word_continuation": {
        "n": 28638,
        "mean_loss": 4.523888111114502
      }
    },
    "3": {
      "freq_range": [
        69.0,
        129.0
      ],
      "word_initial": {
        "n": 55452,
        "mean_loss": 6.6333723068237305
      },
      "word_continuation": {
        "n": 32230,
        "mean_loss": 3.9087014198303223
      }
    },
    "4": {
      "freq_range": [
        129.0,
        235.0
      ],
      "word_initial": {
        "n": 50479,
        "mean_loss": 6.11090612411499
      },
      "word_continuation": {
        "n": 34160,
        "mean_loss": 3.5678622722625732
      }
    },
    "5": {
      "freq_range": [
        235.0,
        465.0
      ],
      "word_initial": {
        "n": 56546,
        "mean_loss": 5.307496547698975
      },
      "word_continuation": {
        "n": 29155,
        "mean_loss": 3.1639668941497803
      }
    },
    "6": {
      "freq_range": [
        465.0,
        982.0
      ],
      "word_initial": {
        "n": 52215,
        "mean_loss": 4.6573262214660645
      },
      "word_continuation": {
        "n": 32724,
        "mean_loss": 3.1032135486602783
      }
    },
    "7": {
      "freq_range": [
        982.0,
        2871.0
      ],
      "word_initial": {
        "n": 51711,
        "mean_loss": 3.5775301456451416
      },
      "word_continuation": {
        "n": 33872,
        "mean_loss": 2.549196243286133
      }
    },
    "8": {
      "freq_range": [
        2871.0,
        12358.0
      ],
      "word_initial": {
        "n": 53459,
        "mean_loss": 2.6867716312408447
      },
      "word_continuation": {
        "n": 23325,
        "mean_loss": 0.9428786635398865
      }
    },
    "9": {
      "freq_range": [
        12358.0,
        32401.0
      ],
      "word_initial": {
        "n": 94421,
        "mean_loss": 1.8708579540252686
      },
      "word_continuation": {
        "n": 0,
        "mean_loss": null
      }
    }
  },
  "by_wordfreqdecile_position": {
    "0": {
      "wordfreq_range": [
        1.0,
        1.0
      ],
      "word_initial": {
        "n": 0,
        "mean_loss": null
      },
      "word_continuation": {
        "n": 0,
        "mean_loss": null
      }
    },
    "1": {
      "wordfreq_range": [
        1.0,
        2.0
      ],
      "word_initial": {
        "n": 44485,
        "mean_loss": 7.3776021003723145
      },
      "word_continuation": {
        "n": 116216,
        "mean_loss": 4.39553165435791
      }
    },
    "2": {
      "wordfreq_range": [
        2.0,
        5.0
      ],
      "word_initial": {
        "n": 44810,
        "mean_loss": 7.662326812744141
      },
      "word_continuation": {
        "n": 50251,
        "mean_loss": 3.6599106788635254
      }
    },
    "3": {
      "wordfreq_range": [
        5.0,
        12.0
      ],
      "word_initial": {
        "n": 48494,
        "mean_loss": 7.375186443328857
      },
      "word_continuation": {
        "n": 30269,
        "mean_loss": 3.2105391025543213
      }
    },
    "4": {
      "wordfreq_range": [
        12.0,
        32.0
      ],
      "word_initial": {
        "n": 64423,
        "mean_loss": 6.957910060882568
      },
      "word_continuation": {
        "n": 26797,
        "mean_loss": 3.0379538536071777
      }
    },
    "5": {
      "wordfreq_range": [
        32.0,
        86.0
      ],
      "word_initial": {
        "n": 66555,
        "mean_loss": 6.414865016937256
      },
      "word_continuation": {
        "n": 19470,
        "mean_loss": 2.877417802810669
      }
    },
    "6": {
      "wordfreq_range": [
        86.0,
        270.0
      ],
      "word_initial": {
        "n": 72729,
        "mean_loss": 5.641422271728516
      },
      "word_continuation": {
        "n": 12697,
        "mean_loss": 3.1522469520568848
      }
    },
    "7": {
      "wordfreq_range": [
        270.0,
        1543.0
      ],
      "word_initial": {
        "n": 74750,
        "mean_loss": 4.295561790466309
      },
      "word_continuation": {
        "n": 9698,
        "mean_loss": 2.3788840770721436
      }
    },
    "8": {
      "wordfreq_range": [
        1543.0,
        12226.0
      ],
      "word_initial": {
        "n": 69897,
        "mean_loss": 3.0099236965179443
      },
      "word_continuation": {
        "n": 7724,
        "mean_loss": 1.5857040882110596
      }
    },
    "9": {
      "wordfreq_range": [
        12226.0,
        32419.0
      ],
      "word_initial": {
        "n": 94031,
        "mean_loss": 1.864680290222168
      },
      "word_continuation": {
        "n": 99,
        "mean_loss": 4.01564884185791
      }
    }
  },
  "by_position_multitokenonly": {
    "word_initial": {
      "n": 159601,
      "mean_loss": 6.601557731628418
    },
    "word_continuation": {
      "n": 273221,
      "mean_loss": 3.678694248199463
    }
  },
  "by_wordlen_position": {
    "len2_init": {
      "n": 96521,
      "mean_loss": 6.5669684410095215
    },
    "len2_cont": {
      "n": 53079,
      "mean_loss": 3.5937750339508057
    },
    "len3_init": {
      "n": 33069,
      "mean_loss": 7.465959548950195
    },
    "len3_cont": {
      "n": 61634,
      "mean_loss": 3.751016616821289
    },
    "len4plus_init": {
      "n": 30011,
      "mean_loss": 5.760324478149414
    },
    "len4plus_cont": {
      "n": 158508,
      "mean_loss": 3.679009199142456
    }
  },
  "by_wordfreqdecile_position_multitokenonly": {
    "0": {
      "wordfreq_range": [
        1.0,
        1.0
      ],
      "word_initial": {
        "n": 0,
        "mean_loss": null
      },
      "word_continuation": {
        "n": 0,
        "mean_loss": null
      }
    },
    "1": {
      "wordfreq_range": [
        1.0,
        1.0
      ],
      "word_initial": {
        "n": 0,
        "mean_loss": null
      },
      "word_continuation": {
        "n": 0,