{
  "model": "EleutherAI/pythia-6.9b",
  "n_pred_tokens": 1233738,
  "overall_mean_loss": 2.3014204502105713,
  "by_position": {
    "word_initial": {
      "n": 580174,
      "mean_loss": 3.311472177505493
    },
    "word_continuation": {
      "n": 273221,
      "mean_loss": 1.593102216720581
    },
    "other": {
      "n": 380343,
      "mean_loss": 1.2695130109786987
    }
  },
  "by_depth": {
    "0_initial": {
      "n": 580174,
      "mean_loss": 3.311472177505493
    },
    "1": {
      "n": 111688,
      "mean_loss": 2.08516788482666
    },
    "2": {
      "n": 65341,
      "mean_loss": 1.5256768465042114
    },
    "3plus": {
      "n": 96192,
      "mean_loss": 1.0675679445266724
    }
  },
  "by_seqband_position": {
    "early_lt128": {
      "word_initial": {
        "n": 72585,
        "mean_loss": 3.701277732849121
      },
      "word_continuation": {
        "n": 34258,
        "mean_loss": 2.125713348388672
      }
    },
    "mid": {
      "word_initial": {
        "n": 362211,
        "mean_loss": 3.2654805183410645
      },
      "word_continuation": {
        "n": 171078,
        "mean_loss": 1.5273511409759521
      }
    },
    "late": {
      "word_initial": {
        "n": 145378,
        "mean_loss": 3.231438159942627
      },
      "word_continuation": {
        "n": 67885,
        "mean_loss": 1.4900212287902832
      }
    }
  },
  "by_freqdecile_position": {
    "0": {
      "freq_range": [
        1.0,
        14.0
      ],
      "word_initial": {
        "n": 55046,
        "mean_loss": 5.821446895599365
      },
      "word_continuation": {
        "n": 29401,
        "mean_loss": 3.2951412200927734
      }
    },
    "1": {
      "freq_range": [
        14.0,
        35.0
      ],
      "word_initial": {
        "n": 55500,
        "mean_loss": 4.855295181274414
      },
      "word_continuation": {
        "n": 29716,
        "mean_loss": 2.278365135192871
      }
    },
    "2": {
      "freq_range": [
        35.0,
        69.0
      ],
      "word_initial": {
        "n": 55345,
        "mean_loss": 4.4737396240234375
      },
      "word_continuation": {
        "n": 28638,
        "mean_loss": 1.86308753490448
      }
    },
    "3": {
      "freq_range": [
        69.0,
        129.0
      ],
      "word_initial": {
        "n": 55452,
        "mean_loss": 4.038717269897461
      },
      "word_continuation": {
        "n": 32230,
        "mean_loss": 1.4909337759017944
      }
    },
    "4": {
      "freq_range": [
        129.0,
        235.0
      ],
      "word_initial": {
        "n": 50479,
        "mean_loss": 3.780694007873535
      },
      "word_continuation": {
        "n": 34160,
        "mean_loss": 1.2512445449829102
      }
    },
    "5": {
      "freq_range": [
        235.0,
        465.0
      ],
      "word_initial": {
        "n": 56546,
        "mean_loss": 3.3261587619781494
      },
      "word_continuation": {
        "n": 29155,
        "mean_loss": 1.0818644762039185
      }
    },
    "6": {
      "freq_range": [
        465.0,
        982.0
      ],
      "word_initial": {
        "n": 52215,
        "mean_loss": 2.8582632541656494
      },
      "word_continuation": {
        "n": 32724,
        "mean_loss": 1.4020559787750244
      }
    },
    "7": {
      "freq_range": [
        982.0,
        2871.0
      ],
      "word_initial": {
        "n": 51711,
        "mean_loss": 2.3621504306793213
      },
      "word_continuation": {
        "n": 33872,
        "mean_loss": 1.2263108491897583
      }
    },
    "8": {
      "freq_range": [
        2871.0,
        12358.0
      ],
      "word_initial": {
        "n": 53459,
        "mean_loss": 1.7096245288848877
      },
      "word_continuation": {
        "n": 23325,
        "mean_loss": 0.3247142732143402
      }
    },
    "9": {
      "freq_range": [
        12358.0,
        32401.0
      ],
      "word_initial": {
        "n": 94421,
        "mean_loss": 1.2501983642578125
      },
      "word_continuation": {
        "n": 0,
        "mean_loss": null
      }
    }
  },
  "by_wordfreqdecile_position": {
    "0": {
      "wordfreq_range": [
        1.0,
        1.0
      ],
      "word_initial": {
        "n": 0,
        "mean_loss": null
      },
      "word_continuation": {
        "n": 0,
        "mean_loss": null
      }
    },
    "1": {
      "wordfreq_range": [
        1.0,
        2.0
      ],
      "word_initial": {
        "n": 44485,
        "mean_loss": 5.078017234802246
      },
      "word_continuation": {
        "n": 116216,
        "mean_loss": 2.04170298576355
      }
    },
    "2": {
      "wordfreq_range": [
        2.0,
        5.0
      ],
      "word_initial": {
        "n": 44810,
        "mean_loss": 4.952431678771973
      },
      "word_continuation": {
        "n": 50251,
        "mean_loss": 1.575886845588684
      }
    },
    "3": {
      "wordfreq_range": [
        5.0,
        12.0
      ],
      "word_initial": {
        "n": 48494,
        "mean_loss": 4.677157402038574
      },
      "word_continuation": {
        "n": 30269,
        "mean_loss": 1.1741440296173096
      }
    },
    "4": {
      "wordfreq_range": [
        12.0,
        32.0
      ],
      "word_initial": {
        "n": 64423,
        "mean_loss": 4.268374919891357
      },
      "word_continuation": {
        "n": 26797,
        "mean_loss": 1.0736745595932007
      }
    },
    "5": {
      "wordfreq_range": [
        32.0,
        86.0
      ],
      "word_initial": {
        "n": 66555,
        "mean_loss": 3.8816473484039307
      },
      "word_continuation": {
        "n": 19470,
        "mean_loss": 1.042704463005066
      }
    },
    "6": {
      "wordfreq_range": [
        86.0,
        270.0
      ],
      "word_initial": {
        "n": 72729,
        "mean_loss": 3.4814858436584473
      },
      "word_continuation": {
        "n": 12697,
        "mean_loss": 1.3484551906585693
      }
    },
    "7": {
      "wordfreq_range": [
        270.0,
        1543.0
      ],
      "word_initial": {
        "n": 74750,
        "mean_loss": 2.706536293029785
      },
      "word_continuation": {
        "n": 9698,
        "mean_loss": 0.9767926931381226
      }
    },
    "8": {
      "wordfreq_range": [
        1543.0,
        12226.0
      ],
      "word_initial": {
        "n": 69897,
        "mean_loss": 2.014084577560425
      },
      "word_continuation": {
        "n": 7724,
        "mean_loss": 0.9448548555374146
      }
    },
    "9": {
      "wordfreq_range": [
        12226.0,
        32419.0
      ],
      "word_initial": {
        "n": 94031,
        "mean_loss": 1.2440624237060547
      },
      "word_continuation": {
        "n": 99,
        "mean_loss": 2.9826462268829346
      }
    }
  },
  "by_position_multitokenonly": {
    "word_initial": {
      "n": 159601,
      "mean_loss": 4.001623630523682
    },
    "word_continuation": {
      "n": 273221,
      "mean_loss": 1.593102216720581
    }
  },
  "by_wordlen_position": {
    "len2_init": {
      "n": 96521,
      "mean_loss": 3.8314130306243896
    },
    "len2_cont": {
      "n": 53079,
      "mean_loss": 1.824692726135254
    },
    "len3_init": {
      "n": 33069,
      "mean_loss": 4.72376823425293
    },
    "len3_cont": {
      "n": 61634,
      "mean_loss": 1.6510257720947266
    },
    "len4plus_init": {
      "n": 30011,
      "mean_loss": 3.753325939178467
    },
    "len4plus_cont": {
      "n": 158508,
      "mean_loss": 1.4930273294448853
    }
  },
  "by_wordfreqdecile_position_multitokenonly": {
    "0": {
      "wordfreq_range": [
        1.0,
        1.0
      ],
      "word_initial": {
        "n": 0,
        "mean_loss": null
      },
      "word_continuation": {
        "n": 0,
        "mean_loss": null
      }
    },
    "1": {
      "wordfreq_range": [
        1.0,
        1.0
      ],
      "word_initial": {
        "n": 0,
        "mean_loss": null
      },
      "word_continuation": {
        "n": 0,