{
  "model": "EleutherAI/pythia-6.9b",
  "n_pred_tokens": 1233738,
  "overall_mean_loss": 1.934310793876648,
  "by_position": {
    "word_initial": {
      "n": 580174,
      "mean_loss": 2.8276052474975586
    },
    "word_continuation": {
      "n": 273221,
      "mean_loss": 1.212022304534912
    },
    "other": {
      "n": 380343,
      "mean_loss": 1.0905417203903198
    }
  },
  "by_depth": {
    "0_initial": {
      "n": 580174,
      "mean_loss": 2.8276052474975586
    },
    "1": {
      "n": 111688,
      "mean_loss": 1.6694267988204956
    },
    "2": {
      "n": 65341,
      "mean_loss": 1.1264244318008423
    },
    "3plus": {
      "n": 96192,
      "mean_loss": 0.7390774488449097
    }
  },
  "by_seqband_position": {
    "early_lt128": {
      "word_initial": {
        "n": 72585,
        "mean_loss": 3.2345921993255615
      },
      "word_continuation": {
        "n": 34258,
        "mean_loss": 1.6793248653411865
      }
    },
    "mid": {
      "word_initial": {
        "n": 362211,
        "mean_loss": 2.778082847595215
      },
      "word_continuation": {
        "n": 171078,
        "mean_loss": 1.1512295007705688
      }
    },
    "late": {
      "word_initial": {
        "n": 145378,
        "mean_loss": 2.7477855682373047
      },
      "word_continuation": {
        "n": 67885,
        "mean_loss": 1.1294045448303223
      }
    }
  },
  "by_freqdecile_position": {
    "0": {
      "freq_range": [
        1.0,
        14.0
      ],
      "word_initial": {
        "n": 55046,
        "mean_loss": 4.9134063720703125
      },
      "word_continuation": {
        "n": 29401,
        "mean_loss": 2.6134252548217773
      }
    },
    "1": {
      "freq_range": [
        14.0,
        35.0
      ],
      "word_initial": {
        "n": 55500,
        "mean_loss": 4.050863265991211
      },
      "word_continuation": {
        "n": 29716,
        "mean_loss": 1.7367653846740723
      }
    },
    "2": {
      "freq_range": [
        35.0,
        69.0
      ],
      "word_initial": {
        "n": 55345,
        "mean_loss": 3.7603421211242676
      },
      "word_continuation": {
        "n": 28638,
        "mean_loss": 1.3708752393722534
      }
    },
    "3": {
      "freq_range": [
        69.0,
        129.0
      ],
      "word_initial": {
        "n": 55452,
        "mean_loss": 3.4143831729888916
      },
      "word_continuation": {
        "n": 32230,
        "mean_loss": 1.0892999172210693
      }
    },
    "4": {
      "freq_range": [
        129.0,
        235.0
      ],
      "word_initial": {
        "n": 50479,
        "mean_loss": 3.221635580062866
      },
      "word_continuation": {
        "n": 34160,
        "mean_loss": 0.9164896607398987
      }
    },
    "5": {
      "freq_range": [
        235.0,
        465.0
      ],
      "word_initial": {
        "n": 56546,
        "mean_loss": 2.822091817855835
      },
      "word_continuation": {
        "n": 29155,
        "mean_loss": 0.7531458735466003
      }
    },
    "6": {
      "freq_range": [
        465.0,
        982.0
      ],
      "word_initial": {
        "n": 52215,
        "mean_loss": 2.4490413665771484
      },
      "word_continuation": {
        "n": 32724,
        "mean_loss": 1.081143856048584
      }
    },
    "7": {
      "freq_range": [
        982.0,
        2871.0
      ],
      "word_initial": {
        "n": 51711,
        "mean_loss": 2.118835687637329
      },
      "word_continuation": {
        "n": 33872,
        "mean_loss": 0.9692776203155518
      }
    },
    "8": {
      "freq_range": [
        2871.0,
        12358.0
      ],
      "word_initial": {
        "n": 53459,
        "mean_loss": 1.5078705549240112
      },
      "word_continuation": {
        "n": 23325,
        "mean_loss": 0.2940908968448639
      }
    },
    "9": {
      "freq_range": [
        12358.0,
        32401.0
      ],
      "word_initial": {
        "n": 94421,
        "mean_loss": 1.1386207342147827
      },
      "word_continuation": {
        "n": 0,
        "mean_loss": null
      }
    }
  },
  "by_wordfreqdecile_position": {
    "0": {
      "wordfreq_range": [
        1.0,
        1.0
      ],
      "word_initial": {
        "n": 0,
        "mean_loss": null
      },
      "word_continuation": {
        "n": 0,
        "mean_loss": null
      }
    },
    "1": {
      "wordfreq_range": [
        1.0,
        2.0
      ],
      "word_initial": {
        "n": 44485,
        "mean_loss": 4.244748115539551
      },
      "word_continuation": {
        "n": 116216,
        "mean_loss": 1.5388741493225098
      }
    },
    "2": {
      "wordfreq_range": [
        2.0,
        5.0
      ],
      "word_initial": {
        "n": 44810,
        "mean_loss": 4.109302043914795
      },
      "word_continuation": {
        "n": 50251,
        "mean_loss": 1.1459543704986572
      }
    },
    "3": {
      "wordfreq_range": [
        5.0,
        12.0
      ],
      "word_initial": {
        "n": 48494,
        "mean_loss": 3.8833656311035156
      },
      "word_continuation": {
        "n": 30269,
        "mean_loss": 0.8541632890701294
      }
    },
    "4": {
      "wordfreq_range": [
        12.0,
        32.0
      ],
      "word_initial": {
        "n": 64423,
        "mean_loss": 3.559365749359131
      },
      "word_continuation": {
        "n": 26797,
        "mean_loss": 0.8324676752090454
      }
    },
    "5": {
      "wordfreq_range": [
        32.0,
        86.0
      ],
      "word_initial": {
        "n": 66555,
        "mean_loss": 3.3006556034088135
      },
      "word_continuation": {
        "n": 19470,
        "mean_loss": 0.8462574481964111
      }
    },
    "6": {
      "wordfreq_range": [
        86.0,
        270.0
      ],
      "word_initial": {
        "n": 72729,
        "mean_loss": 2.9987144470214844
      },
      "word_continuation": {
        "n": 12697,
        "mean_loss": 1.1269402503967285
      }
    },
    "7": {
      "wordfreq_range": [
        270.0,
        1543.0
      ],
      "word_initial": {
        "n": 74750,
        "mean_loss": 2.3794658184051514
      },
      "word_continuation": {
        "n": 9698,
        "mean_loss": 0.9348263144493103
      }
    },
    "8": {
      "wordfreq_range": [
        1543.0,
        12226.0
      ],
      "word_initial": {
        "n": 69897,
        "mean_loss": 1.8273417949676514
      },
      "word_continuation": {
        "n": 7724,
        "mean_loss": 0.8369117975234985
      }
    },
    "9": {
      "wordfreq_range": [
        12226.0,
        32419.0
      ],
      "word_initial": {
        "n": 94031,
        "mean_loss": 1.1331660747528076
      },
      "word_continuation": {
        "n": 99,
        "mean_loss": 2.4731075763702393
      }
    }
  },
  "by_position_multitokenonly": {
    "word_initial": {
      "n": 159601,
      "mean_loss": 3.271683692932129
    },
    "word_continuation": {
      "n": 273221,
      "mean_loss": 1.212022304534912
    }
  },
  "by_wordlen_position": {
    "len2_init": {
      "n": 96521,
      "mean_loss": 3.125687599182129
    },
    "len2_cont": {
      "n": 53079,
      "mean_loss": 1.4980976581573486
    },
    "len3_init": {
      "n": 33069,
      "mean_loss": 3.9054017066955566
    },
    "len3_cont": {
      "n": 61634,
      "mean_loss": 1.2711796760559082
    },
    "len4plus_init": {
      "n": 30011,
      "mean_loss": 3.0429422855377197
    },
    "len4plus_cont": {
      "n": 158508,
      "mean_loss": 1.0932226181030273
    }
  },
  "by_wordfreqdecile_position_multitokenonly": {
    "0": {
      "wordfreq_range": [
        1.0,
        1.0
      ],
      "word_initial": {
        "n": 0,
        "mean_loss": null
      },
      "word_continuation": {
        "n": 0,
        "mean_loss": null
      }
    },
    "1": {
      "wordfreq_range": [
        1.0,
        1.0
      ],
      "word_initial": {
        "n": 0,
        "mean_loss": null
      },
      "word_continuation": {
        "n": 0,