{
  "model": "EleutherAI/pythia-6.9b",
  "n_pred_tokens": 1233738,
  "overall_mean_loss": 2.038233757019043,
  "by_position": {
    "word_initial": {
      "n": 580174,
      "mean_loss": 2.965240716934204
    },
    "word_continuation": {
      "n": 273221,
      "mean_loss": 1.3167153596878052
    },
    "other": {
      "n": 380343,
      "mean_loss": 1.1424883604049683
    }
  },
  "by_depth": {
    "0_initial": {
      "n": 580174,
      "mean_loss": 2.965240716934204
    },
    "1": {
      "n": 111688,
      "mean_loss": 1.7886887788772583
    },
    "2": {
      "n": 65341,
      "mean_loss": 1.2369403839111328
    },
    "3plus": {
      "n": 96192,
      "mean_loss": 0.8228986263275146
    }
  },
  "by_seqband_position": {
    "early_lt128": {
      "word_initial": {
        "n": 72585,
        "mean_loss": 3.3696022033691406
      },
      "word_continuation": {
        "n": 34258,
        "mean_loss": 1.8164905309677124
      }
    },
    "mid": {
      "word_initial": {
        "n": 362211,
        "mean_loss": 2.9169371128082275
      },
      "word_continuation": {
        "n": 171078,
        "mean_loss": 1.25279700756073
      }
    },
    "late": {
      "word_initial": {
        "n": 145378,
        "mean_loss": 2.883695602416992
      },
      "word_continuation": {
        "n": 67885,
        "mean_loss": 1.2255866527557373
      }
    }
  },
  "by_freqdecile_position": {
    "0": {
      "freq_range": [
        1.0,
        14.0
      ],
      "word_initial": {
        "n": 55046,
        "mean_loss": 5.172173023223877
      },
      "word_continuation": {
        "n": 29401,
        "mean_loss": 2.7933313846588135
      }
    },
    "1": {
      "freq_range": [
        14.0,
        35.0
      ],
      "word_initial": {
        "n": 55500,
        "mean_loss": 4.269330978393555
      },
      "word_continuation": {
        "n": 29716,
        "mean_loss": 1.8870688676834106
      }
    },
    "2": {
      "freq_range": [
        35.0,
        69.0
      ],
      "word_initial": {
        "n": 55345,
        "mean_loss": 3.9704222679138184
      },
      "word_continuation": {
        "n": 28638,
        "mean_loss": 1.5093441009521484
      }
    },
    "3": {
      "freq_range": [
        69.0,
        129.0
      ],
      "word_initial": {
        "n": 55452,
        "mean_loss": 3.579880714416504
      },
      "word_continuation": {
        "n": 32230,
        "mean_loss": 1.1874452829360962
      }
    },
    "4": {
      "freq_range": [
        129.0,
        235.0
      ],
      "word_initial": {
        "n": 50479,
        "mean_loss": 3.377972364425659
      },
      "word_continuation": {
        "n": 34160,
        "mean_loss": 1.0132074356079102
      }
    },
    "5": {
      "freq_range": [
        235.0,
        465.0
      ],
      "word_initial": {
        "n": 56546,
        "mean_loss": 2.96777081489563
      },
      "word_continuation": {
        "n": 29155,
        "mean_loss": 0.8626952171325684
      }
    },
    "6": {
      "freq_range": [
        465.0,
        982.0
      ],
      "word_initial": {
        "n": 52215,
        "mean_loss": 2.579510450363159
      },
      "word_continuation": {
        "n": 32724,
        "mean_loss": 1.169245719909668
      }
    },
    "7": {
      "freq_range": [
        982.0,
        2871.0
      ],
      "word_initial": {
        "n": 51711,
        "mean_loss": 2.208641529083252
      },
      "word_continuation": {
        "n": 33872,
        "mean_loss": 1.025181770324707
      }
    },
    "8": {
      "freq_range": [
        2871.0,
        12358.0
      ],
      "word_initial": {
        "n": 53459,
        "mean_loss": 1.5586495399475098
      },
      "word_continuation": {
        "n": 23325,
        "mean_loss": 0.3131846487522125
      }
    },
    "9": {
      "freq_range": [
        12358.0,
        32401.0
      ],
      "word_initial": {
        "n": 94421,
        "mean_loss": 1.163820743560791
      },
      "word_continuation": {
        "n": 0,
        "mean_loss": null
      }
    }
  },
  "by_wordfreqdecile_position": {
    "0": {
      "wordfreq_range": [
        1.0,
        1.0
      ],
      "word_initial": {
        "n": 0,
        "mean_loss": null
      },
      "word_continuation": {
        "n": 0,
        "mean_loss": null
      }
    },
    "1": {
      "wordfreq_range": [
        1.0,
        2.0
      ],
      "word_initial": {
        "n": 44485,
        "mean_loss": 4.485177040100098
      },
      "word_continuation": {
        "n": 116216,
        "mean_loss": 1.6795151233673096
      }
    },
    "2": {
      "wordfreq_range": [
        2.0,
        5.0
      ],
      "word_initial": {
        "n": 44810,
        "mean_loss": 4.350113868713379
      },
      "word_continuation": {
        "n": 50251,
        "mean_loss": 1.2574471235275269
      }
    },
    "3": {
      "wordfreq_range": [
        5.0,
        12.0
      ],
      "word_initial": {
        "n": 48494,
        "mean_loss": 4.108867168426514
      },
      "word_continuation": {
        "n": 30269,
        "mean_loss": 0.9357032179832458
      }
    },
    "4": {
      "wordfreq_range": [
        12.0,
        32.0
      ],
      "word_initial": {
        "n": 64423,
        "mean_loss": 3.7544209957122803
      },
      "word_continuation": {
        "n": 26797,
        "mean_loss": 0.888116717338562
      }
    },
    "5": {
      "wordfreq_range": [
        32.0,
        86.0
      ],
      "word_initial": {
        "n": 66555,
        "mean_loss": 3.4629836082458496
      },
      "word_continuation": {
        "n": 19470,
        "mean_loss": 0.9129324555397034
      }
    },
    "6": {
      "wordfreq_range": [
        86.0,
        270.0
      ],
      "word_initial": {
        "n": 72729,
        "mean_loss": 3.1158645153045654
      },
      "word_continuation": {
        "n": 12697,
        "mean_loss": 1.2131060361862183
      }
    },
    "7": {
      "wordfreq_range": [
        270.0,
        1543.0
      ],
      "word_initial": {
        "n": 74750,
        "mean_loss": 2.4957094192504883
      },
      "word_continuation": {
        "n": 9698,
        "mean_loss": 0.9830575585365295
      }
    },
    "8": {
      "wordfreq_range": [
        1543.0,
        12226.0
      ],
      "word_initial": {
        "n": 69897,
        "mean_loss": 1.89200758934021
      },
      "word_continuation": {
        "n": 7724,
        "mean_loss": 0.8162423968315125
      }
    },
    "9": {
      "wordfreq_range": [
        12226.0,
        32419.0
      ],
      "word_initial": {
        "n": 94031,
        "mean_loss": 1.1579645872116089
      },
      "word_continuation": {
        "n": 99,
        "mean_loss": 2.4457733631134033
      }
    }
  },
  "by_position_multitokenonly": {
    "word_initial": {
      "n": 159601,
      "mean_loss": 3.478672981262207
    },
    "word_continuation": {
      "n": 273221,
      "mean_loss": 1.3167153596878052
    }
  },
  "by_wordlen_position": {
    "len2_init": {
      "n": 96521,
      "mean_loss": 3.320922374725342
    },
    "len2_cont": {
      "n": 53079,
      "mean_loss": 1.587891697883606
    },
    "len3_init": {
      "n": 33069,
      "mean_loss": 4.151973247528076
    },
    "len3_cont": {
      "n": 61634,
      "mean_loss": 1.3754578828811646
    },
    "len4plus_init": {
      "n": 30011,
      "mean_loss": 3.2441225051879883
    },
    "len4plus_cont": {
      "n": 158508,
      "mean_loss": 1.203066110610962
    }
  },
  "by_wordfreqdecile_position_multitokenonly": {
    "0": {
      "wordfreq_range": [
        1.0,
        1.0
      ],
      "word_initial": {
        "n": 0,
        "mean_loss": null
      },
      "word_continuation": {
        "n": 0,
        "mean_loss": null
      }
    },
    "1": {
      "wordfreq_range": [
        1.0,
        1.0
      ],
      "word_initial": {
        "n": 0,
        "mean_loss": null
      },
      "word_continuation": {
        "n": 0,