{
  "model": "EleutherAI/pythia-410m",
  "n_pred_tokens": 1233738,
  "overall_mean_loss": 2.4097135066986084,
  "by_position": {
    "word_initial": {
      "n": 580174,
      "mean_loss": 3.4733617305755615
    },
    "word_continuation": {
      "n": 273221,
      "mean_loss": 1.7219125032424927
    },
    "other": {
      "n": 380343,
      "mean_loss": 1.2813152074813843
    }
  },
  "by_depth": {
    "0_initial": {
      "n": 580174,
      "mean_loss": 3.4733617305755615
    },
    "1": {
      "n": 111688,
      "mean_loss": 2.2172775268554688
    },
    "2": {
      "n": 65341,
      "mean_loss": 1.6631367206573486
    },
    "3plus": {
      "n": 96192,
      "mean_loss": 1.1866713762283325
    }
  },
  "by_seqband_position": {
    "early_lt128": {
      "word_initial": {
        "n": 72585,
        "mean_loss": 3.8739125728607178
      },
      "word_continuation": {
        "n": 34258,
        "mean_loss": 2.3051249980926514
      }
    },
    "mid": {
      "word_initial": {
        "n": 362211,
        "mean_loss": 3.425886392593384
      },
      "word_continuation": {
        "n": 171078,
        "mean_loss": 1.649967074394226
      }
    },
    "late": {
      "word_initial": {
        "n": 145378,
        "mean_loss": 3.3916590213775635
      },
      "word_continuation": {
        "n": 67885,
        "mean_loss": 1.6089060306549072
      }
    }
  },
  "by_freqdecile_position": {
    "0": {
      "freq_range": [
        1.0,
        14.0
      ],
      "word_initial": {
        "n": 55046,
        "mean_loss": 6.066696643829346
      },
      "word_continuation": {
        "n": 29401,
        "mean_loss": 3.486052989959717
      }
    },
    "1": {
      "freq_range": [
        14.0,
        35.0
      ],
      "word_initial": {
        "n": 55500,
        "mean_loss": 5.118781566619873
      },
      "word_continuation": {
        "n": 29716,
        "mean_loss": 2.457430362701416
      }
    },
    "2": {
      "freq_range": [
        35.0,
        69.0
      ],
      "word_initial": {
        "n": 55345,
        "mean_loss": 4.748733043670654
      },
      "word_continuation": {
        "n": 28638,
        "mean_loss": 2.0527682304382324
      }
    },
    "3": {
      "freq_range": [
        69.0,
        129.0
      ],
      "word_initial": {
        "n": 55452,
        "mean_loss": 4.261092185974121
      },
      "word_continuation": {
        "n": 32230,
        "mean_loss": 1.6777360439300537
      }
    },
    "4": {
      "freq_range": [
        129.0,
        235.0
      ],
      "word_initial": {
        "n": 50479,
        "mean_loss": 3.9995622634887695
      },
      "word_continuation": {
        "n": 34160,
        "mean_loss": 1.4296295642852783
      }
    },
    "5": {
      "freq_range": [
        235.0,
        465.0
      ],
      "word_initial": {
        "n": 56546,
        "mean_loss": 3.4843802452087402
      },
      "word_continuation": {
        "n": 29155,
        "mean_loss": 1.1582591533660889
      }
    },
    "6": {
      "freq_range": [
        465.0,
        982.0
      ],
      "word_initial": {
        "n": 52215,
        "mean_loss": 3.0083940029144287
      },
      "word_continuation": {
        "n": 32724,
        "mean_loss": 1.4856653213500977
      }
    },
    "7": {
      "freq_range": [
        982.0,
        2871.0
      ],
      "word_initial": {
        "n": 51711,
        "mean_loss": 2.448460340499878
      },
      "word_continuation": {
        "n": 33872,
        "mean_loss": 1.2698932886123657
      }
    },
    "8": {
      "freq_range": [
        2871.0,
        12358.0
      ],
      "word_initial": {
        "n": 53459,
        "mean_loss": 1.7782740592956543
      },
      "word_continuation": {
        "n": 23325,
        "mean_loss": 0.3364473283290863
      }
    },
    "9": {
      "freq_range": [
        12358.0,
        32401.0
      ],
      "word_initial": {
        "n": 94421,
        "mean_loss": 1.2743752002716064
      },
      "word_continuation": {
        "n": 0,
        "mean_loss": null
      }
    }
  },
  "by_wordfreqdecile_position": {
    "0": {
      "wordfreq_range": [
        1.0,
        1.0
      ],
      "word_initial": {
        "n": 0,
        "mean_loss": null
      },
      "word_continuation": {
        "n": 0,
        "mean_loss": null
      }
    },
    "1": {
      "wordfreq_range": [
        1.0,
        2.0
      ],
      "word_initial": {
        "n": 44485,
        "mean_loss": 5.324759006500244
      },
      "word_continuation": {
        "n": 116216,
        "mean_loss": 2.203984498977661
      }
    },
    "2": {
      "wordfreq_range": [
        2.0,
        5.0
      ],
      "word_initial": {
        "n": 44810,
        "mean_loss": 5.204376697540283
      },
      "word_continuation": {
        "n": 50251,
        "mean_loss": 1.7147717475891113
      }
    },
    "3": {
      "wordfreq_range": [
        5.0,
        12.0
      ],
      "word_initial": {
        "n": 48494,
        "mean_loss": 4.923491954803467
      },
      "word_continuation": {
        "n": 30269,
        "mean_loss": 1.2925463914871216
      }
    },
    "4": {
      "wordfreq_range": [
        12.0,
        32.0
      ],
      "word_initial": {
        "n": 64423,
        "mean_loss": 4.514151096343994
      },
      "word_continuation": {
        "n": 26797,
        "mean_loss": 1.169961929321289
      }
    },
    "5": {
      "wordfreq_range": [
        32.0,
        86.0
      ],
      "word_initial": {
        "n": 66555,
        "mean_loss": 4.105352878570557
      },
      "word_continuation": {
        "n": 19470,
        "mean_loss": 1.1538249254226685
      }
    },
    "6": {
      "wordfreq_range": [
        86.0,
        270.0
      ],
      "word_initial": {
        "n": 72729,
        "mean_loss": 3.6662404537200928
      },
      "word_continuation": {
        "n": 12697,
        "mean_loss": 1.3754119873046875
      }
    },
    "7": {
      "wordfreq_range": [
        270.0,
        1543.0
      ],
      "word_initial": {
        "n": 74750,
        "mean_loss": 2.8142805099487305
      },
      "word_continuation": {
        "n": 9698,
        "mean_loss": 1.068052887916565
      }
    },
    "8": {
      "wordfreq_range": [
        1543.0,
        12226.0
      ],
      "word_initial": {
        "n": 69897,
        "mean_loss": 2.089212417602539
      },
      "word_continuation": {
        "n": 7724,
        "mean_loss": 0.9186626672744751
      }
    },
    "9": {
      "wordfreq_range": [
        12226.0,
        32419.0
      ],
      "word_initial": {
        "n": 94031,
        "mean_loss": 1.267969012260437
      },
      "word_continuation": {
        "n": 99,
        "mean_loss": 3.0052719116210938
      }
    }
  },
  "by_position_multitokenonly": {
    "word_initial": {
      "n": 159601,
      "mean_loss": 4.249152660369873
    },
    "word_continuation": {
      "n": 273221,
      "mean_loss": 1.7219125032424927
    }
  },
  "by_wordlen_position": {
    "len2_init": {
      "n": 96521,
      "mean_loss": 4.075217247009277
    },
    "len2_cont": {
      "n": 53079,
      "mean_loss": 1.940798282623291
    },
    "len3_init": {
      "n": 33069,
      "mean_loss": 5.03737735748291
    },
    "len3_cont": {
      "n": 61634,
      "mean_loss": 1.78078293800354
    },
    "len4plus_init": {
      "n": 30011,
      "mean_loss": 3.9400196075439453
    },
    "len4plus_cont": {
      "n": 158508,
      "mean_loss": 1.6257238388061523
    }
  },
  "by_wordfreqdecile_position_multitokenonly": {
    "0": {
      "wordfreq_range": [
        1.0,
        1.0
      ],
      "word_initial": {
        "n": 0,
        "mean_loss": null
      },
      "word_continuation": {
        "n": 0,
        "mean_loss": null
      }
    },
    "1": {
      "wordfreq_range": [
        1.0,
        1.0
      ],
      "word_initial": {
        "n": 0,
        "mean_loss": null
      },
      "word_continuation": {
        "n": 0,