{
  "model": "EleutherAI/pythia-6.9b",
  "n_pred_tokens": 1233738,
  "overall_mean_loss": 1.7496731281280518,
  "by_position": {
    "word_initial": {
      "n": 580174,
      "mean_loss": 2.583085775375366
    },
    "word_continuation": {
      "n": 273221,
      "mean_loss": 1.0289080142974854
    },
    "other": {
      "n": 380343,
      "mean_loss": 0.9961537718772888
    }
  },
  "by_depth": {
    "0_initial": {
      "n": 580174,
      "mean_loss": 2.583085775375366
    },
    "1": {
      "n": 111688,
      "mean_loss": 1.47616446018219
    },
    "2": {
      "n": 65341,
      "mean_loss": 0.9340701103210449
    },
    "3plus": {
      "n": 96192,
      "mean_loss": 0.5740224719047546
    }
  },
  "by_seqband_position": {
    "early_lt128": {
      "word_initial": {
        "n": 72585,
        "mean_loss": 2.9977638721466064
      },
      "word_continuation": {
        "n": 34258,
        "mean_loss": 1.4786559343338013
      }
    },
    "mid": {
      "word_initial": {
        "n": 362211,
        "mean_loss": 2.5318856239318848
      },
      "word_continuation": {
        "n": 171078,
        "mean_loss": 0.9691137671470642
      }
    },
    "late": {
      "word_initial": {
        "n": 145378,
        "mean_loss": 2.5036098957061768
      },
      "word_continuation": {
        "n": 67885,
        "mean_loss": 0.9526321887969971
      }
    }
  },
  "by_freqdecile_position": {
    "0": {
      "freq_range": [
        1.0,
        14.0
      ],
      "word_initial": {
        "n": 55046,
        "mean_loss": 4.489272594451904
      },
      "word_continuation": {
        "n": 29401,
        "mean_loss": 2.2795169353485107
      }
    },
    "1": {
      "freq_range": [
        14.0,
        35.0
      ],
      "word_initial": {
        "n": 55500,
        "mean_loss": 3.678901433944702
      },
      "word_continuation": {
        "n": 29716,
        "mean_loss": 1.489517092704773
      }
    },
    "2": {
      "freq_range": [
        35.0,
        69.0
      ],
      "word_initial": {
        "n": 55345,
        "mean_loss": 3.4111454486846924
      },
      "word_continuation": {
        "n": 28638,
        "mean_loss": 1.1393489837646484
      }
    },
    "3": {
      "freq_range": [
        69.0,
        129.0
      ],
      "word_initial": {
        "n": 55452,
        "mean_loss": 3.0934340953826904
      },
      "word_continuation": {
        "n": 32230,
        "mean_loss": 0.8819220066070557
      }
    },
    "4": {
      "freq_range": [
        129.0,
        235.0
      ],
      "word_initial": {
        "n": 50479,
        "mean_loss": 2.9256739616394043
      },
      "word_continuation": {
        "n": 34160,
        "mean_loss": 0.7611474394798279
      }
    },
    "5": {
      "freq_range": [
        235.0,
        465.0
      ],
      "word_initial": {
        "n": 56546,
        "mean_loss": 2.5677082538604736
      },
      "word_continuation": {
        "n": 29155,
        "mean_loss": 0.632333517074585
      }
    },
    "6": {
      "freq_range": [
        465.0,
        982.0
      ],
      "word_initial": {
        "n": 52215,
        "mean_loss": 2.235384464263916
      },
      "word_continuation": {
        "n": 32724,
        "mean_loss": 0.9125168919563293
      }
    },
    "7": {
      "freq_range": [
        982.0,
        2871.0
      ],
      "word_initial": {
        "n": 51711,
        "mean_loss": 1.9780752658843994
      },
      "word_continuation": {
        "n": 33872,
        "mean_loss": 0.8591305017471313
      }
    },
    "8": {
      "freq_range": [
        2871.0,
        12358.0
      ],
      "word_initial": {
        "n": 53459,
        "mean_loss": 1.3898608684539795
      },
      "word_continuation": {
        "n": 23325,
        "mean_loss": 0.23089182376861572
      }
    },
    "9": {
      "freq_range": [
        12358.0,
        32401.0
      ],
      "word_initial": {
        "n": 94421,
        "mean_loss": 1.0678638219833374
      },
      "word_continuation": {
        "n": 0,
        "mean_loss": null
      }
    }
  },
  "by_wordfreqdecile_position": {
    "0": {
      "wordfreq_range": [
        1.0,
        1.0
      ],
      "word_initial": {
        "n": 0,
        "mean_loss": null
      },
      "word_continuation": {
        "n": 0,
        "mean_loss": null
      }
    },
    "1": {
      "wordfreq_range": [
        1.0,
        2.0
      ],
      "word_initial": {
        "n": 44485,
        "mean_loss": 3.8056282997131348
      },
      "word_continuation": {
        "n": 116216,
        "mean_loss": 1.2765579223632812
      }
    },
    "2": {
      "wordfreq_range": [
        2.0,
        5.0
      ],
      "word_initial": {
        "n": 44810,
        "mean_loss": 3.702110528945923
      },
      "word_continuation": {
        "n": 50251,
        "mean_loss": 0.9482706785202026
      }
    },
    "3": {
      "wordfreq_range": [
        5.0,
        12.0
      ],
      "word_initial": {
        "n": 48494,
        "mean_loss": 3.507430076599121
      },
      "word_continuation": {
        "n": 30269,
        "mean_loss": 0.7310026288032532
      }
    },
    "4": {
      "wordfreq_range": [
        12.0,
        32.0
      ],
      "word_initial": {
        "n": 64423,
        "mean_loss": 3.228973865509033
      },
      "word_continuation": {
        "n": 26797,
        "mean_loss": 0.7425369024276733
      }
    },
    "5": {
      "wordfreq_range": [
        32.0,
        86.0
      ],
      "word_initial": {
        "n": 66555,
        "mean_loss": 3.005096197128296
      },
      "word_continuation": {
        "n": 19470,
        "mean_loss": 0.7661070227622986
      }
    },
    "6": {
      "wordfreq_range": [
        86.0,
        270.0
      ],
      "word_initial": {
        "n": 72729,
        "mean_loss": 2.74633526802063
      },
      "word_continuation": {
        "n": 12697,
        "mean_loss": 1.0302852392196655
      }
    },
    "7": {
      "wordfreq_range": [
        270.0,
        1543.0
      ],
      "word_initial": {
        "n": 74750,
        "mean_loss": 2.221403121948242
      },
      "word_continuation": {
        "n": 9698,
        "mean_loss": 0.8845857977867126
      }
    },
    "8": {
      "wordfreq_range": [
        1543.0,
        12226.0
      ],
      "word_initial": {
        "n": 69897,
        "mean_loss": 1.7112596035003662
      },
      "word_continuation": {
        "n": 7724,
        "mean_loss": 0.8147299885749817
      }
    },
    "9": {
      "wordfreq_range": [
        12226.0,
        32419.0
      ],
      "word_initial": {
        "n": 94031,
        "mean_loss": 1.0628489255905151
      },
      "word_continuation": {
        "n": 99,
        "mean_loss": 2.196882724761963
      }
    }
  },
  "by_position_multitokenonly": {
    "word_initial": {
      "n": 159601,
      "mean_loss": 2.9154717922210693
    },
    "word_continuation": {
      "n": 273221,
      "mean_loss": 1.0289080142974854
    }
  },
  "by_wordlen_position": {
    "len2_init": {
      "n": 96521,
      "mean_loss": 2.80273699760437
    },
    "len2_cont": {
      "n": 53079,
      "mean_loss": 1.3448132276535034
    },
    "len3_init": {
      "n": 33069,
      "mean_loss": 3.463975191116333
    },
    "len3_cont": {
      "n": 61634,
      "mean_loss": 1.0977414846420288
    },
    "len4plus_init": {
      "n": 30011,
      "mean_loss": 2.6736552715301514
    },
    "len4plus_cont": {
      "n": 158508,
      "mean_loss": 0.8963569402694702
    }
  },
  "by_wordfreqdecile_position_multitokenonly": {
    "0": {
      "wordfreq_range": [
        1.0,
        1.0
      ],
      "word_initial": {
        "n": 0,
        "mean_loss": null
      },
      "word_continuation": {
        "n": 0,
        "mean_loss": null
      }
    },
    "1": {
      "wordfreq_range": [
        1.0,
        1.0
      ],
      "word_initial": {
        "n": 0,
        "mean_loss": null
      },
      "word_continuation": {
        "n": 0,