{
  "model": "EleutherAI/pythia-1.4b",
  "n_pred_tokens": 1233738,
  "overall_mean_loss": 2.2511167526245117,
  "by_position": {
    "word_initial": {
      "n": 580174,
      "mean_loss": 3.256704568862915
    },
    "word_continuation": {
      "n": 273221,
      "mean_loss": 1.5360002517700195
    },
    "other": {
      "n": 380343,
      "mean_loss": 1.2309030294418335
    }
  },
  "by_depth": {
    "0_initial": {
      "n": 580174,
      "mean_loss": 3.256704568862915
    },
    "1": {
      "n": 111688,
      "mean_loss": 2.014704704284668
    },
    "2": {
      "n": 65341,
      "mean_loss": 1.4748035669326782
    },
    "3plus": {
      "n": 96192,
      "mean_loss": 1.021748661994934
    }
  },
  "by_seqband_position": {
    "early_lt128": {
      "word_initial": {
        "n": 72585,
        "mean_loss": 3.6572704315185547
      },
      "word_continuation": {
        "n": 34258,
        "mean_loss": 2.074052572250366
      }
    },
    "mid": {
      "word_initial": {
        "n": 362211,
        "mean_loss": 3.2106666564941406
      },
      "word_continuation": {
        "n": 171078,
        "mean_loss": 1.4695461988449097
      }
    },
    "late": {
      "word_initial": {
        "n": 145378,
        "mean_loss": 3.171412706375122
      },
      "word_continuation": {
        "n": 67885,
        "mean_loss": 1.4319454431533813
      }
    }
  },
  "by_freqdecile_position": {
    "0": {
      "freq_range": [
        1.0,
        14.0
      ],
      "word_initial": {
        "n": 55046,
        "mean_loss": 5.666780948638916
      },
      "word_continuation": {
        "n": 29401,
        "mean_loss": 3.1688244342803955
      }
    },
    "1": {
      "freq_range": [
        14.0,
        35.0
      ],
      "word_initial": {
        "n": 55500,
        "mean_loss": 4.737608432769775
      },
      "word_continuation": {
        "n": 29716,
        "mean_loss": 2.1954896450042725
      }
    },
    "2": {
      "freq_range": [
        35.0,
        69.0
      ],
      "word_initial": {
        "n": 55345,
        "mean_loss": 4.392279148101807
      },
      "word_continuation": {
        "n": 28638,
        "mean_loss": 1.786920189857483
      }
    },
    "3": {
      "freq_range": [
        69.0,
        129.0
      ],
      "word_initial": {
        "n": 55452,
        "mean_loss": 3.9768433570861816
      },
      "word_continuation": {
        "n": 32230,
        "mean_loss": 1.4402083158493042
      }
    },
    "4": {
      "freq_range": [
        129.0,
        235.0
      ],
      "word_initial": {
        "n": 50479,
        "mean_loss": 3.7402238845825195
      },
      "word_continuation": {
        "n": 34160,
        "mean_loss": 1.2016340494155884
      }
    },
    "5": {
      "freq_range": [
        235.0,
        465.0
      ],
      "word_initial": {
        "n": 56546,
        "mean_loss": 3.2705657482147217
      },
      "word_continuation": {
        "n": 29155,
        "mean_loss": 1.0497747659683228
      }
    },
    "6": {
      "freq_range": [
        465.0,
        982.0
      ],
      "word_initial": {
        "n": 52215,
        "mean_loss": 2.8368146419525146
      },
      "word_continuation": {
        "n": 32724,
        "mean_loss": 1.3684810400009155
      }
    },
    "7": {
      "freq_range": [
        982.0,
        2871.0
      ],
      "word_initial": {
        "n": 51711,
        "mean_loss": 2.319272518157959
      },
      "word_continuation": {
        "n": 33872,
        "mean_loss": 1.172921895980835
      }
    },
    "8": {
      "freq_range": [
        2871.0,
        12358.0
      ],
      "word_initial": {
        "n": 53459,
        "mean_loss": 1.689442753791809
      },
      "word_continuation": {
        "n": 23325,
        "mean_loss": 0.32165560126304626
      }
    },
    "9": {
      "freq_range": [
        12358.0,
        32401.0
      ],
      "word_initial": {
        "n": 94421,
        "mean_loss": 1.2588046789169312
      },
      "word_continuation": {
        "n": 0,
        "mean_loss": null
      }
    }
  },
  "by_wordfreqdecile_position": {
    "0": {
      "wordfreq_range": [
        1.0,
        1.0
      ],
      "word_initial": {
        "n": 0,
        "mean_loss": null
      },
      "word_continuation": {
        "n": 0,
        "mean_loss": null
      }
    },
    "1": {
      "wordfreq_range": [
        1.0,
        2.0
      ],
      "word_initial": {
        "n": 44485,
        "mean_loss": 4.941751956939697
      },
      "word_continuation": {
        "n": 116216,
        "mean_loss": 1.9717729091644287
      }
    },
    "2": {
      "wordfreq_range": [
        2.0,
        5.0
      ],
      "word_initial": {
        "n": 44810,
        "mean_loss": 4.826315879821777
      },
      "word_continuation": {
        "n": 50251,
        "mean_loss": 1.5136994123458862
      }
    },
    "3": {
      "wordfreq_range": [
        5.0,
        12.0
      ],
      "word_initial": {
        "n": 48494,
        "mean_loss": 4.5637736320495605
      },
      "word_continuation": {
        "n": 30269,
        "mean_loss": 1.1182550191879272
      }
    },
    "4": {
      "wordfreq_range": [
        12.0,
        32.0
      ],
      "word_initial": {
        "n": 64423,
        "mean_loss": 4.175043106079102
      },
      "word_continuation": {
        "n": 26797,
        "mean_loss": 1.0353846549987793
      }
    },
    "5": {
      "wordfreq_range": [
        32.0,
        86.0
      ],
      "word_initial": {
        "n": 66555,
        "mean_loss": 3.8354904651641846
      },
      "word_continuation": {
        "n": 19470,
        "mean_loss": 1.0203170776367188
      }
    },
    "6": {
      "wordfreq_range": [
        86.0,
        270.0
      ],
      "word_initial": {
        "n": 72729,
        "mean_loss": 3.426198720932007
      },
      "word_continuation": {
        "n": 12697,
        "mean_loss": 1.281355857849121
      }
    },
    "7": {
      "wordfreq_range": [
        270.0,
        1543.0
      ],
      "word_initial": {
        "n": 74750,
        "mean_loss": 2.677206516265869
      },
      "word_continuation": {
        "n": 9698,
        "mean_loss": 0.9964194893836975
      }
    },
    "8": {
      "wordfreq_range": [
        1543.0,
        12226.0
      ],
      "word_initial": {
        "n": 69897,
        "mean_loss": 2.0131711959838867
      },
      "word_continuation": {
        "n": 7724,
        "mean_loss": 0.8774468302726746
      }
    },
    "9": {
      "wordfreq_range": [
        12226.0,
        32419.0
      ],
      "word_initial": {
        "n": 94031,
        "mean_loss": 1.2525545358657837
      },
      "word_continuation": {
        "n": 99,
        "mean_loss": 2.8460285663604736
      }
    }
  },
  "by_position_multitokenonly": {
    "word_initial": {
      "n": 159601,
      "mean_loss": 3.905734062194824
    },
    "word_continuation": {
      "n": 273221,
      "mean_loss": 1.5360002517700195
    }
  },
  "by_wordlen_position": {
    "len2_init": {
      "n": 96521,
      "mean_loss": 3.7415685653686523
    },
    "len2_cont": {
      "n": 53079,
      "mean_loss": 1.7661216259002686
    },
    "len3_init": {
      "n": 33069,
      "mean_loss": 4.6419806480407715
    },
    "len3_cont": {
      "n": 61634,
      "mean_loss": 1.5999326705932617
    },
    "len4plus_init": {
      "n": 30011,
      "mean_loss": 3.6224565505981445
    },
    "len4plus_cont": {
      "n": 158508,
      "mean_loss": 1.4340808391571045
    }
  },
  "by_wordfreqdecile_position_multitokenonly": {
    "0": {
      "wordfreq_range": [
        1.0,
        1.0
      ],
      "word_initial": {
        "n": 0,
        "mean_loss": null
      },
      "word_continuation": {
        "n": 0,
        "mean_loss": null
      }
    },
    "1": {
      "wordfreq_range": [
        1.0,
        1.0
      ],
      "word_initial": {
        "n": 0,
        "mean_loss": null
      },
      "word_continuation": {
        "n": 0,