{
  "model": "EleutherAI/pythia-6.9b",
  "n_pred_tokens": 1233738,
  "overall_mean_loss": 2.0727195739746094,
  "by_position": {
    "word_initial": {
      "n": 580174,
      "mean_loss": 3.0150163173675537
    },
    "word_continuation": {
      "n": 273221,
      "mean_loss": 1.3527334928512573
    },
    "other": {
      "n": 380343,
      "mean_loss": 1.152547836303711
    }
  },
  "by_depth": {
    "0_initial": {
      "n": 580174,
      "mean_loss": 3.0150163173675537
    },
    "1": {
      "n": 111688,
      "mean_loss": 1.8227187395095825
    },
    "2": {
      "n": 65341,
      "mean_loss": 1.2745782136917114
    },
    "3plus": {
      "n": 96192,
      "mean_loss": 0.8601251244544983
    }
  },
  "by_seqband_position": {
    "early_lt128": {
      "word_initial": {
        "n": 72585,
        "mean_loss": 3.414363145828247
      },
      "word_continuation": {
        "n": 34258,
        "mean_loss": 1.8433713912963867
      }
    },
    "mid": {
      "word_initial": {
        "n": 362211,
        "mean_loss": 2.967775344848633
      },
      "word_continuation": {
        "n": 171078,
        "mean_loss": 1.2894872426986694
      }
    },
    "late": {
      "word_initial": {
        "n": 145378,
        "mean_loss": 2.933331251144409
      },
      "word_continuation": {
        "n": 67885,
        "mean_loss": 1.2645220756530762
      }
    }
  },
  "by_freqdecile_position": {
    "0": {
      "freq_range": [
        1.0,
        14.0
      ],
      "word_initial": {
        "n": 55046,
        "mean_loss": 5.2747673988342285
      },
      "word_continuation": {
        "n": 29401,
        "mean_loss": 2.871441125869751
      }
    },
    "1": {
      "freq_range": [
        14.0,
        35.0
      ],
      "word_initial": {
        "n": 55500,
        "mean_loss": 4.3573527336120605
      },
      "word_continuation": {
        "n": 29716,
        "mean_loss": 1.9437154531478882
      }
    },
    "2": {
      "freq_range": [
        35.0,
        69.0
      ],
      "word_initial": {
        "n": 55345,
        "mean_loss": 4.038185119628906
      },
      "word_continuation": {
        "n": 28638,
        "mean_loss": 1.5507642030715942
      }
    },
    "3": {
      "freq_range": [
        69.0,
        129.0
      ],
      "word_initial": {
        "n": 55452,
        "mean_loss": 3.6660473346710205
      },
      "word_continuation": {
        "n": 32230,
        "mean_loss": 1.2276827096939087
      }
    },
    "4": {
      "freq_range": [
        129.0,
        235.0
      ],
      "word_initial": {
        "n": 50479,
        "mean_loss": 3.431453227996826
      },
      "word_continuation": {
        "n": 34160,
        "mean_loss": 1.0169893503189087
      }
    },
    "5": {
      "freq_range": [
        235.0,
        465.0
      ],
      "word_initial": {
        "n": 56546,
        "mean_loss": 3.0125207901000977
      },
      "word_continuation": {
        "n": 29155,
        "mean_loss": 0.898633599281311
      }
    },
    "6": {
      "freq_range": [
        465.0,
        982.0
      ],
      "word_initial": {
        "n": 52215,
        "mean_loss": 2.6092381477355957
      },
      "word_continuation": {
        "n": 32724,
        "mean_loss": 1.1984423398971558
      }
    },
    "7": {
      "freq_range": [
        982.0,
        2871.0
      ],
      "word_initial": {
        "n": 51711,
        "mean_loss": 2.21016526222229
      },
      "word_continuation": {
        "n": 33872,
        "mean_loss": 1.0825978517532349
      }
    },
    "8": {
      "freq_range": [
        2871.0,
        12358.0
      ],
      "word_initial": {
        "n": 53459,
        "mean_loss": 1.572609543800354
      },
      "word_continuation": {
        "n": 23325,
        "mean_loss": 0.28321126103401184
      }
    },
    "9": {
      "freq_range": [
        12358.0,
        32401.0
      ],
      "word_initial": {
        "n": 94421,
        "mean_loss": 1.187230110168457
      },
      "word_continuation": {
        "n": 0,
        "mean_loss": null
      }
    }
  },
  "by_wordfreqdecile_position": {
    "0": {
      "wordfreq_range": [
        1.0,
        1.0
      ],
      "word_initial": {
        "n": 0,
        "mean_loss": null
      },
      "word_continuation": {
        "n": 0,
        "mean_loss": null
      }
    },
    "1": {
      "wordfreq_range": [
        1.0,
        2.0
      ],
      "word_initial": {
        "n": 44485,
        "mean_loss": 4.571483135223389
      },
      "word_continuation": {
        "n": 116216,
        "mean_loss": 1.7309691905975342
      }
    },
    "2": {
      "wordfreq_range": [
        2.0,
        5.0
      ],
      "word_initial": {
        "n": 44810,
        "mean_loss": 4.443319797515869
      },
      "word_continuation": {
        "n": 50251,
        "mean_loss": 1.3014477491378784
      }
    },
    "3": {
      "wordfreq_range": [
        5.0,
        12.0
      ],
      "word_initial": {
        "n": 48494,
        "mean_loss": 4.1923956871032715
      },
      "word_continuation": {
        "n": 30269,
        "mean_loss": 0.9649186134338379
      }
    },
    "4": {
      "wordfreq_range": [
        12.0,
        32.0
      ],
      "word_initial": {
        "n": 64423,
        "mean_loss": 3.829770088195801
      },
      "word_continuation": {
        "n": 26797,
        "mean_loss": 0.9136719107627869
      }
    },
    "5": {
      "wordfreq_range": [
        32.0,
        86.0
      ],
      "word_initial": {
        "n": 66555,
        "mean_loss": 3.5401673316955566
      },
      "word_continuation": {
        "n": 19470,
        "mean_loss": 0.9231072664260864
      }
    },
    "6": {
      "wordfreq_range": [
        86.0,
        270.0
      ],
      "word_initial": {
        "n": 72729,
        "mean_loss": 3.164391040802002
      },
      "word_continuation": {
        "n": 12697,
        "mean_loss": 1.181300401687622
      }
    },
    "7": {
      "wordfreq_range": [
        270.0,
        1543.0
      ],
      "word_initial": {
        "n": 74750,
        "mean_loss": 2.5008859634399414
      },
      "word_continuation": {
        "n": 9698,
        "mean_loss": 0.9335604906082153
      }
    },
    "8": {
      "wordfreq_range": [
        1543.0,
        12226.0
      ],
      "word_initial": {
        "n": 69897,
        "mean_loss": 1.9020341634750366
      },
      "word_continuation": {
        "n": 7724,
        "mean_loss": 0.9149742722511292
      }
    },
    "9": {
      "wordfreq_range": [
        12226.0,
        32419.0
      ],
      "word_initial": {
        "n": 94031,
        "mean_loss": 1.1814045906066895
      },
      "word_continuation": {
        "n": 99,
        "mean_loss": 2.487291097640991
      }
    }
  },
  "by_position_multitokenonly": {
    "word_initial": {
      "n": 159601,
      "mean_loss": 3.556952476501465
    },
    "word_continuation": {
      "n": 273221,
      "mean_loss": 1.3527334928512573
    }
  },
  "by_wordlen_position": {
    "len2_init": {
      "n": 96521,
      "mean_loss": 3.3969075679779053
    },
    "len2_cont": {
      "n": 53079,
      "mean_loss": 1.617258906364441
    },
    "len3_init": {
      "n": 33069,
      "mean_loss": 4.24281644821167
    },
    "len3_cont": {
      "n": 61634,
      "mean_loss": 1.4086134433746338
    },
    "len4plus_init": {
      "n": 30011,
      "mean_loss": 3.3159399032592773
    },
    "len4plus_cont": {
      "n": 158508,
      "mean_loss": 1.2424246072769165
    }
  },
  "by_wordfreqdecile_position_multitokenonly": {
    "0": {
      "wordfreq_range": [
        1.0,
        1.0
      ],
      "word_initial": {
        "n": 0,
        "mean_loss": null
      },
      "word_continuation": {
        "n": 0,
        "mean_loss": null
      }
    },
    "1": {
      "wordfreq_range": [
        1.0,
        1.0
      ],
      "word_initial": {
        "n": 0,
        "mean_loss": null
      },
      "word_continuation": {
        "n": 0,