{
  "model": "EleutherAI/pythia-1b",
  "n_pred_tokens": 1233738,
  "overall_mean_loss": 4.044018268585205,
  "by_position": {
    "word_initial": {
      "n": 580174,
      "mean_loss": 5.353221416473389
    },
    "word_continuation": {
      "n": 273221,
      "mean_loss": 3.7595889568328857
    },
    "other": {
      "n": 380343,
      "mean_loss": 2.251283645629883
    }
  },
  "by_depth": {
    "0_initial": {
      "n": 580174,
      "mean_loss": 5.353221416473389
    },
    "1": {
      "n": 111688,
      "mean_loss": 4.083087921142578
    },
    "2": {
      "n": 65341,
      "mean_loss": 4.0726423263549805
    },
    "3plus": {
      "n": 96192,
      "mean_loss": 3.17132568359375
    }
  },
  "by_seqband_position": {
    "early_lt128": {
      "word_initial": {
        "n": 72585,
        "mean_loss": 5.69523811340332
      },
      "word_continuation": {
        "n": 34258,
        "mean_loss": 4.537714958190918
      }
    },
    "mid": {
      "word_initial": {
        "n": 362211,
        "mean_loss": 5.319088935852051
      },
      "word_continuation": {
        "n": 171078,
        "mean_loss": 3.6855404376983643
      }
    },
    "late": {
      "word_initial": {
        "n": 145378,
        "mean_loss": 5.267500877380371
      },
      "word_continuation": {
        "n": 67885,
        "mean_loss": 3.5535194873809814
      }
    }
  },
  "by_freqdecile_position": {
    "0": {
      "freq_range": [
        1.0,
        14.0
      ],
      "word_initial": {
        "n": 55046,
        "mean_loss": 8.59833812713623
      },
      "word_continuation": {
        "n": 29401,
        "mean_loss": 5.996992111206055
      }
    },
    "1": {
      "freq_range": [
        14.0,
        35.0
      ],
      "word_initial": {
        "n": 55500,
        "mean_loss": 7.712774753570557
      },
      "word_continuation": {
        "n": 29716,
        "mean_loss": 5.036365985870361
      }
    },
    "2": {
      "freq_range": [
        35.0,
        69.0
      ],
      "word_initial": {
        "n": 55345,
        "mean_loss": 7.2973527908325195
      },
      "word_continuation": {
        "n": 28638,
        "mean_loss": 4.573720455169678
      }
    },
    "3": {
      "freq_range": [
        69.0,
        129.0
      ],
      "word_initial": {
        "n": 55452,
        "mean_loss": 6.816132545471191
      },
      "word_continuation": {
        "n": 32230,
        "mean_loss": 4.031280040740967
      }
    },
    "4": {
      "freq_range": [
        129.0,
        235.0
      ],
      "word_initial": {
        "n": 50479,
        "mean_loss": 6.304935455322266
      },
      "word_continuation": {
        "n": 34160,
        "mean_loss": 3.694234609603882
      }
    },
    "5": {
      "freq_range": [
        235.0,
        465.0
      ],
      "word_initial": {
        "n": 56546,
        "mean_loss": 5.482024669647217
      },
      "word_continuation": {
        "n": 29155,
        "mean_loss": 3.2917096614837646
      }
    },
    "6": {
      "freq_range": [
        465.0,
        982.0
      ],
      "word_initial": {
        "n": 52215,
        "mean_loss": 4.824034214019775
      },
      "word_continuation": {
        "n": 32724,
        "mean_loss": 3.2371151447296143
      }
    },
    "7": {
      "freq_range": [
        982.0,
        2871.0
      ],
      "word_initial": {
        "n": 51711,
        "mean_loss": 3.9630892276763916
      },
      "word_continuation": {
        "n": 33872,
        "mean_loss": 2.5298070907592773
      }
    },
    "8": {
      "freq_range": [
        2871.0,
        12358.0
      ],
      "word_initial": {
        "n": 53459,
        "mean_loss": 2.7750942707061768
      },
      "word_continuation": {
        "n": 23325,
        "mean_loss": 1.1371567249298096
      }
    },
    "9": {
      "freq_range": [
        12358.0,
        32401.0
      ],
      "word_initial": {
        "n": 94421,
        "mean_loss": 2.0034449100494385
      },
      "word_continuation": {
        "n": 0,
        "mean_loss": null
      }
    }
  },
  "by_wordfreqdecile_position": {
    "0": {
      "wordfreq_range": [
        1.0,
        1.0
      ],
      "word_initial": {
        "n": 0,
        "mean_loss": null
      },
      "word_continuation": {
        "n": 0,
        "mean_loss": null
      }
    },
    "1": {
      "wordfreq_range": [
        1.0,
        2.0
      ],
      "word_initial": {
        "n": 44485,
        "mean_loss": 7.433276653289795
      },
      "word_continuation": {
        "n": 116216,
        "mean_loss": 4.495601654052734
      }
    },
    "2": {
      "wordfreq_range": [
        2.0,
        5.0
      ],
      "word_initial": {
        "n": 44810,
        "mean_loss": 7.724236965179443
      },
      "word_continuation": {
        "n": 50251,
        "mean_loss": 3.737846612930298
      }
    },
    "3": {
      "wordfreq_range": [
        5.0,
        12.0
      ],
      "word_initial": {
        "n": 48494,
        "mean_loss": 7.4533371925354
      },
      "word_continuation": {
        "n": 30269,
        "mean_loss": 3.286545753479004
      }
    },
    "4": {
      "wordfreq_range": [
        12.0,
        32.0
      ],
      "word_initial": {
        "n": 64423,
        "mean_loss": 7.072623252868652
      },
      "word_continuation": {
        "n": 26797,
        "mean_loss": 3.122791051864624
      }
    },
    "5": {
      "wordfreq_range": [
        32.0,
        86.0
      ],
      "word_initial": {
        "n": 66555,
        "mean_loss": 6.597451210021973
      },
      "word_continuation": {
        "n": 19470,
        "mean_loss": 2.9377479553222656
      }
    },
    "6": {
      "wordfreq_range": [
        86.0,
        270.0
      ],
      "word_initial": {
        "n": 72729,
        "mean_loss": 5.808279514312744
      },
      "word_continuation": {
        "n": 12697,
        "mean_loss": 3.145371198654175
      }
    },
    "7": {
      "wordfreq_range": [
        270.0,
        1543.0
      ],
      "word_initial": {
        "n": 74750,
        "mean_loss": 4.535898208618164
      },
      "word_continuation": {
        "n": 9698,
        "mean_loss": 2.5175514221191406
      }
    },
    "8": {
      "wordfreq_range": [
        1543.0,
        12226.0
      ],
      "word_initial": {
        "n": 69897,
        "mean_loss": 3.1985585689544678
      },
      "word_continuation": {
        "n": 7724,
        "mean_loss": 1.527038812637329
      }
    },
    "9": {
      "wordfreq_range": [
        12226.0,
        32419.0
      ],
      "word_initial": {
        "n": 94031,
        "mean_loss": 1.9969384670257568
      },
      "word_continuation": {
        "n": 99,
        "mean_loss": 4.046201705932617
      }
    }
  },
  "by_position_multitokenonly": {
    "word_initial": {
      "n": 159601,
      "mean_loss": 6.722801685333252
    },
    "word_continuation": {
      "n": 273221,
      "mean_loss": 3.7595889568328857
    }
  },
  "by_wordlen_position": {
    "len2_init": {
      "n": 96521,
      "mean_loss": 6.6998372077941895
    },
    "len2_cont": {
      "n": 53079,
      "mean_loss": 3.573017120361328
    },
    "len3_init": {
      "n": 33069,
      "mean_loss": 7.546426773071289
    },
    "len3_cont": {
      "n": 61634,
      "mean_loss": 3.847684621810913
    },
    "len4plus_init": {
      "n": 30011,
      "mean_loss": 5.889106273651123
    },
    "len4plus_cont": {
      "n": 158508,
      "mean_loss": 3.7878103256225586
    }
  },
  "by_wordfreqdecile_position_multitokenonly": {
    "0": {
      "wordfreq_range": [
        1.0,
        1.0
      ],
      "word_initial": {
        "n": 0,
        "mean_loss": null
      },
      "word_continuation": {
        "n": 0,
        "mean_loss": null
      }
    },
    "1": {
      "wordfreq_range": [
        1.0,
        1.0
      ],
      "word_initial": {
        "n": 0,
        "mean_loss": null
      },
      "word_continuation": {
        "n": 0,