{
  "model": "EleutherAI/pythia-12b",
  "n_pred_tokens": 1233738,
  "overall_mean_loss": 2.1416285037994385,
  "by_position": {
    "word_initial": {
      "n": 580174,
      "mean_loss": 3.099057912826538
    },
    "word_continuation": {
      "n": 273221,
      "mean_loss": 1.4206585884094238
    },
    "other": {
      "n": 380343,
      "mean_loss": 1.199079990386963
    }
  },
  "by_depth": {
    "0_initial": {
      "n": 580174,
      "mean_loss": 3.099057912826538
    },
    "1": {
      "n": 111688,
      "mean_loss": 1.893554449081421
    },
    "2": {
      "n": 65341,
      "mean_loss": 1.353506088256836
    },
    "3plus": {
      "n": 96192,
      "mean_loss": 0.9171967506408691
    }
  },
  "by_seqband_position": {
    "early_lt128": {
      "word_initial": {
        "n": 72585,
        "mean_loss": 3.5010406970977783
      },
      "word_continuation": {
        "n": 34258,
        "mean_loss": 1.9400897026062012
      }
    },
    "mid": {
      "word_initial": {
        "n": 362211,
        "mean_loss": 3.0504965782165527
      },
      "word_continuation": {
        "n": 171078,
        "mean_loss": 1.3551050424575806
      }
    },
    "late": {
      "word_initial": {
        "n": 145378,
        "mean_loss": 3.019346237182617
      },
      "word_continuation": {
        "n": 67885,
        "mean_loss": 1.3237310647964478
      }
    }
  },
  "by_freqdecile_position": {
    "0": {
      "freq_range": [
        1.0,
        14.0
      ],
      "word_initial": {
        "n": 55046,
        "mean_loss": 5.441470623016357
      },
      "word_continuation": {
        "n": 29401,
        "mean_loss": 3.0101265907287598
      }
    },
    "1": {
      "freq_range": [
        14.0,
        35.0
      ],
      "word_initial": {
        "n": 55500,
        "mean_loss": 4.502947807312012
      },
      "word_continuation": {
        "n": 29716,
        "mean_loss": 2.030247688293457
      }
    },
    "2": {
      "freq_range": [
        35.0,
        69.0
      ],
      "word_initial": {
        "n": 55345,
        "mean_loss": 4.165646553039551
      },
      "word_continuation": {
        "n": 28638,
        "mean_loss": 1.6529278755187988
      }
    },
    "3": {
      "freq_range": [
        69.0,
        129.0
      ],
      "word_initial": {
        "n": 55452,
        "mean_loss": 3.7530994415283203
      },
      "word_continuation": {
        "n": 32230,
        "mean_loss": 1.3117430210113525
      }
    },
    "4": {
      "freq_range": [
        129.0,
        235.0
      ],
      "word_initial": {
        "n": 50479,
        "mean_loss": 3.5382132530212402
      },
      "word_continuation": {
        "n": 34160,
        "mean_loss": 1.1228482723236084
      }
    },
    "5": {
      "freq_range": [
        235.0,
        465.0
      ],
      "word_initial": {
        "n": 56546,
        "mean_loss": 3.0815725326538086
      },
      "word_continuation": {
        "n": 29155,
        "mean_loss": 0.9215453863143921
      }
    },
    "6": {
      "freq_range": [
        465.0,
        982.0
      ],
      "word_initial": {
        "n": 52215,
        "mean_loss": 2.7053277492523193
      },
      "word_continuation": {
        "n": 32724,
        "mean_loss": 1.2631587982177734
      }
    },
    "7": {
      "freq_range": [
        982.0,
        2871.0
      ],
      "word_initial": {
        "n": 51711,
        "mean_loss": 2.258331537246704
      },
      "word_continuation": {
        "n": 33872,
        "mean_loss": 1.0806020498275757
      }
    },
    "8": {
      "freq_range": [
        2871.0,
        12358.0
      ],
      "word_initial": {
        "n": 53459,
        "mean_loss": 1.5821940898895264
      },
      "word_continuation": {
        "n": 23325,
        "mean_loss": 0.28065216541290283
      }
    },
    "9": {
      "freq_range": [
        12358.0,
        32401.0
      ],
      "word_initial": {
        "n": 94421,
        "mean_loss": 1.2116540670394897
      },
      "word_continuation": {
        "n": 0,
        "mean_loss": null
      }
    }
  },
  "by_wordfreqdecile_position": {
    "0": {
      "wordfreq_range": [
        1.0,
        1.0
      ],
      "word_initial": {
        "n": 0,
        "mean_loss": null
      },
      "word_continuation": {
        "n": 0,
        "mean_loss": null
      }
    },
    "1": {
      "wordfreq_range": [
        1.0,
        2.0
      ],
      "word_initial": {
        "n": 44485,
        "mean_loss": 4.697231292724609
      },
      "word_continuation": {
        "n": 116216,
        "mean_loss": 1.8196455240249634
      }
    },
    "2": {
      "wordfreq_range": [
        2.0,
        5.0
      ],
      "word_initial": {
        "n": 44810,
        "mean_loss": 4.583911895751953
      },
      "word_continuation": {
        "n": 50251,
        "mean_loss": 1.386832594871521
      }
    },
    "3": {
      "wordfreq_range": [
        5.0,
        12.0
      ],
      "word_initial": {
        "n": 48494,
        "mean_loss": 4.332479476928711
      },
      "word_continuation": {
        "n": 30269,
        "mean_loss": 1.0130329132080078
      }
    },
    "4": {
      "wordfreq_range": [
        12.0,
        32.0
      ],
      "word_initial": {
        "n": 64423,
        "mean_loss": 3.956003427505493
      },
      "word_continuation": {
        "n": 26797,
        "mean_loss": 0.9567862153053284
      }
    },
    "5": {
      "wordfreq_range": [
        32.0,
        86.0
      ],
      "word_initial": {
        "n": 66555,
        "mean_loss": 3.614192485809326
      },
      "word_continuation": {
        "n": 19470,
        "mean_loss": 0.940631091594696
      }
    },
    "6": {
      "wordfreq_range": [
        86.0,
        270.0
      ],
      "word_initial": {
        "n": 72729,
        "mean_loss": 3.272582769393921
      },
      "word_continuation": {
        "n": 12697,
        "mean_loss": 1.2280986309051514
      }
    },
    "7": {
      "wordfreq_range": [
        270.0,
        1543.0
      ],
      "word_initial": {
        "n": 74750,
        "mean_loss": 2.5702388286590576
      },
      "word_continuation": {
        "n": 9698,
        "mean_loss": 0.9606428742408752
      }
    },
    "8": {
      "wordfreq_range": [
        1543.0,
        12226.0
      ],
      "word_initial": {
        "n": 69897,
        "mean_loss": 1.9258670806884766
      },
      "word_continuation": {
        "n": 7724,
        "mean_loss": 0.932130753993988
      }
    },
    "9": {
      "wordfreq_range": [
        12226.0,
        32419.0
      ],
      "word_initial": {
        "n": 94031,
        "mean_loss": 1.2058006525039673
      },
      "word_continuation": {
        "n": 99,
        "mean_loss": 2.689302921295166
      }
    }
  },
  "by_position_multitokenonly": {
    "word_initial": {
      "n": 159601,
      "mean_loss": 3.6753275394439697
    },
    "word_continuation": {
      "n": 273221,
      "mean_loss": 1.4206585884094238
    }
  },
  "by_wordlen_position": {
    "len2_init": {
      "n": 96521,
      "mean_loss": 3.5167996883392334
    },
    "len2_cont": {
      "n": 53079,
      "mean_loss": 1.6722376346588135
    },
    "len3_init": {
      "n": 33069,
      "mean_loss": 4.380230903625488
    },
    "len3_cont": {
      "n": 61634,
      "mean_loss": 1.481215000152588
    },
    "len4plus_init": {
      "n": 30011,
      "mean_loss": 3.408449172973633
    },
    "len4plus_cont": {
      "n": 158508,
      "mean_loss": 1.312866449356079
    }
  },
  "by_wordfreqdecile_position_multitokenonly": {
    "0": {
      "wordfreq_range": [
        1.0,
        1.0
      ],
      "word_initial": {
        "n": 0,
        "mean_loss": null
      },
      "word_continuation": {
        "n": 0,
        "mean_loss": null
      }
    },
    "1": {
      "wordfreq_range": [
        1.0,
        1.0
      ],
      "word_initial": {
        "n": 0,
        "mean_loss": null
      },
      "word_continuation": {
        "n": 0,