{
  "model": "EleutherAI/pythia-1.4b-deduped",
  "n_pred_tokens": 1233738,
  "overall_mean_loss": 2.684809446334839,
  "by_position": {
    "word_initial": {
      "n": 580174,
      "mean_loss": 3.7919421195983887
    },
    "word_continuation": {
      "n": 273221,
      "mean_loss": 2.0499134063720703
    },
    "other": {
      "n": 380343,
      "mean_loss": 1.4520738124847412
    }
  },
  "by_depth": {
    "0_initial": {
      "n": 580174,
      "mean_loss": 3.7919421195983887
    },
    "1": {
      "n": 111688,
      "mean_loss": 2.54461932182312
    },
    "2": {
      "n": 65341,
      "mean_loss": 2.0086147785186768
    },
    "3plus": {
      "n": 96192,
      "mean_loss": 1.5035663843154907
    }
  },
  "by_seqband_position": {
    "early_lt128": {
      "word_initial": {
        "n": 72585,
        "mean_loss": 4.18564510345459
      },
      "word_continuation": {
        "n": 34258,
        "mean_loss": 2.677603244781494
      }
    },
    "mid": {
      "word_initial": {
        "n": 362211,
        "mean_loss": 3.7477951049804688
      },
      "word_continuation": {
        "n": 171078,
        "mean_loss": 1.9745445251464844
      }
    },
    "late": {
      "word_initial": {
        "n": 145378,
        "mean_loss": 3.70536470413208
      },
      "word_continuation": {
        "n": 67885,
        "mean_loss": 1.923089623451233
      }
    }
  },
  "by_freqdecile_position": {
    "0": {
      "freq_range": [
        1.0,
        14.0
      ],
      "word_initial": {
        "n": 55046,
        "mean_loss": 6.634227275848389
      },
      "word_continuation": {
        "n": 29401,
        "mean_loss": 3.9715359210968018
      }
    },
    "1": {
      "freq_range": [
        14.0,
        35.0
      ],
      "word_initial": {
        "n": 55500,
        "mean_loss": 5.643829822540283
      },
      "word_continuation": {
        "n": 29716,
        "mean_loss": 2.9256932735443115
      }
    },
    "2": {
      "freq_range": [
        35.0,
        69.0
      ],
      "word_initial": {
        "n": 55345,
        "mean_loss": 5.209878444671631
      },
      "word_continuation": {
        "n": 28638,
        "mean_loss": 2.504688262939453
      }
    },
    "3": {
      "freq_range": [
        69.0,
        129.0
      ],
      "word_initial": {
        "n": 55452,
        "mean_loss": 4.695424556732178
      },
      "word_continuation": {
        "n": 32230,
        "mean_loss": 2.0753889083862305
      }
    },
    "4": {
      "freq_range": [
        129.0,
        235.0
      ],
      "word_initial": {
        "n": 50479,
        "mean_loss": 4.365267753601074
      },
      "word_continuation": {
        "n": 34160,
        "mean_loss": 1.7381591796875
      }
    },
    "5": {
      "freq_range": [
        235.0,
        465.0
      ],
      "word_initial": {
        "n": 56546,
        "mean_loss": 3.781465530395508
      },
      "word_continuation": {
        "n": 29155,
        "mean_loss": 1.461996078491211
      }
    },
    "6": {
      "freq_range": [
        465.0,
        982.0
      ],
      "word_initial": {
        "n": 52215,
        "mean_loss": 3.3028392791748047
      },
      "word_continuation": {
        "n": 32724,
        "mean_loss": 1.7204548120498657
      }
    },
    "7": {
      "freq_range": [
        982.0,
        2871.0
      ],
      "word_initial": {
        "n": 51711,
        "mean_loss": 2.6333670616149902
      },
      "word_continuation": {
        "n": 33872,
        "mean_loss": 1.4573698043823242
      }
    },
    "8": {
      "freq_range": [
        2871.0,
        12358.0
      ],
      "word_initial": {
        "n": 53459,
        "mean_loss": 1.9069215059280396
      },
      "word_continuation": {
        "n": 23325,
        "mean_loss": 0.4325449764728546
      }
    },
    "9": {
      "freq_range": [
        12358.0,
        32401.0
      ],
      "word_initial": {
        "n": 94421,
        "mean_loss": 1.3566840887069702
      },
      "word_continuation": {
        "n": 0,
        "mean_loss": null
      }
    }
  },
  "by_wordfreqdecile_position": {
    "0": {
      "wordfreq_range": [
        1.0,
        1.0
      ],
      "word_initial": {
        "n": 0,
        "mean_loss": null
      },
      "word_continuation": {
        "n": 0,
        "mean_loss": null
      }
    },
    "1": {
      "wordfreq_range": [
        1.0,
        2.0
      ],
      "word_initial": {
        "n": 44485,
        "mean_loss": 5.810633659362793
      },
      "word_continuation": {
        "n": 116216,
        "mean_loss": 2.597858190536499
      }
    },
    "2": {
      "wordfreq_range": [
        2.0,
        5.0
      ],
      "word_initial": {
        "n": 44810,
        "mean_loss": 5.756863117218018
      },
      "word_continuation": {
        "n": 50251,
        "mean_loss": 2.085026264190674
      }
    },
    "3": {
      "wordfreq_range": [
        5.0,
        12.0
      ],
      "word_initial": {
        "n": 48494,
        "mean_loss": 5.43657922744751
      },
      "word_continuation": {
        "n": 30269,
        "mean_loss": 1.6178077459335327
      }
    },
    "4": {
      "wordfreq_range": [
        12.0,
        32.0
      ],
      "word_initial": {
        "n": 64423,
        "mean_loss": 4.988205432891846
      },
      "word_continuation": {
        "n": 26797,
        "mean_loss": 1.4583165645599365
      }
    },
    "5": {
      "wordfreq_range": [
        32.0,
        86.0
      ],
      "word_initial": {
        "n": 66555,
        "mean_loss": 4.51131534576416
      },
      "word_continuation": {
        "n": 19470,
        "mean_loss": 1.384246587753296
      }
    },
    "6": {
      "wordfreq_range": [
        86.0,
        270.0
      ],
      "word_initial": {
        "n": 72729,
        "mean_loss": 3.9730398654937744
      },
      "word_continuation": {
        "n": 12697,
        "mean_loss": 1.5187476873397827
      }
    },
    "7": {
      "wordfreq_range": [
        270.0,
        1543.0
      ],
      "word_initial": {
        "n": 74750,
        "mean_loss": 3.0372533798217773
      },
      "word_continuation": {
        "n": 9698,
        "mean_loss": 1.1105185747146606
      }
    },
    "8": {
      "wordfreq_range": [
        1543.0,
        12226.0
      ],
      "word_initial": {
        "n": 69897,
        "mean_loss": 2.22318959236145
      },
      "word_continuation": {
        "n": 7724,
        "mean_loss": 1.0380148887634277
      }
    },
    "9": {
      "wordfreq_range": [
        12226.0,
        32419.0
      ],
      "word_initial": {
        "n": 94031,
        "mean_loss": 1.349594235420227
      },
      "word_continuation": {
        "n": 99,
        "mean_loss": 3.25118088722229
      }
    }
  },
  "by_position_multitokenonly": {
    "word_initial": {
      "n": 159601,
      "mean_loss": 4.733776092529297
    },
    "word_continuation": {
      "n": 273221,
      "mean_loss": 2.0499134063720703
    }
  },
  "by_wordlen_position": {
    "len2_init": {
      "n": 96521,
      "mean_loss": 4.554860591888428
    },
    "len2_cont": {
      "n": 53079,
      "mean_loss": 2.189051866531372
    },
    "len3_init": {
      "n": 33069,
      "mean_loss": 5.610351085662842
    },
    "len3_cont": {
      "n": 61634,
      "mean_loss": 2.1057562828063965
    },
    "len4plus_init": {
      "n": 30011,
      "mean_loss": 4.343307018280029
    },
    "len4plus_cont": {
      "n": 158508,
      "mean_loss": 1.9816068410873413
    }
  },
  "by_wordfreqdecile_position_multitokenonly": {
    "0": {
      "wordfreq_range": [
        1.0,
        1.0
      ],
      "word_initial": {
        "n": 0,
        "mean_loss": null
      },
      "word_continuation": {
        "n": 0,
        "mean_loss": null
      }
    },
    "1": {
      "wordfreq_range": [
        1.0,
        1.0
      ],
      "word_initial": {
        "n": 0,
        "mean_loss": null
      },
      "word_continuation": {
        "n": 0,