{
  "model": "EleutherAI/pythia-1b-deduped",
  "n_pred_tokens": 1233738,
  "overall_mean_loss": 2.301088333129883,
  "by_position": {
    "word_initial": {
      "n": 580174,
      "mean_loss": 3.3252346515655518
    },
    "word_continuation": {
      "n": 273221,
      "mean_loss": 1.6020481586456299
    },
    "other": {
      "n": 380343,
      "mean_loss": 1.2410173416137695
    }
  },
  "by_depth": {
    "0_initial": {
      "n": 580174,
      "mean_loss": 3.3252346515655518
    },
    "1": {
      "n": 111688,
      "mean_loss": 2.087786912918091
    },
    "2": {
      "n": 65341,
      "mean_loss": 1.543573260307312
    },
    "3plus": {
      "n": 96192,
      "mean_loss": 1.0777802467346191
    }
  },
  "by_seqband_position": {
    "early_lt128": {
      "word_initial": {
        "n": 72585,
        "mean_loss": 3.727187156677246
      },
      "word_continuation": {
        "n": 34258,
        "mean_loss": 2.1626362800598145
      }
    },
    "mid": {
      "word_initial": {
        "n": 362211,
        "mean_loss": 3.2770814895629883
      },
      "word_continuation": {
        "n": 171078,
        "mean_loss": 1.532489538192749
      }
    },
    "late": {
      "word_initial": {
        "n": 145378,
        "mean_loss": 3.2445199489593506
      },
      "word_continuation": {
        "n": 67885,
        "mean_loss": 1.4944441318511963
      }
    }
  },
  "by_freqdecile_position": {
    "0": {
      "freq_range": [
        1.0,
        14.0
      ],
      "word_initial": {
        "n": 55046,
        "mean_loss": 5.8201751708984375
      },
      "word_continuation": {
        "n": 29401,
        "mean_loss": 3.2637102603912354
      }
    },
    "1": {
      "freq_range": [
        14.0,
        35.0
      ],
      "word_initial": {
        "n": 55500,
        "mean_loss": 4.878861427307129
      },
      "word_continuation": {
        "n": 29716,
        "mean_loss": 2.285993814468384
      }
    },
    "2": {
      "freq_range": [
        35.0,
        69.0
      ],
      "word_initial": {
        "n": 55345,
        "mean_loss": 4.525121212005615
      },
      "word_continuation": {
        "n": 28638,
        "mean_loss": 1.9046305418014526
      }
    },
    "3": {
      "freq_range": [
        69.0,
        129.0
      ],
      "word_initial": {
        "n": 55452,
        "mean_loss": 4.058405876159668
      },
      "word_continuation": {
        "n": 32230,
        "mean_loss": 1.5119236707687378
      }
    },
    "4": {
      "freq_range": [
        129.0,
        235.0
      ],
      "word_initial": {
        "n": 50479,
        "mean_loss": 3.831766366958618
      },
      "word_continuation": {
        "n": 34160,
        "mean_loss": 1.2710590362548828
      }
    },
    "5": {
      "freq_range": [
        235.0,
        465.0
      ],
      "word_initial": {
        "n": 56546,
        "mean_loss": 3.3149235248565674
      },
      "word_continuation": {
        "n": 29155,
        "mean_loss": 1.1036763191223145
      }
    },
    "6": {
      "freq_range": [
        465.0,
        982.0
      ],
      "word_initial": {
        "n": 52215,
        "mean_loss": 2.869197130203247
      },
      "word_continuation": {
        "n": 32724,
        "mean_loss": 1.3924909830093384
      }
    },
    "7": {
      "freq_range": [
        982.0,
        2871.0
      ],
      "word_initial": {
        "n": 51711,
        "mean_loss": 2.3615691661834717
      },
      "word_continuation": {
        "n": 33872,
        "mean_loss": 1.2069427967071533
      }
    },
    "8": {
      "freq_range": [
        2871.0,
        12358.0
      ],
      "word_initial": {
        "n": 53459,
        "mean_loss": 1.7143833637237549
      },
      "word_continuation": {
        "n": 23325,
        "mean_loss": 0.36465904116630554
      }
    },
    "9": {
      "freq_range": [
        12358.0,
        32401.0
      ],
      "word_initial": {
        "n": 94421,
        "mean_loss": 1.2509711980819702
      },
      "word_continuation": {
        "n": 0,
        "mean_loss": null
      }
    }
  },
  "by_wordfreqdecile_position": {
    "0": {
      "wordfreq_range": [
        1.0,
        1.0
      ],
      "word_initial": {
        "n": 0,
        "mean_loss": null
      },
      "word_continuation": {
        "n": 0,
        "mean_loss": null
      }
    },
    "1": {
      "wordfreq_range": [
        1.0,
        2.0
      ],
      "word_initial": {
        "n": 44485,
        "mean_loss": 5.078547477722168
      },
      "word_continuation": {
        "n": 116216,
        "mean_loss": 2.051833391189575
      }
    },
    "2": {
      "wordfreq_range": [
        2.0,
        5.0
      ],
      "word_initial": {
        "n": 44810,
        "mean_loss": 4.967561721801758
      },
      "word_continuation": {
        "n": 50251,
        "mean_loss": 1.6015974283218384
      }
    },
    "3": {
      "wordfreq_range": [
        5.0,
        12.0
      ],
      "word_initial": {
        "n": 48494,
        "mean_loss": 4.687693119049072
      },
      "word_continuation": {
        "n": 30269,
        "mean_loss": 1.1690456867218018
      }
    },
    "4": {
      "wordfreq_range": [
        12.0,
        32.0
      ],
      "word_initial": {
        "n": 64423,
        "mean_loss": 4.293778896331787
      },
      "word_continuation": {
        "n": 26797,
        "mean_loss": 1.0821210145950317
      }
    },
    "5": {
      "wordfreq_range": [
        32.0,
        86.0
      ],
      "word_initial": {
        "n": 66555,
        "mean_loss": 3.9138121604919434
      },
      "word_continuation": {
        "n": 19470,
        "mean_loss": 1.0550774335861206
      }
    },
    "6": {
      "wordfreq_range": [
        86.0,
        270.0
      ],
      "word_initial": {
        "n": 72729,
        "mean_loss": 3.4992830753326416
      },
      "word_continuation": {
        "n": 12697,
        "mean_loss": 1.3359184265136719
      }
    },
    "7": {
      "wordfreq_range": [
        270.0,
        1543.0
      ],
      "word_initial": {
        "n": 74750,
        "mean_loss": 2.717848777770996
      },
      "word_continuation": {
        "n": 9698,
        "mean_loss": 1.0121139287948608
      }
    },
    "8": {
      "wordfreq_range": [
        1543.0,
        12226.0
      ],
      "word_initial": {
        "n": 69897,
        "mean_loss": 2.0252459049224854
      },
      "word_continuation": {
        "n": 7724,
        "mean_loss": 0.8793486952781677
      }
    },
    "9": {
      "wordfreq_range": [
        12226.0,
        32419.0
      ],
      "word_initial": {
        "n": 94031,
        "mean_loss": 1.2448540925979614
      },
      "word_continuation": {
        "n": 99,
        "mean_loss": 2.8275601863861084
      }
    }
  },
  "by_position_multitokenonly": {
    "word_initial": {
      "n": 159601,
      "mean_loss": 4.013710975646973
    },
    "word_continuation": {
      "n": 273221,
      "mean_loss": 1.6020481586456299
    }
  },
  "by_wordlen_position": {
    "len2_init": {
      "n": 96521,
      "mean_loss": 3.846763849258423
    },
    "len2_cont": {
      "n": 53079,
      "mean_loss": 1.8091219663619995
    },
    "len3_init": {
      "n": 33069,
      "mean_loss": 4.781095504760742
    },
    "len3_cont": {
      "n": 61634,
      "mean_loss": 1.6617647409439087
    },
    "len4plus_init": {
      "n": 30011,
      "mean_loss": 3.7050652503967285
    },
    "len4plus_cont": {
      "n": 158508,
      "mean_loss": 1.5094859600067139
    }
  },
  "by_wordfreqdecile_position_multitokenonly": {
    "0": {
      "wordfreq_range": [
        1.0,
        1.0
      ],
      "word_initial": {
        "n": 0,
        "mean_loss": null
      },
      "word_continuation": {
        "n": 0,
        "mean_loss": null
      }
    },
    "1": {
      "wordfreq_range": [
        1.0,
        1.0
      ],
      "word_initial": {
        "n": 0,
        "mean_loss": null
      },
      "word_continuation": {
        "n": 0,