{
  "model": "EleutherAI/pythia-1b",
  "n_pred_tokens": 1233738,
  "overall_mean_loss": 2.1386587619781494,
  "by_position": {
    "word_initial": {
      "n": 580174,
      "mean_loss": 3.1146280765533447
    },
    "word_continuation": {
      "n": 273221,
      "mean_loss": 1.410952091217041
    },
    "other": {
      "n": 380343,
      "mean_loss": 1.1726689338684082
    }
  },
  "by_depth": {
    "0_initial": {
      "n": 580174,
      "mean_loss": 3.1146280765533447
    },
    "1": {
      "n": 111688,
      "mean_loss": 1.8918662071228027
    },
    "2": {
      "n": 65341,
      "mean_loss": 1.3387447595596313
    },
    "3plus": {
      "n": 96192,
      "mean_loss": 0.9016143083572388
    }
  },
  "by_seqband_position": {
    "early_lt128": {
      "word_initial": {
        "n": 72585,
        "mean_loss": 3.5202009677886963
      },
      "word_continuation": {
        "n": 34258,
        "mean_loss": 1.932259440422058
      }
    },
    "mid": {
      "word_initial": {
        "n": 362211,
        "mean_loss": 3.067044734954834
      },
      "word_continuation": {
        "n": 171078,
        "mean_loss": 1.3444633483886719
      }
    },
    "late": {
      "word_initial": {
        "n": 145378,
        "mean_loss": 3.030686378479004
      },
      "word_continuation": {
        "n": 67885,
        "mean_loss": 1.3154350519180298
      }
    }
  },
  "by_freqdecile_position": {
    "0": {
      "freq_range": [
        1.0,
        14.0
      ],
      "word_initial": {
        "n": 55046,
        "mean_loss": 5.446346759796143
      },
      "word_continuation": {
        "n": 29401,
        "mean_loss": 2.948275089263916
      }
    },
    "1": {
      "freq_range": [
        14.0,
        35.0
      ],
      "word_initial": {
        "n": 55500,
        "mean_loss": 4.532508373260498
      },
      "word_continuation": {
        "n": 29716,
        "mean_loss": 2.0278358459472656
      }
    },
    "2": {
      "freq_range": [
        35.0,
        69.0
      ],
      "word_initial": {
        "n": 55345,
        "mean_loss": 4.20125675201416
      },
      "word_continuation": {
        "n": 28638,
        "mean_loss": 1.627862811088562
      }
    },
    "3": {
      "freq_range": [
        69.0,
        129.0
      ],
      "word_initial": {
        "n": 55452,
        "mean_loss": 3.789869785308838
      },
      "word_continuation": {
        "n": 32230,
        "mean_loss": 1.3116055727005005
      }
    },
    "4": {
      "freq_range": [
        129.0,
        235.0
      ],
      "word_initial": {
        "n": 50479,
        "mean_loss": 3.560372829437256
      },
      "word_continuation": {
        "n": 34160,
        "mean_loss": 1.104407548904419
      }
    },
    "5": {
      "freq_range": [
        235.0,
        465.0
      ],
      "word_initial": {
        "n": 56546,
        "mean_loss": 3.1058175563812256
      },
      "word_continuation": {
        "n": 29155,
        "mean_loss": 0.9261878728866577
      }
    },
    "6": {
      "freq_range": [
        465.0,
        982.0
      ],
      "word_initial": {
        "n": 52215,
        "mean_loss": 2.7196171283721924
      },
      "word_continuation": {
        "n": 32724,
        "mean_loss": 1.246475100517273
      }
    },
    "7": {
      "freq_range": [
        982.0,
        2871.0
      ],
      "word_initial": {
        "n": 51711,
        "mean_loss": 2.242400646209717
      },
      "word_continuation": {
        "n": 33872,
        "mean_loss": 1.0856480598449707
      }
    },
    "8": {
      "freq_range": [
        2871.0,
        12358.0
      ],
      "word_initial": {
        "n": 53459,
        "mean_loss": 1.608088731765747
      },
      "word_continuation": {
        "n": 23325,
        "mean_loss": 0.31623968482017517
      }
    },
    "9": {
      "freq_range": [
        12358.0,
        32401.0
      ],
      "word_initial": {
        "n": 94421,
        "mean_loss": 1.2044358253479004
      },
      "word_continuation": {
        "n": 0,
        "mean_loss": null
      }
    }
  },
  "by_wordfreqdecile_position": {
    "0": {
      "wordfreq_range": [
        1.0,
        1.0
      ],
      "word_initial": {
        "n": 0,
        "mean_loss": null
      },
      "word_continuation": {
        "n": 0,
        "mean_loss": null
      }
    },
    "1": {
      "wordfreq_range": [
        1.0,
        2.0
      ],
      "word_initial": {
        "n": 44485,
        "mean_loss": 4.749238014221191
      },
      "word_continuation": {
        "n": 116216,
        "mean_loss": 1.8071662187576294
      }
    },
    "2": {
      "wordfreq_range": [
        2.0,
        5.0
      ],
      "word_initial": {
        "n": 44810,
        "mean_loss": 4.611795902252197
      },
      "word_continuation": {
        "n": 50251,
        "mean_loss": 1.3701064586639404
      }
    },
    "3": {
      "wordfreq_range": [
        5.0,
        12.0
      ],
      "word_initial": {
        "n": 48494,
        "mean_loss": 4.358584880828857
      },
      "word_continuation": {
        "n": 30269,
        "mean_loss": 1.0069584846496582
      }
    },
    "4": {
      "wordfreq_range": [
        12.0,
        32.0
      ],
      "word_initial": {
        "n": 64423,
        "mean_loss": 3.9755260944366455
      },
      "word_continuation": {
        "n": 26797,
        "mean_loss": 0.9438160061836243
      }
    },
    "5": {
      "wordfreq_range": [
        32.0,
        86.0
      ],
      "word_initial": {
        "n": 66555,
        "mean_loss": 3.6555423736572266
      },
      "word_continuation": {
        "n": 19470,
        "mean_loss": 0.9408031702041626
      }
    },
    "6": {
      "wordfreq_range": [
        86.0,
        270.0
      ],
      "word_initial": {
        "n": 72729,
        "mean_loss": 3.276747465133667
      },
      "word_continuation": {
        "n": 12697,
        "mean_loss": 1.2492047548294067
      }
    },
    "7": {
      "wordfreq_range": [
        270.0,
        1543.0
      ],
      "word_initial": {
        "n": 74750,
        "mean_loss": 2.578204870223999
      },
      "word_continuation": {
        "n": 9698,
        "mean_loss": 0.9888172745704651
      }
    },
    "8": {
      "wordfreq_range": [
        1543.0,
        12226.0
      ],
      "word_initial": {
        "n": 69897,
        "mean_loss": 1.9259904623031616
      },
      "word_continuation": {
        "n": 7724,
        "mean_loss": 0.8854333758354187
      }
    },
    "9": {
      "wordfreq_range": [
        12226.0,
        32419.0
      ],
      "word_initial": {
        "n": 94031,
        "mean_loss": 1.198225975036621
      },
      "word_continuation": {
        "n": 99,
        "mean_loss": 2.551844835281372
      }
    }
  },
  "by_position_multitokenonly": {
    "word_initial": {
      "n": 159601,
      "mean_loss": 3.712268829345703
    },
    "word_continuation": {
      "n": 273221,
      "mean_loss": 1.410952091217041
    }
  },
  "by_wordlen_position": {
    "len2_init": {
      "n": 96521,
      "mean_loss": 3.5502190589904785
    },
    "len2_cont": {
      "n": 53079,
      "mean_loss": 1.6635465621948242
    },
    "len3_init": {
      "n": 33069,
      "mean_loss": 4.431292533874512
    },
    "len3_cont": {
      "n": 61634,
      "mean_loss": 1.4752317667007446
    },
    "len4plus_init": {
      "n": 30011,
      "mean_loss": 3.4411635398864746
    },
    "len4plus_cont": {
      "n": 158508,
      "mean_loss": 1.3013724088668823
    }
  },
  "by_wordfreqdecile_position_multitokenonly": {
    "0": {
      "wordfreq_range": [
        1.0,
        1.0
      ],
      "word_initial": {
        "n": 0,
        "mean_loss": null
      },
      "word_continuation": {
        "n": 0,
        "mean_loss": null
      }
    },
    "1": {
      "wordfreq_range": [
        1.0,
        1.0
      ],
      "word_initial": {
        "n": 0,
        "mean_loss": null
      },
      "word_continuation": {
        "n": 0,