{
  "model": "bigscience/bloom-7b1",
  "n_pred_tokens": 1158036,
  "overall_mean_loss": 2.670219898223877,
  "by_position": {
    "word_initial": {
      "n": 599182,
      "mean_loss": 3.2150721549987793
    },
    "word_continuation": {
      "n": 256530,
      "mean_loss": 1.7560195922851562
    },
    "other": {
      "n": 302324,
      "mean_loss": 2.3660881519317627
    }
  },
  "by_depth": {
    "0_initial": {
      "n": 599182,
      "mean_loss": 3.2150721549987793
    },
    "1": {
      "n": 114376,
      "mean_loss": 1.7412467002868652
    },
    "2": {
      "n": 65677,
      "mean_loss": 1.8154716491699219
    },
    "3plus": {
      "n": 76477,
      "mean_loss": 1.7270572185516357
    }
  },
  "by_seqband_position": {
    "early_lt128": {
      "word_initial": {
        "n": 74914,
        "mean_loss": 3.8379993438720703
      },
      "word_continuation": {
        "n": 32280,
        "mean_loss": 2.5162978172302246
      }
    },
    "mid": {
      "word_initial": {
        "n": 374878,
        "mean_loss": 3.1448328495025635
      },
      "word_continuation": {
        "n": 160101,
        "mean_loss": 1.6795415878295898
      }
    },
    "late": {
      "word_initial": {
        "n": 149390,
        "mean_loss": 3.078953981399536
      },
      "word_continuation": {
        "n": 64149,
        "mean_loss": 1.564315915107727
      }
    }
  },
  "by_freqdecile_position": {
    "0": {
      "freq_range": [
        1.0,
        14.0
      ],
      "word_initial": {
        "n": 52492,
        "mean_loss": 5.514274597167969
      },
      "word_continuation": {
        "n": 29652,
        "mean_loss": 3.2896409034729004
      }
    },
    "1": {
      "freq_range": [
        14.0,
        37.0
      ],
      "word_initial": {
        "n": 59745,
        "mean_loss": 4.547548770904541
      },
      "word_continuation": {
        "n": 29131,
        "mean_loss": 2.245414972305298
      }
    },
    "2": {
      "freq_range": [
        37.0,
        73.0
      ],
      "word_initial": {
        "n": 56741,
        "mean_loss": 4.162026405334473
      },
      "word_continuation": {
        "n": 28235,
        "mean_loss": 1.7985777854919434
      }
    },
    "3": {
      "freq_range": [
        73.0,
        134.0
      ],
      "word_initial": {
        "n": 54525,
        "mean_loss": 3.892073392868042
      },
      "word_continuation": {
        "n": 31378,
        "mean_loss": 1.6061681509017944
      }
    },
    "4": {
      "freq_range": [
        134.0,
        244.0
      ],
      "word_initial": {
        "n": 53024,
        "mean_loss": 3.6784958839416504
      },
      "word_continuation": {
        "n": 32743,
        "mean_loss": 1.3381003141403198
      }
    },
    "5": {
      "freq_range": [
        244.0,
        448.0
      ],
      "word_initial": {
        "n": 51996,
        "mean_loss": 3.4126827716827393
      },
      "word_continuation": {
        "n": 33322,
        "mean_loss": 1.7037816047668457
      }
    },
    "6": {
      "freq_range": [
        448.0,
        1007.0
      ],
      "word_initial": {
        "n": 57118,
        "mean_loss": 3.1719491481781006
      },
      "word_continuation": {
        "n": 28295,
        "mean_loss": 1.5616991519927979
      }
    },
    "7": {
      "freq_range": [
        1007.0,
        3215.0
      ],
      "word_initial": {
        "n": 54716,
        "mean_loss": 2.432030200958252
      },
      "word_continuation": {
        "n": 31161,
        "mean_loss": 1.1198149919509888
      }
    },
    "8": {
      "freq_range": [
        3215.0,
        12432.0
      ],
      "word_initial": {
        "n": 64286,
        "mean_loss": 1.7623412609100342
      },
      "word_continuation": {
        "n": 12613,
        "mean_loss": 0.5284435153007507
      }
    },
    "9": {
      "freq_range": [
        12432.0,
        32452.0
      ],
      "word_initial": {
        "n": 94539,
        "mean_loss": 1.2360745668411255
      },
      "word_continuation": {
        "n": 0,
        "mean_loss": null
      }
    }
  },
  "by_wordfreqdecile_position": {
    "0": {
      "wordfreq_range": [
        1.0,
        1.0
      ],
      "word_initial": {
        "n": 0,
        "mean_loss": null
      },
      "word_continuation": {
        "n": 0,
        "mean_loss": null
      }
    },
    "1": {
      "wordfreq_range": [
        1.0,
        1.0
      ],
      "word_initial": {
        "n": 0,
        "mean_loss": null
      },
      "word_continuation": {
        "n": 0,
        "mean_loss": null
      }
    },
    "2": {
      "wordfreq_range": [
        1.0,
        4.0
      ],
      "word_initial": {
        "n": 92350,
        "mean_loss": 4.588613510131836
      },
      "word_continuation": {
        "n": 155181,
        "mean_loss": 2.2223541736602783
      }
    },
    "3": {
      "wordfreq_range": [
        4.0,
        11.0
      ],
      "word_initial": {
        "n": 53701,
        "mean_loss": 4.490764141082764
      },
      "word_continuation": {
        "n": 35326,
        "mean_loss": 1.0751428604125977
      }
    },
    "4": {
      "wordfreq_range": [
        11.0,
        29.0
      ],
      "word_initial": {
        "n": 62315,
        "mean_loss": 4.148836612701416
      },
      "word_continuation": {
        "n": 26275,
        "mean_loss": 0.9289423227310181
      }
    },
    "5": {
      "wordfreq_range": [
        29.0,
        81.0
      ],
      "word_initial": {
        "n": 68586,
        "mean_loss": 3.773159980773926
      },
      "word_continuation": {
        "n": 18994,
        "mean_loss": 1.1198384761810303
      }
    },
    "6": {
      "wordfreq_range": [
        81.0,
        269.0
      ],
      "word_initial": {
        "n": 75396,
        "mean_loss": 3.4460175037384033
      },
      "word_continuation": {
        "n": 10360,
        "mean_loss": 1.4309606552124023
      }
    },
    "7": {
      "wordfreq_range": [
        269.0,
        1870.0
      ],
      "word_initial": {
        "n": 81720,
        "mean_loss": 2.8177130222320557
      },
      "word_continuation": {
        "n": 4352,
        "mean_loss": 0.8435924649238586
      }
    },
    "8": {
      "wordfreq_range": [
        1870.0,
        12232.0
      ],
      "word_initial": {
        "n": 71002,
        "mean_loss": 1.9502925872802734
      },
      "word_continuation": {
        "n": 5982,
        "mean_loss": 0.5570274591445923
      }
    },
    "9": {
      "wordfreq_range": [
        12232.0,
        32442.0
      ],
      "word_initial": {
        "n": 94112,
        "mean_loss": 1.228553056716919
      },
      "word_continuation": {
        "n": 60,
        "mean_loss": 1.9612648487091064
      }
    }
  },
  "by_position_multitokenonly": {
    "word_initial": {
      "n": 182057,
      "mean_loss": 3.9717166423797607
    },
    "word_continuation": {
      "n": 256530,
      "mean_loss": 1.7560195922851562
    }
  },
  "by_wordlen_position": {
    "len2_init": {
      "n": 101068,
      "mean_loss": 3.960495710372925
    },
    "len2_cont": {
      "n": 56433,
      "mean_loss": 1.2791627645492554
    },
    "len3_init": {
      "n": 44183,
      "mean_loss": 4.288496971130371
    },
    "len3_cont": {
      "n": 66326,
      "mean_loss": 1.5772207975387573
    },
    "len4plus_init": {
      "n": 36806,
      "mean_loss": 3.622255802154541
    },
    "len4plus_cont": {
      "n": 133771,
      "mean_loss": 2.045839309692383
    }
  },
  "by_wordfreqdecile_position_multitokenonly": {
    "0": {
      "wordfreq_range": [
        1.0,
        1.0
      ],
      "word_initial": {
        "n": 0,
        "mean_loss": null
      },
      "word_continuation": {
        "n": 0,
        "mean_loss": null
      }
    },
    "1": {
      "wordfreq_range": [
        1.0,
        1.0
      ],
      "word_initial": {
        "n": 0,
        "mean_loss": null
      },
      "word_continuation": {
        "n": 0,
        "mean_loss": null
      }
    },