{
  "model": "EleutherAI/pythia-6.9b",
  "n_pred_tokens": 1233738,
  "overall_mean_loss": 3.1978204250335693,
  "by_position": {
    "word_initial": {
      "n": 580174,
      "mean_loss": 4.429171085357666
    },
    "word_continuation": {
      "n": 273221,
      "mean_loss": 2.68719482421875
    },
    "other": {
      "n": 380343,
      "mean_loss": 1.6863316297531128
    }
  },
  "by_depth": {
    "0_initial": {
      "n": 580174,
      "mean_loss": 4.429171085357666
    },
    "1": {
      "n": 111688,
      "mean_loss": 3.178586721420288
    },
    "2": {
      "n": 65341,
      "mean_loss": 2.6990654468536377
    },
    "3plus": {
      "n": 96192,
      "mean_loss": 2.108578681945801
    }
  },
  "by_seqband_position": {
    "early_lt128": {
      "word_initial": {
        "n": 72585,
        "mean_loss": 4.81709623336792
      },
      "word_continuation": {
        "n": 34258,
        "mean_loss": 3.3868813514709473
      }
    },
    "mid": {
      "word_initial": {
        "n": 362211,
        "mean_loss": 4.386383056640625
      },
      "word_continuation": {
        "n": 171078,
        "mean_loss": 2.609553098678589
      }
    },
    "late": {
      "word_initial": {
        "n": 145378,
        "mean_loss": 4.342090606689453
      },
      "word_continuation": {
        "n": 67885,
        "mean_loss": 2.5297653675079346
      }
    }
  },
  "by_freqdecile_position": {
    "0": {
      "freq_range": [
        1.0,
        14.0
      ],
      "word_initial": {
        "n": 55046,
        "mean_loss": 7.581988334655762
      },
      "word_continuation": {
        "n": 29401,
        "mean_loss": 4.893984317779541
      }
    },
    "1": {
      "freq_range": [
        14.0,
        35.0
      ],
      "word_initial": {
        "n": 55500,
        "mean_loss": 6.546085357666016
      },
      "word_continuation": {
        "n": 29716,
        "mean_loss": 3.792167901992798
      }
    },
    "2": {
      "freq_range": [
        35.0,
        69.0
      ],
      "word_initial": {
        "n": 55345,
        "mean_loss": 6.057306289672852
      },
      "word_continuation": {
        "n": 28638,
        "mean_loss": 3.283841609954834
      }
    },
    "3": {
      "freq_range": [
        69.0,
        129.0
      ],
      "word_initial": {
        "n": 55452,
        "mean_loss": 5.488306522369385
      },
      "word_continuation": {
        "n": 32230,
        "mean_loss": 2.811211347579956
      }
    },
    "4": {
      "freq_range": [
        129.0,
        235.0
      ],
      "word_initial": {
        "n": 50479,
        "mean_loss": 5.0735015869140625
      },
      "word_continuation": {
        "n": 34160,
        "mean_loss": 2.4396965503692627
      }
    },
    "5": {
      "freq_range": [
        235.0,
        465.0
      ],
      "word_initial": {
        "n": 56546,
        "mean_loss": 4.36034631729126
      },
      "word_continuation": {
        "n": 29155,
        "mean_loss": 2.0110726356506348
      }
    },
    "6": {
      "freq_range": [
        465.0,
        982.0
      ],
      "word_initial": {
        "n": 52215,
        "mean_loss": 3.8850555419921875
      },
      "word_continuation": {
        "n": 32724,
        "mean_loss": 2.2612335681915283
      }
    },
    "7": {
      "freq_range": [
        982.0,
        2871.0
      ],
      "word_initial": {
        "n": 51711,
        "mean_loss": 3.047199249267578
      },
      "word_continuation": {
        "n": 33872,
        "mean_loss": 1.9233461618423462
      }
    },
    "8": {
      "freq_range": [
        2871.0,
        12358.0
      ],
      "word_initial": {
        "n": 53459,
        "mean_loss": 2.191744565963745
      },
      "word_continuation": {
        "n": 23325,
        "mean_loss": 0.5083345174789429
      }
    },
    "9": {
      "freq_range": [
        12358.0,
        32401.0
      ],
      "word_initial": {
        "n": 94421,
        "mean_loss": 1.7917484045028687
      },
      "word_continuation": {
        "n": 0,
        "mean_loss": null
      }
    }
  },
  "by_wordfreqdecile_position": {
    "0": {
      "wordfreq_range": [
        1.0,
        1.0
      ],
      "word_initial": {
        "n": 0,
        "mean_loss": null
      },
      "word_continuation": {
        "n": 0,
        "mean_loss": null
      }
    },
    "1": {
      "wordfreq_range": [
        1.0,
        2.0
      ],
      "word_initial": {
        "n": 44485,
        "mean_loss": 6.477180480957031
      },
      "word_continuation": {
        "n": 116216,
        "mean_loss": 3.346069812774658
      }
    },
    "2": {
      "wordfreq_range": [
        2.0,
        5.0
      ],
      "word_initial": {
        "n": 44810,
        "mean_loss": 6.620404243469238
      },
      "word_continuation": {
        "n": 50251,
        "mean_loss": 2.7100789546966553
      }
    },
    "3": {
      "wordfreq_range": [
        5.0,
        12.0
      ],
      "word_initial": {
        "n": 48494,
        "mean_loss": 6.2922468185424805
      },
      "word_continuation": {
        "n": 30269,
        "mean_loss": 2.2372243404388428
      }
    },
    "4": {
      "wordfreq_range": [
        12.0,
        32.0
      ],
      "word_initial": {
        "n": 64423,
        "mean_loss": 5.848531723022461
      },
      "word_continuation": {
        "n": 26797,
        "mean_loss": 2.048159599304199
      }
    },
    "5": {
      "wordfreq_range": [
        32.0,
        86.0
      ],
      "word_initial": {
        "n": 66555,
        "mean_loss": 5.321056842803955
      },
      "word_continuation": {
        "n": 19470,
        "mean_loss": 1.9047774076461792
      }
    },
    "6": {
      "wordfreq_range": [
        86.0,
        270.0
      ],
      "word_initial": {
        "n": 72729,
        "mean_loss": 4.611555576324463
      },
      "word_continuation": {
        "n": 12697,
        "mean_loss": 2.0339043140411377
      }
    },
    "7": {
      "wordfreq_range": [
        270.0,
        1543.0
      ],
      "word_initial": {
        "n": 74750,
        "mean_loss": 3.56937575340271
      },
      "word_continuation": {
        "n": 9698,
        "mean_loss": 1.3672276735305786
      }
    },
    "8": {
      "wordfreq_range": [
        1543.0,
        12226.0
      ],
      "word_initial": {
        "n": 69897,
        "mean_loss": 2.5563387870788574
      },
      "word_continuation": {
        "n": 7724,
        "mean_loss": 1.299055814743042
      }
    },
    "9": {
      "wordfreq_range": [
        12226.0,
        32419.0
      ],
      "word_initial": {
        "n": 94031,
        "mean_loss": 1.7860878705978394
      },
      "word_continuation": {
        "n": 99,
        "mean_loss": 3.4356634616851807
      }
    }
  },
  "by_position_multitokenonly": {
    "word_initial": {
      "n": 159601,
      "mean_loss": 5.500955581665039
    },
    "word_continuation": {
      "n": 273221,
      "mean_loss": 2.68719482421875
    }
  },
  "by_wordlen_position": {
    "len2_init": {
      "n": 96521,
      "mean_loss": 5.382117748260498
    },
    "len2_cont": {
      "n": 53079,
      "mean_loss": 2.7442188262939453
    },
    "len3_init": {
      "n": 33069,
      "mean_loss": 6.40311336517334
    },
    "len3_cont": {
      "n": 61634,
      "mean_loss": 2.7217705249786377
    },
    "len4plus_init": {
      "n": 30011,
      "mean_loss": 4.889076232910156
    },
    "len4plus_cont": {
      "n": 158508,
      "mean_loss": 2.6546547412872314
    }
  },
  "by_wordfreqdecile_position_multitokenonly": {
    "0": {
      "wordfreq_range": [
        1.0,
        1.0
      ],
      "word_initial": {
        "n": 0,
        "mean_loss": null
      },
      "word_continuation": {
        "n": 0,
        "mean_loss": null
      }
    },
    "1": {
      "wordfreq_range": [
        1.0,
        1.0
      ],
      "word_initial": {
        "n": 0,
        "mean_loss": null
      },
      "word_continuation": {
        "n": 0,