{
  "model": "EleutherAI/pythia-12b",
  "n_pred_tokens": 1233738,
  "overall_mean_loss": 2.617628574371338,
  "by_position": {
    "word_initial": {
      "n": 580174,
      "mean_loss": 3.716468334197998
    },
    "word_continuation": {
      "n": 273221,
      "mean_loss": 1.9558823108673096
    },
    "other": {
      "n": 380343,
      "mean_loss": 1.4168314933776855
    }
  },
  "by_depth": {
    "0_initial": {
      "n": 580174,
      "mean_loss": 3.716468334197998
    },
    "1": {
      "n": 111688,
      "mean_loss": 2.4605531692504883
    },
    "2": {
      "n": 65341,
      "mean_loss": 1.9206427335739136
    },
    "3plus": {
      "n": 96192,
      "mean_loss": 1.393849492073059
    }
  },
  "by_seqband_position": {
    "early_lt128": {
      "word_initial": {
        "n": 72585,
        "mean_loss": 4.1120219230651855
      },
      "word_continuation": {
        "n": 34258,
        "mean_loss": 2.562676429748535
      }
    },
    "mid": {
      "word_initial": {
        "n": 362211,
        "mean_loss": 3.671208143234253
      },
      "word_continuation": {
        "n": 171078,
        "mean_loss": 1.8839741945266724
      }
    },
    "late": {
      "word_initial": {
        "n": 145378,
        "mean_loss": 3.6317358016967773
      },
      "word_continuation": {
        "n": 67885,
        "mean_loss": 1.8308818340301514
      }
    }
  },
  "by_freqdecile_position": {
    "0": {
      "freq_range": [
        1.0,
        14.0
      ],
      "word_initial": {
        "n": 55046,
        "mean_loss": 6.498563289642334
      },
      "word_continuation": {
        "n": 29401,
        "mean_loss": 3.851832628250122
      }
    },
    "1": {
      "freq_range": [
        14.0,
        35.0
      ],
      "word_initial": {
        "n": 55500,
        "mean_loss": 5.479151248931885
      },
      "word_continuation": {
        "n": 29716,
        "mean_loss": 2.7726833820343018
      }
    },
    "2": {
      "freq_range": [
        35.0,
        69.0
      ],
      "word_initial": {
        "n": 55345,
        "mean_loss": 5.071166038513184
      },
      "word_continuation": {
        "n": 28638,
        "mean_loss": 2.34342885017395
      }
    },
    "3": {
      "freq_range": [
        69.0,
        129.0
      ],
      "word_initial": {
        "n": 55452,
        "mean_loss": 4.578763484954834
      },
      "word_continuation": {
        "n": 32230,
        "mean_loss": 1.9326672554016113
      }
    },
    "4": {
      "freq_range": [
        129.0,
        235.0
      ],
      "word_initial": {
        "n": 50479,
        "mean_loss": 4.285554885864258
      },
      "word_continuation": {
        "n": 34160,
        "mean_loss": 1.6688629388809204
      }
    },
    "5": {
      "freq_range": [
        235.0,
        465.0
      ],
      "word_initial": {
        "n": 56546,
        "mean_loss": 3.699920654296875
      },
      "word_continuation": {
        "n": 29155,
        "mean_loss": 1.3550496101379395
      }
    },
    "6": {
      "freq_range": [
        465.0,
        982.0
      ],
      "word_initial": {
        "n": 52215,
        "mean_loss": 3.252976894378662
      },
      "word_continuation": {
        "n": 32724,
        "mean_loss": 1.7029812335968018
      }
    },
    "7": {
      "freq_range": [
        982.0,
        2871.0
      ],
      "word_initial": {
        "n": 51711,
        "mean_loss": 2.615010976791382
      },
      "word_continuation": {
        "n": 33872,
        "mean_loss": 1.4096875190734863
      }
    },
    "8": {
      "freq_range": [
        2871.0,
        12358.0
      ],
      "word_initial": {
        "n": 53459,
        "mean_loss": 1.8748120069503784
      },
      "word_continuation": {
        "n": 23325,
        "mean_loss": 0.4010387659072876
      }
    },
    "9": {
      "freq_range": [
        12358.0,
        32401.0
      ],
      "word_initial": {
        "n": 94421,
        "mean_loss": 1.3658907413482666
      },
      "word_continuation": {
        "n": 0,
        "mean_loss": null
      }
    }
  },
  "by_wordfreqdecile_position": {
    "0": {
      "wordfreq_range": [
        1.0,
        1.0
      ],
      "word_initial": {
        "n": 0,
        "mean_loss": null
      },
      "word_continuation": {
        "n": 0,
        "mean_loss": null
      }
    },
    "1": {
      "wordfreq_range": [
        1.0,
        2.0
      ],
      "word_initial": {
        "n": 44485,
        "mean_loss": 5.644201278686523
      },
      "word_continuation": {
        "n": 116216,
        "mean_loss": 2.4920105934143066
      }
    },
    "2": {
      "wordfreq_range": [
        2.0,
        5.0
      ],
      "word_initial": {
        "n": 44810,
        "mean_loss": 5.603806018829346
      },
      "word_continuation": {
        "n": 50251,
        "mean_loss": 1.959675669670105
      }
    },
    "3": {
      "wordfreq_range": [
        5.0,
        12.0
      ],
      "word_initial": {
        "n": 48494,
        "mean_loss": 5.297763824462891
      },
      "word_continuation": {
        "n": 30269,
        "mean_loss": 1.493037462234497
      }
    },
    "4": {
      "wordfreq_range": [
        12.0,
        32.0
      ],
      "word_initial": {
        "n": 64423,
        "mean_loss": 4.8422393798828125
      },
      "word_continuation": {
        "n": 26797,
        "mean_loss": 1.3805705308914185
      }
    },
    "5": {
      "wordfreq_range": [
        32.0,
        86.0
      ],
      "word_initial": {
        "n": 66555,
        "mean_loss": 4.40845251083374
      },
      "word_continuation": {
        "n": 19470,
        "mean_loss": 1.333946943283081
      }
    },
    "6": {
      "wordfreq_range": [
        86.0,
        270.0
      ],
      "word_initial": {
        "n": 72729,
        "mean_loss": 3.8982584476470947
      },
      "word_continuation": {
        "n": 12697,
        "mean_loss": 1.4955278635025024
      }
    },
    "7": {
      "wordfreq_range": [
        270.0,
        1543.0
      ],
      "word_initial": {
        "n": 74750,
        "mean_loss": 3.0071909427642822
      },
      "word_continuation": {
        "n": 9698,
        "mean_loss": 1.2223849296569824
      }
    },
    "8": {
      "wordfreq_range": [
        1543.0,
        12226.0
      ],
      "word_initial": {
        "n": 69897,
        "mean_loss": 2.2272608280181885
      },
      "word_continuation": {
        "n": 7724,
        "mean_loss": 0.901461124420166
      }
    },
    "9": {
      "wordfreq_range": [
        12226.0,
        32419.0
      ],
      "word_initial": {
        "n": 94031,
        "mean_loss": 1.358702301979065
      },
      "word_continuation": {
        "n": 99,
        "mean_loss": 3.382108449935913
      }
    }
  },
  "by_position_multitokenonly": {
    "word_initial": {
      "n": 159601,
      "mean_loss": 4.577620983123779
    },
    "word_continuation": {
      "n": 273221,
      "mean_loss": 1.9558823108673096
    }
  },
  "by_wordlen_position": {
    "len2_init": {
      "n": 96521,
      "mean_loss": 4.408833980560303
    },
    "len2_cont": {
      "n": 53079,
      "mean_loss": 2.1189393997192383
    },
    "len3_init": {
      "n": 33069,
      "mean_loss": 5.425701141357422
    },
    "len3_cont": {
      "n": 61634,
      "mean_loss": 2.011820077896118
    },
    "len4plus_init": {
      "n": 30011,
      "mean_loss": 4.185973644256592
    },
    "len4plus_cont": {
      "n": 158508,
      "mean_loss": 1.879529595375061
    }
  },
  "by_wordfreqdecile_position_multitokenonly": {
    "0": {
      "wordfreq_range": [
        1.0,
        1.0
      ],
      "word_initial": {
        "n": 0,
        "mean_loss": null
      },
      "word_continuation": {
        "n": 0,
        "mean_loss": null
      }
    },
    "1": {
      "wordfreq_range": [
        1.0,
        1.0
      ],
      "word_initial": {
        "n": 0,
        "mean_loss": null
      },
      "word_continuation": {
        "n": 0,