{
  "model": "EleutherAI/pythia-12b",
  "n_pred_tokens": 1233738,
  "overall_mean_loss": 1.8068437576293945,
  "by_position": {
    "word_initial": {
      "n": 580174,
      "mean_loss": 2.6525228023529053
    },
    "word_continuation": {
      "n": 273221,
      "mean_loss": 1.09090256690979
    },
    "other": {
      "n": 380343,
      "mean_loss": 1.0311464071273804
    }
  },
  "by_depth": {
    "0_initial": {
      "n": 580174,
      "mean_loss": 2.6525228023529053
    },
    "1": {
      "n": 111688,
      "mean_loss": 1.5367270708084106
    },
    "2": {
      "n": 65341,
      "mean_loss": 1.0082108974456787
    },
    "3plus": {
      "n": 96192,
      "mean_loss": 0.629429042339325
    }
  },
  "by_seqband_position": {
    "early_lt128": {
      "word_initial": {
        "n": 72585,
        "mean_loss": 3.0758795738220215
      },
      "word_continuation": {
        "n": 34258,
        "mean_loss": 1.5505728721618652
      }
    },
    "mid": {
      "word_initial": {
        "n": 362211,
        "mean_loss": 2.6004436016082764
      },
      "word_continuation": {
        "n": 171078,
        "mean_loss": 1.0307180881500244
      }
    },
    "late": {
      "word_initial": {
        "n": 145378,
        "mean_loss": 2.5709025859832764
      },
      "word_continuation": {
        "n": 67885,
        "mean_loss": 1.0106031894683838
      }
    }
  },
  "by_freqdecile_position": {
    "0": {
      "freq_range": [
        1.0,
        14.0
      ],
      "word_initial": {
        "n": 55046,
        "mean_loss": 4.588448524475098
      },
      "word_continuation": {
        "n": 29401,
        "mean_loss": 2.3770182132720947
      }
    },
    "1": {
      "freq_range": [
        14.0,
        35.0
      ],
      "word_initial": {
        "n": 55500,
        "mean_loss": 3.7771878242492676
      },
      "word_continuation": {
        "n": 29716,
        "mean_loss": 1.5728778839111328
      }
    },
    "2": {
      "freq_range": [
        35.0,
        69.0
      ],
      "word_initial": {
        "n": 55345,
        "mean_loss": 3.512777805328369
      },
      "word_continuation": {
        "n": 28638,
        "mean_loss": 1.2178881168365479
      }
    },
    "3": {
      "freq_range": [
        69.0,
        129.0
      ],
      "word_initial": {
        "n": 55452,
        "mean_loss": 3.1906614303588867
      },
      "word_continuation": {
        "n": 32230,
        "mean_loss": 0.9713709950447083
      }
    },
    "4": {
      "freq_range": [
        129.0,
        235.0
      ],
      "word_initial": {
        "n": 50479,
        "mean_loss": 3.0187227725982666
      },
      "word_continuation": {
        "n": 34160,
        "mean_loss": 0.8078916668891907
      }
    },
    "5": {
      "freq_range": [
        235.0,
        465.0
      ],
      "word_initial": {
        "n": 56546,
        "mean_loss": 2.6492114067077637
      },
      "word_continuation": {
        "n": 29155,
        "mean_loss": 0.6907638311386108
      }
    },
    "6": {
      "freq_range": [
        465.0,
        982.0
      ],
      "word_initial": {
        "n": 52215,
        "mean_loss": 2.2954418659210205
      },
      "word_continuation": {
        "n": 32724,
        "mean_loss": 0.9695795178413391
      }
    },
    "7": {
      "freq_range": [
        982.0,
        2871.0
      ],
      "word_initial": {
        "n": 51711,
        "mean_loss": 2.027315616607666
      },
      "word_continuation": {
        "n": 33872,
        "mean_loss": 0.8788238167762756
      }
    },
    "8": {
      "freq_range": [
        2871.0,
        12358.0
      ],
      "word_initial": {
        "n": 53459,
        "mean_loss": 1.4195269346237183
      },
      "word_continuation": {
        "n": 23325,
        "mean_loss": 0.25779926776885986
      }
    },
    "9": {
      "freq_range": [
        12358.0,
        32401.0
      ],
      "word_initial": {
        "n": 94421,
        "mean_loss": 1.0867278575897217
      },
      "word_continuation": {
        "n": 0,
        "mean_loss": null
      }
    }
  },
  "by_wordfreqdecile_position": {
    "0": {
      "wordfreq_range": [
        1.0,
        1.0
      ],
      "word_initial": {
        "n": 0,
        "mean_loss": null
      },
      "word_continuation": {
        "n": 0,
        "mean_loss": null
      }
    },
    "1": {
      "wordfreq_range": [
        1.0,
        2.0
      ],
      "word_initial": {
        "n": 44485,
        "mean_loss": 3.9306037425994873
      },
      "word_continuation": {
        "n": 116216,
        "mean_loss": 1.3605701923370361
      }
    },
    "2": {
      "wordfreq_range": [
        2.0,
        5.0
      ],
      "word_initial": {
        "n": 44810,
        "mean_loss": 3.807659864425659
      },
      "word_continuation": {
        "n": 50251,
        "mean_loss": 1.0103275775909424
      }
    },
    "3": {
      "wordfreq_range": [
        5.0,
        12.0
      ],
      "word_initial": {
        "n": 48494,
        "mean_loss": 3.6026229858398438
      },
      "word_continuation": {
        "n": 30269,
        "mean_loss": 0.774150013923645
      }
    },
    "4": {
      "wordfreq_range": [
        12.0,
        32.0
      ],
      "word_initial": {
        "n": 64423,
        "mean_loss": 3.323237657546997
      },
      "word_continuation": {
        "n": 26797,
        "mean_loss": 0.7773722410202026
      }
    },
    "5": {
      "wordfreq_range": [
        32.0,
        86.0
      ],
      "word_initial": {
        "n": 66555,
        "mean_loss": 3.097306728363037
      },
      "word_continuation": {
        "n": 19470,
        "mean_loss": 0.79958176612854
      }
    },
    "6": {
      "wordfreq_range": [
        86.0,
        270.0
      ],
      "word_initial": {
        "n": 72729,
        "mean_loss": 2.8184292316436768
      },
      "word_continuation": {
        "n": 12697,
        "mean_loss": 1.1001912355422974
      }
    },
    "7": {
      "wordfreq_range": [
        270.0,
        1543.0
      ],
      "word_initial": {
        "n": 74750,
        "mean_loss": 2.2743144035339355
      },
      "word_continuation": {
        "n": 9698,
        "mean_loss": 0.9336827397346497
      }
    },
    "8": {
      "wordfreq_range": [
        1543.0,
        12226.0
      ],
      "word_initial": {
        "n": 69897,
        "mean_loss": 1.7432440519332886
      },
      "word_continuation": {
        "n": 7724,
        "mean_loss": 0.788226842880249
      }
    },
    "9": {
      "wordfreq_range": [
        12226.0,
        32419.0
      ],
      "word_initial": {
        "n": 94031,
        "mean_loss": 1.081311583518982
      },
      "word_continuation": {
        "n": 99,
        "mean_loss": 2.2567248344421387
      }
    }
  },
  "by_position_multitokenonly": {
    "word_initial": {
      "n": 159601,
      "mean_loss": 3.023566722869873
    },
    "word_continuation": {
      "n": 273221,
      "mean_loss": 1.09090256690979
    }
  },
  "by_wordlen_position": {
    "len2_init": {
      "n": 96521,
      "mean_loss": 2.8969271183013916
    },
    "len2_cont": {
      "n": 53079,
      "mean_loss": 1.393646240234375
    },
    "len3_init": {
      "n": 33069,
      "mean_loss": 3.6108224391937256
    },
    "len3_cont": {
      "n": 61634,
      "mean_loss": 1.159478783607483
    },
    "len4plus_init": {
      "n": 30011,
      "mean_loss": 2.783769369125366
    },
    "len4plus_cont": {
      "n": 158508,
      "mean_loss": 0.9628591537475586
    }
  },
  "by_wordfreqdecile_position_multitokenonly": {
    "0": {
      "wordfreq_range": [
        1.0,
        1.0
      ],
      "word_initial": {
        "n": 0,
        "mean_loss": null
      },
      "word_continuation": {
        "n": 0,
        "mean_loss": null
      }
    },
    "1": {
      "wordfreq_range": [
        1.0,
        1.0
      ],
      "word_initial": {
        "n": 0,
        "mean_loss": null
      },
      "word_continuation": {
        "n": 0,