{
  "model": "EleutherAI/pythia-1.4b",
  "n_pred_tokens": 1233738,
  "overall_mean_loss": 4.033651351928711,
  "by_position": {
    "word_initial": {
      "n": 580174,
      "mean_loss": 5.310788631439209
    },
    "word_continuation": {
      "n": 273221,
      "mean_loss": 3.840308666229248
    },
    "other": {
      "n": 380343,
      "mean_loss": 2.2243988513946533
    }
  },
  "by_depth": {
    "0_initial": {
      "n": 580174,
      "mean_loss": 5.310788631439209
    },
    "1": {
      "n": 111688,
      "mean_loss": 4.190596103668213
    },
    "2": {
      "n": 65341,
      "mean_loss": 4.164793491363525
    },
    "3plus": {
      "n": 96192,
      "mean_loss": 3.2131764888763428
    }
  },
  "by_seqband_position": {
    "early_lt128": {
      "word_initial": {
        "n": 72585,
        "mean_loss": 5.648255348205566
      },
      "word_continuation": {
        "n": 34258,
        "mean_loss": 4.644268989562988
      }
    },
    "mid": {
      "word_initial": {
        "n": 362211,
        "mean_loss": 5.275776386260986
      },
      "word_continuation": {
        "n": 171078,
        "mean_loss": 3.7618446350097656
      }
    },
    "late": {
      "word_initial": {
        "n": 145378,
        "mean_loss": 5.22952938079834
      },
      "word_continuation": {
        "n": 67885,
        "mean_loss": 3.6323301792144775
      }
    }
  },
  "by_freqdecile_position": {
    "0": {
      "freq_range": [
        1.0,
        14.0
      ],
      "word_initial": {
        "n": 55046,
        "mean_loss": 8.72823715209961
      },
      "word_continuation": {
        "n": 29401,
        "mean_loss": 6.133032321929932
      }
    },
    "1": {
      "freq_range": [
        14.0,
        35.0
      ],
      "word_initial": {
        "n": 55500,
        "mean_loss": 7.7591023445129395
      },
      "word_continuation": {
        "n": 29716,
        "mean_loss": 5.1871209144592285
      }
    },
    "2": {
      "freq_range": [
        35.0,
        69.0
      ],
      "word_initial": {
        "n": 55345,
        "mean_loss": 7.337392807006836
      },
      "word_continuation": {
        "n": 28638,
        "mean_loss": 4.723994255065918
      }
    },
    "3": {
      "freq_range": [
        69.0,
        129.0
      ],
      "word_initial": {
        "n": 55452,
        "mean_loss": 6.798350811004639
      },
      "word_continuation": {
        "n": 32230,
        "mean_loss": 4.158331871032715
      }
    },
    "4": {
      "freq_range": [
        129.0,
        235.0
      ],
      "word_initial": {
        "n": 50479,
        "mean_loss": 6.279753684997559
      },
      "word_continuation": {
        "n": 34160,
        "mean_loss": 3.793214797973633
      }
    },
    "5": {
      "freq_range": [
        235.0,
        465.0
      ],
      "word_initial": {
        "n": 56546,
        "mean_loss": 5.5087456703186035
      },
      "word_continuation": {
        "n": 29155,
        "mean_loss": 3.374227523803711
      }
    },
    "6": {
      "freq_range": [
        465.0,
        982.0
      ],
      "word_initial": {
        "n": 52215,
        "mean_loss": 4.7400383949279785
      },
      "word_continuation": {
        "n": 32724,
        "mean_loss": 3.2783424854278564
      }
    },
    "7": {
      "freq_range": [
        982.0,
        2871.0
      ],
      "word_initial": {
        "n": 51711,
        "mean_loss": 3.7394697666168213
      },
      "word_continuation": {
        "n": 33872,
        "mean_loss": 2.5471856594085693
      }
    },
    "8": {
      "freq_range": [
        2871.0,
        12358.0
      ],
      "word_initial": {
        "n": 53459,
        "mean_loss": 2.6405434608459473
      },
      "word_continuation": {
        "n": 23325,
        "mean_loss": 1.0279035568237305
      }
    },
    "9": {
      "freq_range": [
        12358.0,
        32401.0
      ],
      "word_initial": {
        "n": 94421,
        "mean_loss": 1.8692840337753296
      },
      "word_continuation": {
        "n": 0,
        "mean_loss": null
      }
    }
  },
  "by_wordfreqdecile_position": {
    "0": {
      "wordfreq_range": [
        1.0,
        1.0
      ],
      "word_initial": {
        "n": 0,
        "mean_loss": null
      },
      "word_continuation": {
        "n": 0,
        "mean_loss": null
      }
    },
    "1": {
      "wordfreq_range": [
        1.0,
        2.0
      ],
      "word_initial": {
        "n": 44485,
        "mean_loss": 7.430510520935059
      },
      "word_continuation": {
        "n": 116216,
        "mean_loss": 4.552916526794434
      }
    },
    "2": {
      "wordfreq_range": [
        2.0,
        5.0
      ],
      "word_initial": {
        "n": 44810,
        "mean_loss": 7.773536205291748
      },
      "word_continuation": {
        "n": 50251,
        "mean_loss": 3.8238818645477295
      }
    },
    "3": {
      "wordfreq_range": [
        5.0,
        12.0
      ],
      "word_initial": {
        "n": 48494,
        "mean_loss": 7.5203046798706055
      },
      "word_continuation": {
        "n": 30269,
        "mean_loss": 3.3904190063476562
      }
    },
    "4": {
      "wordfreq_range": [
        12.0,
        32.0
      ],
      "word_initial": {
        "n": 64423,
        "mean_loss": 7.100913047790527
      },
      "word_continuation": {
        "n": 26797,
        "mean_loss": 3.2235312461853027
      }
    },
    "5": {
      "wordfreq_range": [
        32.0,
        86.0
      ],
      "word_initial": {
        "n": 66555,
        "mean_loss": 6.611654758453369
      },
      "word_continuation": {
        "n": 19470,
        "mean_loss": 3.0566813945770264
      }
    },
    "6": {
      "wordfreq_range": [
        86.0,
        270.0
      ],
      "word_initial": {
        "n": 72729,
        "mean_loss": 5.803524971008301
      },
      "word_continuation": {
        "n": 12697,
        "mean_loss": 3.3011956214904785
      }
    },
    "7": {
      "wordfreq_range": [
        270.0,
        1543.0
      ],
      "word_initial": {
        "n": 74750,
        "mean_loss": 4.444871425628662
      },
      "word_continuation": {
        "n": 9698,
        "mean_loss": 2.56752610206604
      }
    },
    "8": {
      "wordfreq_range": [
        1543.0,
        12226.0
      ],
      "word_initial": {
        "n": 69897,
        "mean_loss": 3.0133187770843506
      },
      "word_continuation": {
        "n": 7724,
        "mean_loss": 1.5883690118789673
      }
    },
    "9": {
      "wordfreq_range": [
        12226.0,
        32419.0
      ],
      "word_initial": {
        "n": 94031,
        "mean_loss": 1.8627045154571533
      },
      "word_continuation": {
        "n": 99,
        "mean_loss": 3.7822158336639404
      }
    }
  },
  "by_position_multitokenonly": {
    "word_initial": {
      "n": 159601,
      "mean_loss": 6.739772796630859
    },
    "word_continuation": {
      "n": 273221,
      "mean_loss": 3.840308666229248
    }
  },
  "by_wordlen_position": {
    "len2_init": {
      "n": 96521,
      "mean_loss": 6.741752624511719
    },
    "len2_cont": {
      "n": 53079,
      "mean_loss": 3.7008297443389893
    },
    "len3_init": {
      "n": 33069,
      "mean_loss": 7.542547225952148
    },
    "len3_cont": {
      "n": 61634,
      "mean_loss": 3.9506304264068604
    },
    "len4plus_init": {
      "n": 30011,
      "mean_loss": 5.848832130432129
    },
    "len4plus_cont": {
      "n": 158508,
      "mean_loss": 3.8441178798675537
    }
  },
  "by_wordfreqdecile_position_multitokenonly": {
    "0": {
      "wordfreq_range": [
        1.0,
        1.0
      ],
      "word_initial": {
        "n": 0,
        "mean_loss": null
      },
      "word_continuation": {
        "n": 0,
        "mean_loss": null
      }
    },
    "1": {
      "wordfreq_range": [
        1.0,
        1.0
      ],
      "word_initial": {
        "n": 0,
        "mean_loss": null
      },
      "word_continuation": {
        "n": 0,