{
  "model": "EleutherAI/pythia-1.4b-deduped",
  "n_pred_tokens": 1233738,
  "overall_mean_loss": 2.3858323097229004,
  "by_position": {
    "word_initial": {
      "n": 580174,
      "mean_loss": 3.428788185119629
    },
    "word_continuation": {
      "n": 273221,
      "mean_loss": 1.685295820236206
    },
    "other": {
      "n": 380343,
      "mean_loss": 1.2981445789337158
    }
  },
  "by_depth": {
    "0_initial": {
      "n": 580174,
      "mean_loss": 3.428788185119629
    },
    "1": {
      "n": 111688,
      "mean_loss": 2.1711788177490234
    },
    "2": {
      "n": 65341,
      "mean_loss": 1.6386879682540894
    },
    "3plus": {
      "n": 96192,
      "mean_loss": 1.152799367904663
    }
  },
  "by_seqband_position": {
    "early_lt128": {
      "word_initial": {
        "n": 72585,
        "mean_loss": 3.839059352874756
      },
      "word_continuation": {
        "n": 34258,
        "mean_loss": 2.2706167697906494
      }
    },
    "mid": {
      "word_initial": {
        "n": 362211,
        "mean_loss": 3.380540609359741
      },
      "word_continuation": {
        "n": 171078,
        "mean_loss": 1.6136631965637207
      }
    },
    "late": {
      "word_initial": {
        "n": 145378,
        "mean_loss": 3.344155788421631
      },
      "word_continuation": {
        "n": 67885,
        "mean_loss": 1.5704373121261597
      }
    }
  },
  "by_freqdecile_position": {
    "0": {
      "freq_range": [
        1.0,
        14.0
      ],
      "word_initial": {
        "n": 55046,
        "mean_loss": 5.987607955932617
      },
      "word_continuation": {
        "n": 29401,
        "mean_loss": 3.4111721515655518
      }
    },
    "1": {
      "freq_range": [
        14.0,
        35.0
      ],
      "word_initial": {
        "n": 55500,
        "mean_loss": 5.0321364402771
      },
      "word_continuation": {
        "n": 29716,
        "mean_loss": 2.4023406505584717
      }
    },
    "2": {
      "freq_range": [
        35.0,
        69.0
      ],
      "word_initial": {
        "n": 55345,
        "mean_loss": 4.658901691436768
      },
      "word_continuation": {
        "n": 28638,
        "mean_loss": 2.014747381210327
      }
    },
    "3": {
      "freq_range": [
        69.0,
        129.0
      ],
      "word_initial": {
        "n": 55452,
        "mean_loss": 4.20159387588501
      },
      "word_continuation": {
        "n": 32230,
        "mean_loss": 1.6279865503311157
      }
    },
    "4": {
      "freq_range": [
        129.0,
        235.0
      ],
      "word_initial": {
        "n": 50479,
        "mean_loss": 3.9254839420318604
      },
      "word_continuation": {
        "n": 34160,
        "mean_loss": 1.376821756362915
      }
    },
    "5": {
      "freq_range": [
        235.0,
        465.0
      ],
      "word_initial": {
        "n": 56546,
        "mean_loss": 3.4139132499694824
      },
      "word_continuation": {
        "n": 29155,
        "mean_loss": 1.173622965812683
      }
    },
    "6": {
      "freq_range": [
        465.0,
        982.0
      ],
      "word_initial": {
        "n": 52215,
        "mean_loss": 3.000511646270752
      },
      "word_continuation": {
        "n": 32724,
        "mean_loss": 1.4576656818389893
      }
    },
    "7": {
      "freq_range": [
        982.0,
        2871.0
      ],
      "word_initial": {
        "n": 51711,
        "mean_loss": 2.42643666267395
      },
      "word_continuation": {
        "n": 33872,
        "mean_loss": 1.200995683670044
      }
    },
    "8": {
      "freq_range": [
        2871.0,
        12358.0
      ],
      "word_initial": {
        "n": 53459,
        "mean_loss": 1.736595630645752
      },
      "word_continuation": {
        "n": 23325,
        "mean_loss": 0.38499748706817627
      }
    },
    "9": {
      "freq_range": [
        12358.0,
        32401.0
      ],
      "word_initial": {
        "n": 94421,
        "mean_loss": 1.306945562362671
      },
      "word_continuation": {
        "n": 0,
        "mean_loss": null
      }
    }
  },
  "by_wordfreqdecile_position": {
    "0": {
      "wordfreq_range": [
        1.0,
        1.0
      ],
      "word_initial": {
        "n": 0,
        "mean_loss": null
      },
      "word_continuation": {
        "n": 0,
        "mean_loss": null
      }
    },
    "1": {
      "wordfreq_range": [
        1.0,
        2.0
      ],
      "word_initial": {
        "n": 44485,
        "mean_loss": 5.2297868728637695
      },
      "word_continuation": {
        "n": 116216,
        "mean_loss": 2.147348642349243
      }
    },
    "2": {
      "wordfreq_range": [
        2.0,
        5.0
      ],
      "word_initial": {
        "n": 44810,
        "mean_loss": 5.130557537078857
      },
      "word_continuation": {
        "n": 50251,
        "mean_loss": 1.6964061260223389
      }
    },
    "3": {
      "wordfreq_range": [
        5.0,
        12.0
      ],
      "word_initial": {
        "n": 48494,
        "mean_loss": 4.83833646774292
      },
      "word_continuation": {
        "n": 30269,
        "mean_loss": 1.270860195159912
      }
    },
    "4": {
      "wordfreq_range": [
        12.0,
        32.0
      ],
      "word_initial": {
        "n": 64423,
        "mean_loss": 4.432309150695801
      },
      "word_continuation": {
        "n": 26797,
        "mean_loss": 1.1473190784454346
      }
    },
    "5": {
      "wordfreq_range": [
        32.0,
        86.0
      ],
      "word_initial": {
        "n": 66555,
        "mean_loss": 4.0434160232543945
      },
      "word_continuation": {
        "n": 19470,
        "mean_loss": 1.1035619974136353
      }
    },
    "6": {
      "wordfreq_range": [
        86.0,
        270.0
      ],
      "word_initial": {
        "n": 72729,
        "mean_loss": 3.590177536010742
      },
      "word_continuation": {
        "n": 12697,
        "mean_loss": 1.349887490272522
      }
    },
    "7": {
      "wordfreq_range": [
        270.0,
        1543.0
      ],
      "word_initial": {
        "n": 74750,
        "mean_loss": 2.795907974243164
      },
      "word_continuation": {
        "n": 9698,
        "mean_loss": 1.1168982982635498
      }
    },
    "8": {
      "wordfreq_range": [
        1543.0,
        12226.0
      ],
      "word_initial": {
        "n": 69897,
        "mean_loss": 2.075925588607788
      },
      "word_continuation": {
        "n": 7724,
        "mean_loss": 0.8652571439743042
      }
    },
    "9": {
      "wordfreq_range": [
        12226.0,
        32419.0
      ],
      "word_initial": {
        "n": 94031,
        "mean_loss": 1.3001962900161743
      },
      "word_continuation": {
        "n": 99,
        "mean_loss": 3.0573573112487793
      }
    }
  },
  "by_position_multitokenonly": {
    "word_initial": {
      "n": 159601,
      "mean_loss": 4.169012069702148
    },
    "word_continuation": {
      "n": 273221,
      "mean_loss": 1.685295820236206
    }
  },
  "by_wordlen_position": {
    "len2_init": {
      "n": 96521,
      "mean_loss": 3.99887752532959
    },
    "len2_cont": {
      "n": 53079,
      "mean_loss": 1.9013112783432007
    },
    "len3_init": {
      "n": 33069,
      "mean_loss": 4.963733196258545
    },
    "len3_cont": {
      "n": 61634,
      "mean_loss": 1.7489807605743408
    },
    "len4plus_init": {
      "n": 30011,
      "mean_loss": 3.840496778488159
    },
    "len4plus_cont": {
      "n": 158508,
      "mean_loss": 1.5881963968276978
    }
  },
  "by_wordfreqdecile_position_multitokenonly": {
    "0": {
      "wordfreq_range": [
        1.0,
        1.0
      ],
      "word_initial": {
        "n": 0,
        "mean_loss": null
      },
      "word_continuation": {
        "n": 0,
        "mean_loss": null
      }
    },
    "1": {
      "wordfreq_range": [
        1.0,
        1.0
      ],
      "word_initial": {
        "n": 0,
        "mean_loss": null
      },
      "word_continuation": {
        "n": 0,