{
  "model": "EleutherAI/pythia-1.4b-deduped",
  "n_pred_tokens": 1233738,
  "overall_mean_loss": 2.012256383895874,
  "by_position": {
    "word_initial": {
      "n": 580174,
      "mean_loss": 2.9447877407073975
    },
    "word_continuation": {
      "n": 273221,
      "mean_loss": 1.2770527601242065
    },
    "other": {
      "n": 380343,
      "mean_loss": 1.117913007736206
    }
  },
  "by_depth": {
    "0_initial": {
      "n": 580174,
      "mean_loss": 2.9447877407073975
    },
    "1": {
      "n": 111688,
      "mean_loss": 1.7374234199523926
    },
    "2": {
      "n": 65341,
      "mean_loss": 1.2025974988937378
    },
    "3plus": {
      "n": 96192,
      "mean_loss": 0.7930945754051208
    }
  },
  "by_seqband_position": {
    "early_lt128": {
      "word_initial": {
        "n": 72585,
        "mean_loss": 3.3490383625030518
      },
      "word_continuation": {
        "n": 34258,
        "mean_loss": 1.7692309617996216
      }
    },
    "mid": {
      "word_initial": {
        "n": 362211,
        "mean_loss": 2.8952791690826416
      },
      "word_continuation": {
        "n": 171078,
        "mean_loss": 1.2138763666152954
      }
    },
    "late": {
      "word_initial": {
        "n": 145378,
        "mean_loss": 2.866302490234375
      },
      "word_continuation": {
        "n": 67885,
        "mean_loss": 1.1878877878189087
      }
    }
  },
  "by_freqdecile_position": {
    "0": {
      "freq_range": [
        1.0,
        14.0
      ],
      "word_initial": {
        "n": 55046,
        "mean_loss": 5.148777961730957
      },
      "word_continuation": {
        "n": 29401,
        "mean_loss": 2.7218408584594727
      }
    },
    "1": {
      "freq_range": [
        14.0,
        35.0
      ],
      "word_initial": {
        "n": 55500,
        "mean_loss": 4.269465446472168
      },
      "word_continuation": {
        "n": 29716,
        "mean_loss": 1.8474310636520386
      }
    },
    "2": {
      "freq_range": [
        35.0,
        69.0
      ],
      "word_initial": {
        "n": 55345,
        "mean_loss": 3.9524223804473877
      },
      "word_continuation": {
        "n": 28638,
        "mean_loss": 1.4671396017074585
      }
    },
    "3": {
      "freq_range": [
        69.0,
        129.0
      ],
      "word_initial": {
        "n": 55452,
        "mean_loss": 3.5770795345306396
      },
      "word_continuation": {
        "n": 32230,
        "mean_loss": 1.1585183143615723
      }
    },
    "4": {
      "freq_range": [
        129.0,
        235.0
      ],
      "word_initial": {
        "n": 50479,
        "mean_loss": 3.366870403289795
      },
      "word_continuation": {
        "n": 34160,
        "mean_loss": 0.967269241809845
      }
    },
    "5": {
      "freq_range": [
        235.0,
        465.0
      ],
      "word_initial": {
        "n": 56546,
        "mean_loss": 2.9401776790618896
      },
      "word_continuation": {
        "n": 29155,
        "mean_loss": 0.8031061887741089
      }
    },
    "6": {
      "freq_range": [
        465.0,
        982.0
      ],
      "word_initial": {
        "n": 52215,
        "mean_loss": 2.542275905609131
      },
      "word_continuation": {
        "n": 32724,
        "mean_loss": 1.1359689235687256
      }
    },
    "7": {
      "freq_range": [
        982.0,
        2871.0
      ],
      "word_initial": {
        "n": 51711,
        "mean_loss": 2.1520583629608154
      },
      "word_continuation": {
        "n": 33872,
        "mean_loss": 1.0068647861480713
      }
    },
    "8": {
      "freq_range": [
        2871.0,
        12358.0
      ],
      "word_initial": {
        "n": 53459,
        "mean_loss": 1.528880000114441
      },
      "word_continuation": {
        "n": 23325,
        "mean_loss": 0.29603707790374756
      }
    },
    "9": {
      "freq_range": [
        12358.0,
        32401.0
      ],
      "word_initial": {
        "n": 94421,
        "mean_loss": 1.1547999382019043
      },
      "word_continuation": {
        "n": 0,
        "mean_loss": null
      }
    }
  },
  "by_wordfreqdecile_position": {
    "0": {
      "wordfreq_range": [
        1.0,
        1.0
      ],
      "word_initial": {
        "n": 0,
        "mean_loss": null
      },
      "word_continuation": {
        "n": 0,
        "mean_loss": null
      }
    },
    "1": {
      "wordfreq_range": [
        1.0,
        2.0
      ],
      "word_initial": {
        "n": 44485,
        "mean_loss": 4.461050987243652
      },
      "word_continuation": {
        "n": 116216,
        "mean_loss": 1.6274127960205078
      }
    },
    "2": {
      "wordfreq_range": [
        2.0,
        5.0
      ],
      "word_initial": {
        "n": 44810,
        "mean_loss": 4.343109607696533
      },
      "word_continuation": {
        "n": 50251,
        "mean_loss": 1.2331539392471313
      }
    },
    "3": {
      "wordfreq_range": [
        5.0,
        12.0
      ],
      "word_initial": {
        "n": 48494,
        "mean_loss": 4.095489978790283
      },
      "word_continuation": {
        "n": 30269,
        "mean_loss": 0.8905090093612671
      }
    },
    "4": {
      "wordfreq_range": [
        12.0,
        32.0
      ],
      "word_initial": {
        "n": 64423,
        "mean_loss": 3.739288806915283
      },
      "word_continuation": {
        "n": 26797,
        "mean_loss": 0.8710220456123352
      }
    },
    "5": {
      "wordfreq_range": [
        32.0,
        86.0
      ],
      "word_initial": {
        "n": 66555,
        "mean_loss": 3.450091600418091
      },
      "word_continuation": {
        "n": 19470,
        "mean_loss": 0.8827500939369202
      }
    },
    "6": {
      "wordfreq_range": [
        86.0,
        270.0
      ],
      "word_initial": {
        "n": 72729,
        "mean_loss": 3.110687494277954
      },
      "word_continuation": {
        "n": 12697,
        "mean_loss": 1.1519664525985718
      }
    },
    "7": {
      "wordfreq_range": [
        270.0,
        1543.0
      ],
      "word_initial": {
        "n": 74750,
        "mean_loss": 2.4458389282226562
      },
      "word_continuation": {
        "n": 9698,
        "mean_loss": 0.9416638612747192
      }
    },
    "8": {
      "wordfreq_range": [
        1543.0,
        12226.0
      ],
      "word_initial": {
        "n": 69897,
        "mean_loss": 1.8483102321624756
      },
      "word_continuation": {
        "n": 7724,
        "mean_loss": 0.820734441280365
      }
    },
    "9": {
      "wordfreq_range": [
        12226.0,
        32419.0
      ],
      "word_initial": {
        "n": 94031,
        "mean_loss": 1.149046540260315
      },
      "word_continuation": {
        "n": 99,
        "mean_loss": 2.405231475830078
      }
    }
  },
  "by_position_multitokenonly": {
    "word_initial": {
      "n": 159601,
      "mean_loss": 3.4713597297668457
    },
    "word_continuation": {
      "n": 273221,
      "mean_loss": 1.2770527601242065
    }
  },
  "by_wordlen_position": {
    "len2_init": {
      "n": 96521,
      "mean_loss": 3.3133716583251953
    },
    "len2_cont": {
      "n": 53079,
      "mean_loss": 1.538340449333191
    },
    "len3_init": {
      "n": 33069,
      "mean_loss": 4.154488563537598
    },
    "len3_cont": {
      "n": 61634,
      "mean_loss": 1.3318779468536377
    },
    "len4plus_init": {
      "n": 30011,
      "mean_loss": 3.226745128631592
    },
    "len4plus_cont": {
      "n": 158508,
      "mean_loss": 1.1682379245758057
    }
  },
  "by_wordfreqdecile_position_multitokenonly": {
    "0": {
      "wordfreq_range": [
        1.0,
        1.0
      ],
      "word_initial": {
        "n": 0,
        "mean_loss": null
      },
      "word_continuation": {
        "n": 0,
        "mean_loss": null
      }
    },
    "1": {
      "wordfreq_range": [
        1.0,
        1.0
      ],
      "word_initial": {
        "n": 0,
        "mean_loss": null
      },
      "word_continuation": {
        "n": 0,