{
  "model": "cerebras/Cerebras-GPT-111M",
  "n_pred_tokens": 1255221,
  "overall_mean_loss": 3.27421498298645,
  "by_position": {
    "word_initial": {
      "n": 591423,
      "mean_loss": 4.512292385101318
    },
    "word_continuation": {
      "n": 260882,
      "mean_loss": 2.931654691696167
    },
    "other": {
      "n": 402916,
      "mean_loss": 1.6786932945251465
    }
  },
  "by_depth": {
    "0_initial": {
      "n": 591423,
      "mean_loss": 4.512292385101318
    },
    "1": {
      "n": 107387,
      "mean_loss": 3.448194742202759
    },
    "2": {
      "n": 68142,
      "mean_loss": 2.8178887367248535
    },
    "3plus": {
      "n": 85353,
      "mean_loss": 2.3725945949554443
    }
  },
  "by_seqband_position": {
    "early_lt128": {
      "word_initial": {
        "n": 73561,
        "mean_loss": 4.890680313110352
      },
      "word_continuation": {
        "n": 32489,
        "mean_loss": 3.6456425189971924
      }
    },
    "mid": {
      "word_initial": {
        "n": 370486,
        "mean_loss": 4.4746832847595215
      },
      "word_continuation": {
        "n": 164056,
        "mean_loss": 2.861528158187866
      }
    },
    "late": {
      "word_initial": {
        "n": 147376,
        "mean_loss": 4.417969703674316
      },
      "word_continuation": {
        "n": 64337,
        "mean_loss": 2.749922752380371
      }
    }
  },
  "by_freqdecile_position": {
    "0": {
      "freq_range": [
        1.0,
        13.0
      ],
      "word_initial": {
        "n": 57269,
        "mean_loss": 7.909924507141113
      },
      "word_continuation": {
        "n": 27079,
        "mean_loss": 5.147214889526367
      }
    },
    "1": {
      "freq_range": [
        13.0,
        33.0
      ],
      "word_initial": {
        "n": 56647,
        "mean_loss": 6.756348609924316
      },
      "word_continuation": {
        "n": 27842,
        "mean_loss": 4.094263553619385
      }
    },
    "2": {
      "freq_range": [
        33.0,
        67.0
      ],
      "word_initial": {
        "n": 57039,
        "mean_loss": 6.194219589233398
      },
      "word_continuation": {
        "n": 27345,
        "mean_loss": 3.548848867416382
      }
    },
    "3": {
      "freq_range": [
        67.0,
        129.0
      ],
      "word_initial": {
        "n": 56828,
        "mean_loss": 5.6854248046875
      },
      "word_continuation": {
        "n": 30117,
        "mean_loss": 3.1381306648254395
      }
    },
    "4": {
      "freq_range": [
        129.0,
        242.0
      ],
      "word_initial": {
        "n": 51430,
        "mean_loss": 5.216587066650391
      },
      "word_continuation": {
        "n": 33949,
        "mean_loss": 2.8440399169921875
      }
    },
    "5": {
      "freq_range": [
        242.0,
        485.0
      ],
      "word_initial": {
        "n": 57684,
        "mean_loss": 4.5842084884643555
      },
      "word_continuation": {
        "n": 27774,
        "mean_loss": 2.3449959754943848
      }
    },
    "6": {
      "freq_range": [
        485.0,
        1012.0
      ],
      "word_initial": {
        "n": 49167,
        "mean_loss": 3.8451712131500244
      },
      "word_continuation": {
        "n": 35680,
        "mean_loss": 2.367427110671997
      }
    },
    "7": {
      "freq_range": [
        1012.0,
        2999.0
      ],
      "word_initial": {
        "n": 54736,
        "mean_loss": 3.0827863216400146
      },
      "word_continuation": {
        "n": 28660,
        "mean_loss": 2.2372336387634277
      }
    },
    "8": {
      "freq_range": [
        2999.0,
        12360.0
      ],
      "word_initial": {
        "n": 56168,
        "mean_loss": 2.0207788944244385
      },
      "word_continuation": {
        "n": 22436,
        "mean_loss": 0.4286213517189026
      }
    },
    "9": {
      "freq_range": [
        12360.0,
        32405.0
      ],
      "word_initial": {
        "n": 94455,
        "mean_loss": 1.6148159503936768
      },
      "word_continuation": {
        "n": 0,
        "mean_loss": null
      }
    }
  },
  "by_wordfreqdecile_position": {
    "0": {
      "wordfreq_range": [
        1.0,
        1.0
      ],
      "word_initial": {
        "n": 0,
        "mean_loss": null
      },
      "word_continuation": {
        "n": 0,
        "mean_loss": null
      }
    },
    "1": {
      "wordfreq_range": [
        1.0,
        2.0
      ],
      "word_initial": {
        "n": 43660,
        "mean_loss": 6.871975421905518
      },
      "word_continuation": {
        "n": 104444,
        "mean_loss": 3.727910041809082
      }
    },
    "2": {
      "wordfreq_range": [
        2.0,
        5.0
      ],
      "word_initial": {
        "n": 45307,
        "mean_loss": 6.894832611083984
      },
      "word_continuation": {
        "n": 47365,
        "mean_loss": 3.0193166732788086
      }
    },
    "3": {
      "wordfreq_range": [
        5.0,
        15.0
      ],
      "word_initial": {
        "n": 62848,
        "mean_loss": 6.404975414276123
      },
      "word_continuation": {
        "n": 35337,
        "mean_loss": 2.5277013778686523
      }
    },
    "4": {
      "wordfreq_range": [
        15.0,
        38.0
      ],
      "word_initial": {
        "n": 63792,
        "mean_loss": 5.937216281890869
      },
      "word_continuation": {
        "n": 22792,
        "mean_loss": 2.313546895980835
      }
    },
    "5": {
      "wordfreq_range": [
        38.0,
        101.0
      ],
      "word_initial": {
        "n": 66405,
        "mean_loss": 5.367509365081787
      },
      "word_continuation": {
        "n": 18974,
        "mean_loss": 2.126307964324951
      }
    },
    "6": {
      "wordfreq_range": [
        101.0,
        326.0
      ],
      "word_initial": {
        "n": 74228,
        "mean_loss": 4.672743320465088
      },
      "word_continuation": {
        "n": 11356,
        "mean_loss": 2.3607118129730225
      }
    },
    "7": {
      "wordfreq_range": [
        326.0,
        1921.0
      ],
      "word_initial": {
        "n": 74032,
        "mean_loss": 3.4737935066223145
      },
      "word_continuation": {
        "n": 9852,
        "mean_loss": 1.8469927310943604
      }
    },
    "8": {
      "wordfreq_range": [
        1921.0,
        12232.0
      ],
      "word_initial": {
        "n": 67098,
        "mean_loss": 2.4343905448913574
      },
      "word_continuation": {
        "n": 10663,
        "mean_loss": 0.44012004137039185
      }
    },
    "9": {
      "wordfreq_range": [
        12232.0,
        32424.0
      ],
      "word_initial": {
        "n": 94053,
        "mean_loss": 1.6073890924453735
      },
      "word_continuation": {
        "n": 99,
        "mean_loss": 3.575960397720337
      }
    }
  },
  "by_position_multitokenonly": {
    "word_initial": {
      "n": 160236,
      "mean_loss": 5.4843010902404785
    },
    "word_continuation": {
      "n": 260882,
      "mean_loss": 2.931654691696167
    }
  },
  "by_wordlen_position": {
    "len2_init": {
      "n": 95070,
      "mean_loss": 5.500146865844727
    },
    "len2_cont": {
      "n": 48080,
      "mean_loss": 3.079000473022461
    },
    "len3_init": {
      "n": 30676,
      "mean_loss": 6.665257453918457
    },
    "len3_cont": {
      "n": 57180,
      "mean_loss": 3.12042236328125
    },
    "len4plus_init": {
      "n": 34490,
      "mean_loss": 4.390257835388184
    },
    "len4plus_cont": {
      "n": 155622,
      "mean_loss": 2.8167731761932373
    }
  },
  "by_wordfreqdecile_position_multitokenonly": {
    "0": {
      "wordfreq_range": [
        1.0,
        1.0
      ],
      "word_initial": {
        "n": 0,
        "mean_loss": null
      },
      "word_continuation": {
        "n": 0,
        "mean_loss": null
      }
    },
    "1": {
      "wordfreq_range": [
        1.0,
        1.0
      ],
      "word_initial": {
        "n": 0,
        "mean_loss": null
      },
      "word_continuation": {
        "n": 0,