{
  "model": "EleutherAI/pythia-1.4b",
  "n_pred_tokens": 1233738,
  "overall_mean_loss": 2.0356781482696533,
  "by_position": {
    "word_initial": {
      "n": 580174,
      "mean_loss": 2.978764772415161
    },
    "word_continuation": {
      "n": 273221,
      "mean_loss": 1.3026683330535889
    },
    "other": {
      "n": 380343,
      "mean_loss": 1.1236571073532104
    }
  },
  "by_depth": {
    "0_initial": {
      "n": 580174,
      "mean_loss": 2.978764772415161
    },
    "1": {
      "n": 111688,
      "mean_loss": 1.7702120542526245
    },
    "2": {
      "n": 65341,
      "mean_loss": 1.2238109111785889
    },
    "3plus": {
      "n": 96192,
      "mean_loss": 0.8133716583251953
    }
  },
  "by_seqband_position": {
    "early_lt128": {
      "word_initial": {
        "n": 72585,
        "mean_loss": 3.3871870040893555
      },
      "word_continuation": {
        "n": 34258,
        "mean_loss": 1.7975558042526245
      }
    },
    "mid": {
      "word_initial": {
        "n": 362211,
        "mean_loss": 2.9304797649383545
      },
      "word_continuation": {
        "n": 171078,
        "mean_loss": 1.2393072843551636
      }
    },
    "late": {
      "word_initial": {
        "n": 145378,
        "mean_loss": 2.895148992538452
      },
      "word_continuation": {
        "n": 67885,
        "mean_loss": 1.2126015424728394
      }
    }
  },
  "by_freqdecile_position": {
    "0": {
      "freq_range": [
        1.0,
        14.0
      ],
      "word_initial": {
        "n": 55046,
        "mean_loss": 5.210349082946777
      },
      "word_continuation": {
        "n": 29401,
        "mean_loss": 2.7848126888275146
      }
    },
    "1": {
      "freq_range": [
        14.0,
        35.0
      ],
      "word_initial": {
        "n": 55500,
        "mean_loss": 4.312610149383545
      },
      "word_continuation": {
        "n": 29716,
        "mean_loss": 1.867380976676941
      }
    },
    "2": {
      "freq_range": [
        35.0,
        69.0
      ],
      "word_initial": {
        "n": 55345,
        "mean_loss": 3.9990220069885254
      },
      "word_continuation": {
        "n": 28638,
        "mean_loss": 1.4869338274002075
      }
    },
    "3": {
      "freq_range": [
        69.0,
        129.0
      ],
      "word_initial": {
        "n": 55452,
        "mean_loss": 3.6091084480285645
      },
      "word_continuation": {
        "n": 32230,
        "mean_loss": 1.177357792854309
      }
    },
    "4": {
      "freq_range": [
        129.0,
        235.0
      ],
      "word_initial": {
        "n": 50479,
        "mean_loss": 3.3902587890625
      },
      "word_continuation": {
        "n": 34160,
        "mean_loss": 0.9968066215515137
      }
    },
    "5": {
      "freq_range": [
        235.0,
        465.0
      ],
      "word_initial": {
        "n": 56546,
        "mean_loss": 2.971320867538452
      },
      "word_continuation": {
        "n": 29155,
        "mean_loss": 0.8500499725341797
      }
    },
    "6": {
      "freq_range": [
        465.0,
        982.0
      ],
      "word_initial": {
        "n": 52215,
        "mean_loss": 2.594028949737549
      },
      "word_continuation": {
        "n": 32724,
        "mean_loss": 1.1490520238876343
      }
    },
    "7": {
      "freq_range": [
        982.0,
        2871.0
      ],
      "word_initial": {
        "n": 51711,
        "mean_loss": 2.177328586578369
      },
      "word_continuation": {
        "n": 33872,
        "mean_loss": 1.0291402339935303
      }
    },
    "8": {
      "freq_range": [
        2871.0,
        12358.0
      ],
      "word_initial": {
        "n": 53459,
        "mean_loss": 1.5477062463760376
      },
      "word_continuation": {
        "n": 23325,
        "mean_loss": 0.2883245348930359
      }
    },
    "9": {
      "freq_range": [
        12358.0,
        32401.0
      ],
      "word_initial": {
        "n": 94421,
        "mean_loss": 1.1719205379486084
      },
      "word_continuation": {
        "n": 0,
        "mean_loss": null
      }
    }
  },
  "by_wordfreqdecile_position": {
    "0": {
      "wordfreq_range": [
        1.0,
        1.0
      ],
      "word_initial": {
        "n": 0,
        "mean_loss": null
      },
      "word_continuation": {
        "n": 0,
        "mean_loss": null
      }
    },
    "1": {
      "wordfreq_range": [
        1.0,
        2.0
      ],
      "word_initial": {
        "n": 44485,
        "mean_loss": 4.5124382972717285
      },
      "word_continuation": {
        "n": 116216,
        "mean_loss": 1.6646958589553833
      }
    },
    "2": {
      "wordfreq_range": [
        2.0,
        5.0
      ],
      "word_initial": {
        "n": 44810,
        "mean_loss": 4.382277965545654
      },
      "word_continuation": {
        "n": 50251,
        "mean_loss": 1.2508057355880737
      }
    },
    "3": {
      "wordfreq_range": [
        5.0,
        12.0
      ],
      "word_initial": {
        "n": 48494,
        "mean_loss": 4.139106273651123
      },
      "word_continuation": {
        "n": 30269,
        "mean_loss": 0.9139233827590942
      }
    },
    "4": {
      "wordfreq_range": [
        12.0,
        32.0
      ],
      "word_initial": {
        "n": 64423,
        "mean_loss": 3.7793519496917725
      },
      "word_continuation": {
        "n": 26797,
        "mean_loss": 0.8821449875831604
      }
    },
    "5": {
      "wordfreq_range": [
        32.0,
        86.0
      ],
      "word_initial": {
        "n": 66555,
        "mean_loss": 3.490311622619629
      },
      "word_continuation": {
        "n": 19470,
        "mean_loss": 0.8872472047805786
      }
    },
    "6": {
      "wordfreq_range": [
        86.0,
        270.0
      ],
      "word_initial": {
        "n": 72729,
        "mean_loss": 3.1386823654174805
      },
      "word_continuation": {
        "n": 12697,
        "mean_loss": 1.1682976484298706
      }
    },
    "7": {
      "wordfreq_range": [
        270.0,
        1543.0
      ],
      "word_initial": {
        "n": 74750,
        "mean_loss": 2.4840049743652344
      },
      "word_continuation": {
        "n": 9698,
        "mean_loss": 0.9589537382125854
      }
    },
    "8": {
      "wordfreq_range": [
        1543.0,
        12226.0
      ],
      "word_initial": {
        "n": 69897,
        "mean_loss": 1.8742612600326538
      },
      "word_continuation": {
        "n": 7724,
        "mean_loss": 0.8611399531364441
      }
    },
    "9": {
      "wordfreq_range": [
        12226.0,
        32419.0
      ],
      "word_initial": {
        "n": 94031,
        "mean_loss": 1.1660165786743164
      },
      "word_continuation": {
        "n": 99,
        "mean_loss": 2.3783092498779297
      }
    }
  },
  "by_position_multitokenonly": {
    "word_initial": {
      "n": 159601,
      "mean_loss": 3.506448984146118
    },
    "word_continuation": {
      "n": 273221,
      "mean_loss": 1.3026683330535889
    }
  },
  "by_wordlen_position": {
    "len2_init": {
      "n": 96521,
      "mean_loss": 3.353076696395874
    },
    "len2_cont": {
      "n": 53079,
      "mean_loss": 1.5736325979232788
    },
    "len3_init": {
      "n": 33069,
      "mean_loss": 4.1920061111450195
    },
    "len3_cont": {
      "n": 61634,
      "mean_loss": 1.360194206237793
    },
    "len4plus_init": {
      "n": 30011,
      "mean_loss": 3.244309186935425
    },
    "len4plus_cont": {
      "n": 158508,
      "mean_loss": 1.189563274383545
    }
  },
  "by_wordfreqdecile_position_multitokenonly": {
    "0": {
      "wordfreq_range": [
        1.0,
        1.0
      ],
      "word_initial": {
        "n": 0,
        "mean_loss": null
      },
      "word_continuation": {
        "n": 0,
        "mean_loss": null
      }
    },
    "1": {
      "wordfreq_range": [
        1.0,
        1.0
      ],
      "word_initial": {
        "n": 0,
        "mean_loss": null
      },
      "word_continuation": {
        "n": 0,