{
  "model": "EleutherAI/pythia-6.9b",
  "n_pred_tokens": 1233738,
  "overall_mean_loss": 2.0987963676452637,
  "by_position": {
    "word_initial": {
      "n": 580174,
      "mean_loss": 3.0470774173736572
    },
    "word_continuation": {
      "n": 273221,
      "mean_loss": 1.3755916357040405
    },
    "other": {
      "n": 380343,
      "mean_loss": 1.1718122959136963
    }
  },
  "by_depth": {
    "0_initial": {
      "n": 580174,
      "mean_loss": 3.0470774173736572
    },
    "1": {
      "n": 111688,
      "mean_loss": 1.846627950668335
    },
    "2": {
      "n": 65341,
      "mean_loss": 1.3034040927886963
    },
    "3plus": {
      "n": 96192,
      "mean_loss": 0.8777090907096863
    }
  },
  "by_seqband_position": {
    "early_lt128": {
      "word_initial": {
        "n": 72585,
        "mean_loss": 3.453885555267334
      },
      "word_continuation": {
        "n": 34258,
        "mean_loss": 1.8925479650497437
      }
    },
    "mid": {
      "word_initial": {
        "n": 362211,
        "mean_loss": 2.999662399291992
      },
      "word_continuation": {
        "n": 171078,
        "mean_loss": 1.3102619647979736
      }
    },
    "late": {
      "word_initial": {
        "n": 145378,
        "mean_loss": 2.96209979057312
      },
      "word_continuation": {
        "n": 67885,
        "mean_loss": 1.2793492078781128
      }
    }
  },
  "by_freqdecile_position": {
    "0": {
      "freq_range": [
        1.0,
        14.0
      ],
      "word_initial": {
        "n": 55046,
        "mean_loss": 5.343844413757324
      },
      "word_continuation": {
        "n": 29401,
        "mean_loss": 2.9151768684387207
      }
    },
    "1": {
      "freq_range": [
        14.0,
        35.0
      ],
      "word_initial": {
        "n": 55500,
        "mean_loss": 4.407915115356445
      },
      "word_continuation": {
        "n": 29716,
        "mean_loss": 1.9723892211914062
      }
    },
    "2": {
      "freq_range": [
        35.0,
        69.0
      ],
      "word_initial": {
        "n": 55345,
        "mean_loss": 4.082509517669678
      },
      "word_continuation": {
        "n": 28638,
        "mean_loss": 1.5848008394241333
      }
    },
    "3": {
      "freq_range": [
        69.0,
        129.0
      ],
      "word_initial": {
        "n": 55452,
        "mean_loss": 3.6976046562194824
      },
      "word_continuation": {
        "n": 32230,
        "mean_loss": 1.2586628198623657
      }
    },
    "4": {
      "freq_range": [
        129.0,
        235.0
      ],
      "word_initial": {
        "n": 50479,
        "mean_loss": 3.476684808731079
      },
      "word_continuation": {
        "n": 34160,
        "mean_loss": 1.0498379468917847
      }
    },
    "5": {
      "freq_range": [
        235.0,
        465.0
      ],
      "word_initial": {
        "n": 56546,
        "mean_loss": 3.0328917503356934
      },
      "word_continuation": {
        "n": 29155,
        "mean_loss": 0.8926630616188049
      }
    },
    "6": {
      "freq_range": [
        465.0,
        982.0
      ],
      "word_initial": {
        "n": 52215,
        "mean_loss": 2.6565728187561035
      },
      "word_continuation": {
        "n": 32724,
        "mean_loss": 1.2222766876220703
      }
    },
    "7": {
      "freq_range": [
        982.0,
        2871.0
      ],
      "word_initial": {
        "n": 51711,
        "mean_loss": 2.2409508228302
      },
      "word_continuation": {
        "n": 33872,
        "mean_loss": 1.0828431844711304
      }
    },
    "8": {
      "freq_range": [
        2871.0,
        12358.0
      ],
      "word_initial": {
        "n": 53459,
        "mean_loss": 1.5699023008346558
      },
      "word_continuation": {
        "n": 23325,
        "mean_loss": 0.3002680540084839
      }
    },
    "9": {
      "freq_range": [
        12358.0,
        32401.0
      ],
      "word_initial": {
        "n": 94421,
        "mean_loss": 1.191840648651123
      },
      "word_continuation": {
        "n": 0,
        "mean_loss": null
      }
    }
  },
  "by_wordfreqdecile_position": {
    "0": {
      "wordfreq_range": [
        1.0,
        1.0
      ],
      "word_initial": {
        "n": 0,
        "mean_loss": null
      },
      "word_continuation": {
        "n": 0,
        "mean_loss": null
      }
    },
    "1": {
      "wordfreq_range": [
        1.0,
        2.0
      ],
      "word_initial": {
        "n": 44485,
        "mean_loss": 4.618771076202393
      },
      "word_continuation": {
        "n": 116216,
        "mean_loss": 1.754152774810791
      }
    },
    "2": {
      "wordfreq_range": [
        2.0,
        5.0
      ],
      "word_initial": {
        "n": 44810,
        "mean_loss": 4.504519462585449
      },
      "word_continuation": {
        "n": 50251,
        "mean_loss": 1.3291442394256592
      }
    },
    "3": {
      "wordfreq_range": [
        5.0,
        12.0
      ],
      "word_initial": {
        "n": 48494,
        "mean_loss": 4.246459484100342
      },
      "word_continuation": {
        "n": 30269,
        "mean_loss": 0.9749693870544434
      }
    },
    "4": {
      "wordfreq_range": [
        12.0,
        32.0
      ],
      "word_initial": {
        "n": 64423,
        "mean_loss": 3.875744581222534
      },
      "word_continuation": {
        "n": 26797,
        "mean_loss": 0.926116943359375
      }
    },
    "5": {
      "wordfreq_range": [
        32.0,
        86.0
      ],
      "word_initial": {
        "n": 66555,
        "mean_loss": 3.563455581665039
      },
      "word_continuation": {
        "n": 19470,
        "mean_loss": 0.9381206631660461
      }
    },
    "6": {
      "wordfreq_range": [
        86.0,
        270.0
      ],
      "word_initial": {
        "n": 72729,
        "mean_loss": 3.2052998542785645
      },
      "word_continuation": {
        "n": 12697,
        "mean_loss": 1.2141404151916504
      }
    },
    "7": {
      "wordfreq_range": [
        270.0,
        1543.0
      ],
      "word_initial": {
        "n": 74750,
        "mean_loss": 2.5394504070281982
      },
      "word_continuation": {
        "n": 9698,
        "mean_loss": 1.0206202268600464
      }
    },
    "8": {
      "wordfreq_range": [
        1543.0,
        12226.0
      ],
      "word_initial": {
        "n": 69897,
        "mean_loss": 1.9067326784133911
      },
      "word_continuation": {
        "n": 7724,
        "mean_loss": 0.9075613617897034
      }
    },
    "9": {
      "wordfreq_range": [
        12226.0,
        32419.0
      ],
      "word_initial": {
        "n": 94031,
        "mean_loss": 1.186031699180603
      },
      "word_continuation": {
        "n": 99,
        "mean_loss": 2.741795778274536
      }
    }
  },
  "by_position_multitokenonly": {
    "word_initial": {
      "n": 159601,
      "mean_loss": 3.6121108531951904
    },
    "word_continuation": {
      "n": 273221,
      "mean_loss": 1.3755916357040405
    }
  },
  "by_wordlen_position": {
    "len2_init": {
      "n": 96521,
      "mean_loss": 3.453852891921997
    },
    "len2_cont": {
      "n": 53079,
      "mean_loss": 1.6393413543701172
    },
    "len3_init": {
      "n": 33069,
      "mean_loss": 4.298641681671143
    },
    "len3_cont": {
      "n": 61634,
      "mean_loss": 1.424729347229004
    },
    "len4plus_init": {
      "n": 30011,
      "mean_loss": 3.364614963531494
    },
    "len4plus_cont": {
      "n": 158508,
      "mean_loss": 1.268164038658142
    }
  },
  "by_wordfreqdecile_position_multitokenonly": {
    "0": {
      "wordfreq_range": [
        1.0,
        1.0
      ],
      "word_initial": {
        "n": 0,
        "mean_loss": null
      },
      "word_continuation": {
        "n": 0,
        "mean_loss": null
      }
    },
    "1": {
      "wordfreq_range": [
        1.0,
        1.0
      ],
      "word_initial": {
        "n": 0,
        "mean_loss": null
      },
      "word_continuation": {
        "n": 0,